workflow_id,specialty_id,chip_id,group,chip_text,order,search_terms,tags
gp-fever-urti,General Medicine / GP,gp-fever-urti-s1,symptoms,fever,1,"fever, pyrexia",acute
gp-fever-urti,General Medicine / GP,gp-fever-urti-s2,symptoms,cough,2,"cough, dry cough",acute
gp-fever-urti,General Medicine / GP,gp-fever-urti-s3,symptoms,sore throat,3,"sore throat, throat pain",acute
gp-fever-urti,General Medicine / GP,gp-fever-urti-s4,symptoms,runny nose,4,"runny nose, rhinorrhea",acute
gp-fever-urti,General Medicine / GP,gp-fever-urti-s5,symptoms,nasal congestion,5,"nasal congestion, blocked nose",acute
gp-fever-urti,General Medicine / GP,gp-fever-urti-s6,symptoms,body aches,6,"body aches, myalgia, muscle pain",acute
gp-fever-urti,General Medicine / GP,gp-fever-urti-s7,symptoms,chills,7,"chills, rigors",acute
gp-fever-urti,General Medicine / GP,gp-fever-urti-s8,symptoms,headache,8,headache,acute
gp-fever-urti,General Medicine / GP,gp-fever-urti-s9,symptoms,fatigue,9,"fatigue, malaise",acute
gp-fever-urti,General Medicine / GP,gp-fever-urti-s10,symptoms,decreased appetite,10,decreased appetite,acute
gp-fever-urti,General Medicine / GP,gp-fever-urti-s11,symptoms,sneezing,11,"sneezing, sneezing fits",acute
gp-fever-urti,General Medicine / GP,gp-fever-urti-n12,relevant_negatives,no shortness of breath,12,"no SOB, no dyspnea",respiratory
gp-fever-urti,General Medicine / GP,gp-fever-urti-n13,relevant_negatives,no chest pain,13,"no CP, no chest pain",cardiac
gp-fever-urti,General Medicine / GP,gp-fever-urti-n14,relevant_negatives,no neck stiffness,14,no neck stiffness,neuro
gp-fever-urti,General Medicine / GP,gp-fever-urti-n15,relevant_negatives,no persistent vomiting,15,no vomiting,gi
gp-fever-urti,General Medicine / GP,gp-fever-urti-n16,relevant_negatives,no confusion,16,no confusion,neuro
gp-fever-urti,General Medicine / GP,gp-fever-urti-n17,relevant_negatives,no rash,17,"no rash, no skin rash",dermatology
gp-fever-urti,General Medicine / GP,gp-fever-urti-n18,relevant_negatives,no ear pain,18,no ear pain,ent
gp-fever-urti,General Medicine / GP,gp-fever-urti-n19,relevant_negatives,no urinary symptoms,19,no dysuria,renal
gp-fever-urti,General Medicine / GP,gp-fever-urti-e20,exam_findings,afebrile,20,afebrile,vitals
gp-fever-urti,General Medicine / GP,gp-fever-urti-e21,exam_findings,febrile,21,"febrile, temp elevated",vitals
gp-fever-urti,General Medicine / GP,gp-fever-urti-e22,exam_findings,throat congested,22,pharyngeal erythema,ent
gp-fever-urti,General Medicine / GP,gp-fever-urti-e23,exam_findings,tonsils normal,23,tonsils normal,ent
gp-fever-urti,General Medicine / GP,gp-fever-urti-e24,exam_findings,tonsillar exudate,24,tonsillar exudate,ent
gp-fever-urti,General Medicine / GP,gp-fever-urti-e25,exam_findings,cervical lymphadenopathy,25,"cervical LNs, tender nodes",ent
gp-fever-urti,General Medicine / GP,gp-fever-urti-e26,exam_findings,chest clear on auscultation,26,"chest clear, lungs clear",respiratory
gp-fever-urti,General Medicine / GP,gp-fever-urti-e27,exam_findings,wheezes,27,"wheezes, expiratory wheeze",respiratory
gp-fever-urti,General Medicine / GP,gp-fever-urti-e28,exam_findings,no respiratory distress,28,no RD,respiratory
gp-fever-urti,General Medicine / GP,gp-fever-urti-e29,exam_findings,hydration adequate,29,"good hydration, moist mm",general
gp-fever-urti,General Medicine / GP,gp-fever-urti-e30,exam_findings,decreased skin turgor,30,"dry, dehydration",general
gp-fever-urti,General Medicine / GP,gp-fever-urti-r31,red_flags,breathing difficulty,31,"dyspnea, distress","respiratory,high_safety"
gp-fever-urti,General Medicine / GP,gp-fever-urti-r32,red_flags,persistent high fever,32,high fever >3 days,"acute,high_safety"
gp-fever-urti,General Medicine / GP,gp-fever-urti-r33,red_flags,confusion,33,"confusion, drowsy","neuro,high_safety"
gp-fever-urti,General Medicine / GP,gp-fever-urti-r34,red_flags,neck stiffness,34,"neck stiffness, meningism","neuro,high_safety"
gp-fever-urti,General Medicine / GP,gp-fever-urti-r35,red_flags,dehydration,35,dehydration signs,"general,high_safety"
gp-fever-urti,General Medicine / GP,gp-fever-urti-r36,red_flags,immunocompromised state,36,immunocompromised,"chronic,high_safety"
gp-fever-urti,General Medicine / GP,gp-fever-urti-r37,red_flags,petechial rash,37,"petechiae, non-blanching","dermatology,high_safety"
gp-fever-urti,General Medicine / GP,gp-fever-urti-p38,plan_phrases,supportive care discussed,38,"supportive care, symptomatic",plan
gp-fever-urti,General Medicine / GP,gp-fever-urti-p39,plan_phrases,hydration advised,39,"fluids, stay hydrated",plan
gp-fever-urti,General Medicine / GP,gp-fever-urti-p40,plan_phrases,rest advised,40,"rest, take it easy",plan
gp-fever-urti,General Medicine / GP,gp-fever-urti-p41,plan_phrases,antipyretic use as per clinician plan,41,"antipyretic, fever med",plan
gp-fever-urti,General Medicine / GP,gp-fever-urti-p42,plan_phrases,return precautions discussed,42,"return precautions, warning signs",plan
gp-fever-urti,General Medicine / GP,gp-fever-urti-p43,plan_phrases,sick leave advised,43,sick leave,plan
gp-fever-urti,General Medicine / GP,gp-fever-urti-f44,follow_up,3 days if not improving,44,"3 days, 72h",followup
gp-fever-urti,General Medicine / GP,gp-fever-urti-f45,follow_up,sooner if worsening,45,sooner,followup
gp-cough,General Medicine / GP,gp-cough-s1,symptoms,cough,1,cough,acute
gp-cough,General Medicine / GP,gp-cough-s2,symptoms,dry cough,2,"dry cough, non-productive",acute
gp-cough,General Medicine / GP,gp-cough-s3,symptoms,productive cough,3,"productive cough, sputum",acute
gp-cough,General Medicine / GP,gp-cough-s4,symptoms,sputum color noted,4,"sputum color, green, yellow",acute
gp-cough,General Medicine / GP,gp-cough-s5,symptoms,cough duration,5,how long cough,acute
gp-cough,General Medicine / GP,gp-cough-s6,symptoms,fever,6,fever,acute
gp-cough,General Medicine / GP,gp-cough-s7,symptoms,shortness of breath,7,"SOB, dyspnea",respiratory
gp-cough,General Medicine / GP,gp-cough-s8,symptoms,wheeze,8,wheeze,respiratory
gp-cough,General Medicine / GP,gp-cough-s9,symptoms,chest pain,9,"chest pain, pleuritic",respiratory
gp-cough,General Medicine / GP,gp-cough-s10,symptoms,postnasal drip,10,postnasal drip,ent
gp-cough,General Medicine / GP,gp-cough-n11,relevant_negatives,no hemoptysis,11,no blood in sputum,respiratory
gp-cough,General Medicine / GP,gp-cough-n12,relevant_negatives,no fever,12,no fever,acute
gp-cough,General Medicine / GP,gp-cough-n13,relevant_negatives,no SOB,13,no SOB,respiratory
gp-cough,General Medicine / GP,gp-cough-n14,relevant_negatives,no chest pain,14,no CP,cardiac
gp-cough,General Medicine / GP,gp-cough-n15,relevant_negatives,no night sweats,15,no night sweats,general
gp-cough,General Medicine / GP,gp-cough-n16,relevant_negatives,no weight loss,16,no weight loss,general
gp-cough,General Medicine / GP,gp-cough-n17,relevant_negatives,no hoarseness,17,no voice change,ent
gp-cough,General Medicine / GP,gp-cough-e18,exam_findings,chest clear,18,"chest clear, lungs clear",respiratory
gp-cough,General Medicine / GP,gp-cough-e19,exam_findings,wheezes,19,wheezes,respiratory
gp-cough,General Medicine / GP,gp-cough-e20,exam_findings,rhonchi,20,"rhonchi, coarse breath sounds",respiratory
gp-cough,General Medicine / GP,gp-cough-e21,exam_findings,crackles,21,"crackles, crepitations",respiratory
gp-cough,General Medicine / GP,gp-cough-e22,exam_findings,prolonged expiration,22,prolonged expiration,respiratory
gp-cough,General Medicine / GP,gp-cough-e23,exam_findings,no respiratory distress,23,no RD,respiratory
gp-cough,General Medicine / GP,gp-cough-e24,exam_findings,afebrile,24,afebrile,vitals
gp-cough,General Medicine / GP,gp-cough-e25,exam_findings,febrile,25,febrile,vitals
gp-cough,General Medicine / GP,gp-cough-e26,exam_findings,oropharynx clear,26,oropharynx clear,ent
gp-cough,General Medicine / GP,gp-cough-r27,red_flags,hemoptysis,27,coughing blood,"respiratory,high_safety"
gp-cough,General Medicine / GP,gp-cough-r28,red_flags,significant dyspnea,28,moderate to severe SOB,"respiratory,high_safety"
gp-cough,General Medicine / GP,gp-cough-r29,red_flags,persistent fever >3 days,29,persistent fever,"acute,high_safety"
gp-cough,General Medicine / GP,gp-cough-r30,red_flags,immunocompromised,30,immunocompromised,"chronic,high_safety"
gp-cough,General Medicine / GP,gp-cough-r31,red_flags,significant weight loss,31,unexplained weight loss,"general,high_safety"
gp-cough,General Medicine / GP,gp-cough-r32,red_flags,recurrent pneumonia,32,recurrent chest infection,"respiratory,high_safety"
gp-cough,General Medicine / GP,gp-cough-p33,plan_phrases,supportive care discussed,33,supportive care,plan
gp-cough,General Medicine / GP,gp-cough-p34,plan_phrases,cough suppressant per clinician plan,34,cough suppressant,plan
gp-cough,General Medicine / GP,gp-cough-p35,plan_phrases,hydration advised,35,"hydrate, fluids",plan
gp-cough,General Medicine / GP,gp-cough-p36,plan_phrases,return precautions discussed,36,return precautions,plan
gp-cough,General Medicine / GP,gp-cough-p37,plan_phrases,smoking cessation advised,37,stop smoking,plan
gp-cough,General Medicine / GP,gp-cough-f38,follow_up,1-2 weeks if not improving,38,1-2 weeks,followup
gp-cough,General Medicine / GP,gp-cough-f39,follow_up,sooner if worsening,39,sooner,followup
gp-sore-throat,General Medicine / GP,gp-sore-throat-s1,symptoms,sore throat,1,"sore throat, throat pain",acute
gp-sore-throat,General Medicine / GP,gp-sore-throat-s2,symptoms,painful swallowing,2,odynophagia,acute
gp-sore-throat,General Medicine / GP,gp-sore-throat-s3,symptoms,fever,3,fever,acute
gp-sore-throat,General Medicine / GP,gp-sore-throat-s4,symptoms,cough,4,cough,acute
gp-sore-throat,General Medicine / GP,gp-sore-throat-s5,symptoms,runny nose,5,runny nose,acute
gp-sore-throat,General Medicine / GP,gp-sore-throat-s6,symptoms,headache,6,headache,acute
gp-sore-throat,General Medicine / GP,gp-sore-throat-s7,symptoms,body aches,7,myalgia,acute
gp-sore-throat,General Medicine / GP,gp-sore-throat-s8,symptoms,swollen glands,8,"swollen glands, neck lumps",ent
gp-sore-throat,General Medicine / GP,gp-sore-throat-s9,symptoms,voice change,9,"hoarseness, muffled",ent
gp-sore-throat,General Medicine / GP,gp-sore-throat-n10,relevant_negatives,no drooling,10,no drooling,ent
gp-sore-throat,General Medicine / GP,gp-sore-throat-n11,relevant_negatives,no breathing difficulty,11,no stridor,respiratory
gp-sore-throat,General Medicine / GP,gp-sore-throat-n12,relevant_negatives,no neck swelling,12,no neck mass,ent
gp-sore-throat,General Medicine / GP,gp-sore-throat-n13,relevant_negatives,no rash,13,no rash,dermatology
gp-sore-throat,General Medicine / GP,gp-sore-throat-n14,relevant_negatives,no cough,14,no cough,respiratory
gp-sore-throat,General Medicine / GP,gp-sore-throat-n15,relevant_negatives,no ear pain,15,no ear pain,ent
gp-sore-throat,General Medicine / GP,gp-sore-throat-e16,exam_findings,oropharynx erythematous,16,pharyngeal erythema,ent
gp-sore-throat,General Medicine / GP,gp-sore-throat-e17,exam_findings,tonsillar exudate,17,"exudate, white patches",ent
gp-sore-throat,General Medicine / GP,gp-sore-throat-e18,exam_findings,tonsils enlarged,18,swollen tonsils,ent
gp-sore-throat,General Medicine / GP,gp-sore-throat-e19,exam_findings,oropharynx clear,19,normal throat,ent
gp-sore-throat,General Medicine / GP,gp-sore-throat-e20,exam_findings,tender cervical LNs,20,cervical LNs tender,ent
gp-sore-throat,General Medicine / GP,gp-sore-throat-e21,exam_findings,afebrile,21,afebrile,vitals
gp-sore-throat,General Medicine / GP,gp-sore-throat-e22,exam_findings,febrile,22,febrile,vitals
gp-sore-throat,General Medicine / GP,gp-sore-throat-e23,exam_findings,no respiratory distress,23,no RD,respiratory
gp-sore-throat,General Medicine / GP,gp-sore-throat-r24,red_flags,drooling,24,drooling,"ent,high_safety"
gp-sore-throat,General Medicine / GP,gp-sore-throat-r25,red_flags,stridor,25,stridor,"respiratory,high_safety"
gp-sore-throat,General Medicine / GP,gp-sore-throat-r26,red_flags,trismus,26,trismus,"ent,high_safety"
gp-sore-throat,General Medicine / GP,gp-sore-throat-r27,red_flags,muffled voice,27,hot potato voice,"ent,high_safety"
gp-sore-throat,General Medicine / GP,gp-sore-throat-r28,red_flags,airway compromise signs,28,airway concern,"respiratory,high_safety"
gp-sore-throat,General Medicine / GP,gp-sore-throat-i29,investigations,rapid strep test done,29,"rapid strep, RADT",investigations
gp-sore-throat,General Medicine / GP,gp-sore-throat-i30,investigations,throat swab sent,30,throat culture,investigations
gp-sore-throat,General Medicine / GP,gp-sore-throat-p31,plan_phrases,symptomatic treatment discussed,31,symptomatic,plan
gp-sore-throat,General Medicine / GP,gp-sore-throat-p32,plan_phrases,hydration advised,32,fluids,plan
gp-sore-throat,General Medicine / GP,gp-sore-throat-p33,plan_phrases,analgesics per clinician plan,33,pain relief,plan
gp-sore-throat,General Medicine / GP,gp-sore-throat-p34,plan_phrases,return precautions discussed,34,return precautions,plan
gp-sore-throat,General Medicine / GP,gp-sore-throat-p35,plan_phrases,sick leave advised,35,sick leave,plan
gp-sore-throat,General Medicine / GP,gp-sore-throat-f36,follow_up,1 week if not improving,36,1 week,followup
gp-sore-throat,General Medicine / GP,gp-sore-throat-f37,follow_up,sooner if worsening,37,sooner,followup
gp-headache,General Medicine / GP,gp-headache-s1,symptoms,headache,1,headache,acute
gp-headache,General Medicine / GP,gp-headache-s2,symptoms,headache location,2,"frontal, occipital, bitemporal",acute
gp-headache,General Medicine / GP,gp-headache-s3,symptoms,throbbing pain,3,"throbbing, pulsating",acute
gp-headache,General Medicine / GP,gp-headache-s4,symptoms,pressure type pain,4,"pressure, tight band",acute
gp-headache,General Medicine / GP,gp-headache-s5,symptoms,duration of headache,5,how long,acute
gp-headache,General Medicine / GP,gp-headache-s6,symptoms,frequency of headaches,6,how often,chronic
gp-headache,General Medicine / GP,gp-headache-s7,symptoms,photophobia,7,light sensitivity,neuro
gp-headache,General Medicine / GP,gp-headache-s8,symptoms,phonophobia,8,sound sensitivity,neuro
gp-headache,General Medicine / GP,gp-headache-s9,symptoms,nausea,9,nausea,gi
gp-headache,General Medicine / GP,gp-headache-s10,symptoms,vomiting,10,vomiting,gi
gp-headache,General Medicine / GP,gp-headache-s11,symptoms,visual aura,11,aura,neuro
gp-headache,General Medicine / GP,gp-headache-s12,symptoms,neck stiffness,12,stiff neck,neuro
gp-headache,General Medicine / GP,gp-headache-n13,relevant_negatives,no aura,13,no aura,neuro
gp-headache,General Medicine / GP,gp-headache-n14,relevant_negatives,no weakness,14,no limb weakness,neuro
gp-headache,General Medicine / GP,gp-headache-n15,relevant_negatives,no seizure,15,no seizure,neuro
gp-headache,General Medicine / GP,gp-headache-n16,relevant_negatives,no speech difficulty,16,no dysarthria,neuro
gp-headache,General Medicine / GP,gp-headache-n17,relevant_negatives,no vision loss,17,no vision loss,neuro
gp-headache,General Medicine / GP,gp-headache-n18,relevant_negatives,no neck stiffness,18,no neck stiffness,neuro
gp-headache,General Medicine / GP,gp-headache-n19,relevant_negatives,no fever,19,no fever,acute
gp-headache,General Medicine / GP,gp-headache-e20,exam_findings,alert and oriented,20,A&O,neuro
gp-headache,General Medicine / GP,gp-headache-e21,exam_findings,no focal neurological deficit,21,no focal deficit,neuro
gp-headache,General Medicine / GP,gp-headache-e22,exam_findings,fundoscopy normal,22,fundi normal,ophthalmology
gp-headache,General Medicine / GP,gp-headache-e23,exam_findings,neck supple,23,neck supple,neuro
gp-headache,General Medicine / GP,gp-headache-e24,exam_findings,BP normal,24,BP normal,vitals
gp-headache,General Medicine / GP,gp-headache-e25,exam_findings,BP elevated,25,BP high,vitals
gp-headache,General Medicine / GP,gp-headache-r26,red_flags,sudden severe headache,26,thunderclap,"neuro,high_safety"
gp-headache,General Medicine / GP,gp-headache-r27,red_flags,neurological deficit,27,focal weakness,"neuro,high_safety"
gp-headache,General Medicine / GP,gp-headache-r28,red_flags,seizure with headache,28,seizure,"neuro,high_safety"
gp-headache,General Medicine / GP,gp-headache-r29,red_flags,fever with headache,29,"febrile, meningism","neuro,high_safety"
gp-headache,General Medicine / GP,gp-headache-r30,red_flags,headache after age 50 new onset,30,new headache elderly,"neuro,high_safety"
gp-headache,General Medicine / GP,gp-headache-r31,red_flags,headache with visual changes,31,visual disturbance,"ophthalmology,high_safety"
gp-headache,General Medicine / GP,gp-headache-r32,red_flags,headache with vomiting,32,vomiting,"gi,high_safety"
gp-headache,General Medicine / GP,gp-headache-p33,plan_phrases,analgesic use per clinician plan,33,analgesic,plan
gp-headache,General Medicine / GP,gp-headache-p34,plan_phrases,triptan use per clinician plan if migraine,34,triptan,plan
gp-headache,General Medicine / GP,gp-headache-p35,plan_phrases,rest in dark quiet room advised,35,rest,plan
gp-headache,General Medicine / GP,gp-headache-p36,plan_phrases,hydration advised,36,hydrate,plan
gp-headache,General Medicine / GP,gp-headache-p37,plan_phrases,headache diary advised,37,"headache diary, trigger tracking",plan
gp-headache,General Medicine / GP,gp-headache-p38,plan_phrases,return precautions discussed,38,return precautions,plan
gp-headache,General Medicine / GP,gp-headache-f39,follow_up,2 weeks if persistent,39,2 weeks,followup
gp-headache,General Medicine / GP,gp-headache-f40,follow_up,sooner if worsening,40,sooner,followup
gp-dizziness,General Medicine / GP,gp-dizziness-s1,symptoms,dizziness,1,"dizziness, lightheadedness",acute
gp-dizziness,General Medicine / GP,gp-dizziness-s2,symptoms,vertigo,2,"vertigo, spinning",acute
gp-dizziness,General Medicine / GP,gp-dizziness-s3,symptoms,feeling faint,3,"presyncope, near fainting",acute
gp-dizziness,General Medicine / GP,gp-dizziness-s4,symptoms,positional symptoms,4,triggered by head movement,vestibular
gp-dizziness,General Medicine / GP,gp-dizziness-s5,symptoms,unsteady gait,5,off balance,vestibular
gp-dizziness,General Medicine / GP,gp-dizziness-s6,symptoms,onset and duration,6,when started,acute
gp-dizziness,General Medicine / GP,gp-dizziness-s7,symptoms,nausea,7,nausea,gi
gp-dizziness,General Medicine / GP,gp-dizziness-s8,symptoms,vomiting,8,vomiting,gi
gp-dizziness,General Medicine / GP,gp-dizziness-s9,symptoms,tinnitus,9,"tinnitus, ringing ears",ent
gp-dizziness,General Medicine / GP,gp-dizziness-s10,symptoms,hearing change,10,hearing loss,ent
gp-dizziness,General Medicine / GP,gp-dizziness-n11,relevant_negatives,no syncope,11,no fainting,cardiac
gp-dizziness,General Medicine / GP,gp-dizziness-n12,relevant_negatives,no focal neurological symptoms,12,"no weakness, no stroke symptoms",neuro
gp-dizziness,General Medicine / GP,gp-dizziness-n13,relevant_negatives,no chest pain,13,no CP,cardiac
gp-dizziness,General Medicine / GP,gp-dizziness-n14,relevant_negatives,no palpitations,14,no palpitations,cardiac
gp-dizziness,General Medicine / GP,gp-dizziness-n15,relevant_negatives,no headache,15,no headache,neuro
gp-dizziness,General Medicine / GP,gp-dizziness-n16,relevant_negatives,no vision change,16,no vision change,ophthalmology
gp-dizziness,General Medicine / GP,gp-dizziness-e17,exam_findings,orthostatic vitals,17,BP lying standing,vitals
gp-dizziness,General Medicine / GP,gp-dizziness-e18,exam_findings,nystagmus,18,nystagmus,neuro
gp-dizziness,General Medicine / GP,gp-dizziness-e19,exam_findings,no nystagmus,19,no nystagmus,neuro
gp-dizziness,General Medicine / GP,gp-dizziness-e20,exam_findings,Dix-Hallpike positive,20,"Dix-Hallpike, positional test",vestibular
gp-dizziness,General Medicine / GP,gp-dizziness-e21,exam_findings,Dix-Hallpike negative,21,Dix-Hallpike negative,vestibular
gp-dizziness,General Medicine / GP,gp-dizziness-e22,exam_findings,neurological examination normal,22,neuro exam normal,neuro
gp-dizziness,General Medicine / GP,gp-dizziness-e23,exam_findings,gait normal,23,gait normal,neuro
gp-dizziness,General Medicine / GP,gp-dizziness-r24,red_flags,syncope,24,"fainting, LOC","cardiac,high_safety"
gp-dizziness,General Medicine / GP,gp-dizziness-r25,red_flags,focal neurological deficit,25,stroke symptoms,"neuro,high_safety"
gp-dizziness,General Medicine / GP,gp-dizziness-r26,red_flags,chest pain,26,CP,"cardiac,high_safety"
gp-dizziness,General Medicine / GP,gp-dizziness-r27,red_flags,palpitations,27,racing heart,"cardiac,high_safety"
gp-dizziness,General Medicine / GP,gp-dizziness-r28,red_flags,severe headache with dizziness,28,headache,"neuro,high_safety"
gp-dizziness,General Medicine / GP,gp-dizziness-r29,red_flags,sudden hearing loss,29,sudden deafness,"ent,high_safety"
gp-dizziness,General Medicine / GP,gp-dizziness-p30,plan_phrases,Epley maneuver performed,30,Epley,plan
gp-dizziness,General Medicine / GP,gp-dizziness-p31,plan_phrases,vestibular rehabilitation advised,31,vestibular rehab,plan
gp-dizziness,General Medicine / GP,gp-dizziness-p32,plan_phrases,symptomatic treatment per clinician,32,"symptomatic, vestibular suppressant",plan
gp-dizziness,General Medicine / GP,gp-dizziness-p33,plan_phrases,fall precautions discussed,33,fall prevention,plan
gp-dizziness,General Medicine / GP,gp-dizziness-p34,plan_phrases,return precautions discussed,34,return precautions,plan
gp-dizziness,General Medicine / GP,gp-dizziness-f35,follow_up,1-2 weeks,35,1-2 weeks,followup
gp-dizziness,General Medicine / GP,gp-dizziness-f36,follow_up,sooner if worsening,36,sooner,followup
gp-fatigue,General Medicine / GP,gp-fatigue-s1,symptoms,fatigue,1,"fatigue, tiredness",chronic
gp-fatigue,General Medicine / GP,gp-fatigue-s2,symptoms,duration of fatigue,2,how long,chronic
gp-fatigue,General Medicine / GP,gp-fatigue-s3,symptoms,low energy,3,"low energy, sluggish",chronic
gp-fatigue,General Medicine / GP,gp-fatigue-s4,symptoms,sleep quality,4,"sleep quality, poor sleep",chronic
gp-fatigue,General Medicine / GP,gp-fatigue-s5,symptoms,appetite changes,5,appetite,gi
gp-fatigue,General Medicine / GP,gp-fatigue-s6,symptoms,weight change,6,"weight loss, weight gain",general
gp-fatigue,General Medicine / GP,gp-fatigue-s7,symptoms,mood changes,7,"low mood, depression",psych
gp-fatigue,General Medicine / GP,gp-fatigue-s8,symptoms,exertional symptoms,8,SOB on exertion,cardiac
gp-fatigue,General Medicine / GP,gp-fatigue-s9,symptoms,pallor,9,pale,general
gp-fatigue,General Medicine / GP,gp-fatigue-s10,symptoms,dizziness,10,dizziness,cardiac
gp-fatigue,General Medicine / GP,gp-fatigue-n11,relevant_negatives,no weight loss,11,no weight loss,general
gp-fatigue,General Medicine / GP,gp-fatigue-n12,relevant_negatives,no fever,12,no fever,acute
gp-fatigue,General Medicine / GP,gp-fatigue-n13,relevant_negatives,no night sweats,13,no night sweats,general
gp-fatigue,General Medicine / GP,gp-fatigue-n14,relevant_negatives,no SOB,14,no SOB,cardiac
gp-fatigue,General Medicine / GP,gp-fatigue-n15,relevant_negatives,no chest pain,15,no CP,cardiac
gp-fatigue,General Medicine / GP,gp-fatigue-n16,relevant_negatives,no palpitations,16,no palpitations,cardiac
gp-fatigue,General Medicine / GP,gp-fatigue-n17,relevant_negatives,no bleeding,17,no GI bleed,gi
gp-fatigue,General Medicine / GP,gp-fatigue-n18,relevant_negatives,no suicidal thoughts,18,no SI,"psych,high_safety"
gp-fatigue,General Medicine / GP,gp-fatigue-e19,exam_findings,pallor,19,"pale, conjunctival pallor",general
gp-fatigue,General Medicine / GP,gp-fatigue-e20,exam_findings,conjunctiva pink,20,pink conj normal,general
gp-fatigue,General Medicine / GP,gp-fatigue-e21,exam_findings,tachycardia,21,tachycardia,vitals
gp-fatigue,General Medicine / GP,gp-fatigue-e22,exam_findings,heart rate normal,22,HR normal,vitals
gp-fatigue,General Medicine / GP,gp-fatigue-e23,exam_findings,BP normal,23,BP normal,vitals
gp-fatigue,General Medicine / GP,gp-fatigue-e24,exam_findings,well appearing,24,"well, no distress",general
gp-fatigue,General Medicine / GP,gp-fatigue-r25,red_flags,significant weight loss,25,unexplained weight loss,"general,high_safety"
gp-fatigue,General Medicine / GP,gp-fatigue-r26,red_flags,chest pain,26,CP,"cardiac,high_safety"
gp-fatigue,General Medicine / GP,gp-fatigue-r27,red_flags,SOB,27,"SOB, dyspnea","cardiac,high_safety"
gp-fatigue,General Medicine / GP,gp-fatigue-r28,red_flags,bleeding signs,28,"melena, GI bleed","gi,high_safety"
gp-fatigue,General Medicine / GP,gp-fatigue-r29,red_flags,suicidal ideation,29,SI,"psych,high_safety"
gp-fatigue,General Medicine / GP,gp-fatigue-r30,red_flags,neurological symptoms,30,neuro symptoms,"neuro,high_safety"
gp-fatigue,General Medicine / GP,gp-fatigue-i31,investigations,CBC ordered,31,"CBC, FBC",investigations
gp-fatigue,General Medicine / GP,gp-fatigue-i32,investigations,iron studies ordered,32,"ferritin, iron",investigations
gp-fatigue,General Medicine / GP,gp-fatigue-i33,investigations,TSH ordered,33,"TSH, TFT",investigations
gp-fatigue,General Medicine / GP,gp-fatigue-i34,investigations,vitamin B12 ordered,34,B12 level,investigations
gp-fatigue,General Medicine / GP,gp-fatigue-i35,investigations,vitamin D ordered,35,"vitamin D, 25-OH",investigations
gp-fatigue,General Medicine / GP,gp-fatigue-i36,investigations,glucose ordered,36,glucose,investigations
gp-fatigue,General Medicine / GP,gp-fatigue-p37,plan_phrases,sleep hygiene discussed,37,sleep hygiene,plan
gp-fatigue,General Medicine / GP,gp-fatigue-p38,plan_phrases,dietary advice given,38,nutrition,plan
gp-fatigue,General Medicine / GP,gp-fatigue-p39,plan_phrases,exercise advised,39,physical activity,plan
gp-fatigue,General Medicine / GP,gp-fatigue-p40,plan_phrases,investigations ordered,40,blood tests arranged,plan
gp-fatigue,General Medicine / GP,gp-fatigue-p41,plan_phrases,follow-up for results,41,results review,plan
gp-fatigue,General Medicine / GP,gp-fatigue-f42,follow_up,2-4 weeks for results,42,2-4 weeks,followup
gp-fatigue,General Medicine / GP,gp-fatigue-f43,follow_up,sooner if worsening,43,sooner,followup
gp-abdominal-pain,General Medicine / GP,gp-abdominal-pain-s1,symptoms,abdominal pain location,1,"epigastric, periumbilical",gi
gp-abdominal-pain,General Medicine / GP,gp-abdominal-pain-s2,symptoms,abdominal pain duration,2,how long,gi
gp-abdominal-pain,General Medicine / GP,gp-abdominal-pain-s3,symptoms,burning pain,3,"burning, gnawing",gi
gp-abdominal-pain,General Medicine / GP,gp-abdominal-pain-s4,symptoms,cramping pain,4,"crampy, colicky",gi
gp-abdominal-pain,General Medicine / GP,gp-abdominal-pain-s5,symptoms,bloating,5,bloating,gi
gp-abdominal-pain,General Medicine / GP,gp-abdominal-pain-s6,symptoms,nausea,6,nausea,gi
gp-abdominal-pain,General Medicine / GP,gp-abdominal-pain-s7,symptoms,vomiting,7,vomiting,gi
gp-abdominal-pain,General Medicine / GP,gp-abdominal-pain-s8,symptoms,heartburn,8,"heartburn, reflux",gi
gp-abdominal-pain,General Medicine / GP,gp-abdominal-pain-s9,symptoms,indigestion,9,"indigestion, dyspepsia",gi
gp-abdominal-pain,General Medicine / GP,gp-abdominal-pain-s10,symptoms,belching,10,"belching, burping",gi
gp-abdominal-pain,General Medicine / GP,gp-abdominal-pain-s11,symptoms,loss of appetite,11,poor appetite,gi
gp-abdominal-pain,General Medicine / GP,gp-abdominal-pain-n12,relevant_negatives,no vomiting,12,no vomiting,gi
gp-abdominal-pain,General Medicine / GP,gp-abdominal-pain-n13,relevant_negatives,no GI bleeding,13,"no melena, no hematemesis",gi
gp-abdominal-pain,General Medicine / GP,gp-abdominal-pain-n14,relevant_negatives,no dysphagia,14,no difficulty swallowing,gi
gp-abdominal-pain,General Medicine / GP,gp-abdominal-pain-n15,relevant_negatives,no weight loss,15,no weight loss,gi
gp-abdominal-pain,General Medicine / GP,gp-abdominal-pain-n16,relevant_negatives,no fever,16,no fever,acute
gp-abdominal-pain,General Medicine / GP,gp-abdominal-pain-n17,relevant_negatives,no diarrhea,17,no diarrhea,gi
gp-abdominal-pain,General Medicine / GP,gp-abdominal-pain-n18,relevant_negatives,no jaundice,18,no jaundice,hepatic
gp-abdominal-pain,General Medicine / GP,gp-abdominal-pain-n19,relevant_negatives,no urinary symptoms,19,no dysuria,renal
gp-abdominal-pain,General Medicine / GP,gp-abdominal-pain-e20,exam_findings,abdomen soft,20,"soft, non-tender",gi
gp-abdominal-pain,General Medicine / GP,gp-abdominal-pain-e21,exam_findings,epigastric tenderness,21,epigastric tenderness,gi
gp-abdominal-pain,General Medicine / GP,gp-abdominal-pain-e22,exam_findings,generalised tenderness,22,general tenderness,gi
gp-abdominal-pain,General Medicine / GP,gp-abdominal-pain-e23,exam_findings,guarding,23,guarding,"gi,high_safety"
gp-abdominal-pain,General Medicine / GP,gp-abdominal-pain-e24,exam_findings,rebound tenderness,24,rebound,"gi,high_safety"
gp-abdominal-pain,General Medicine / GP,gp-abdominal-pain-e25,exam_findings,bowel sounds normal,25,bowel sounds present,gi
gp-abdominal-pain,General Medicine / GP,gp-abdominal-pain-e26,exam_findings,bowel sounds hyperactive,26,hyperactive,gi
gp-abdominal-pain,General Medicine / GP,gp-abdominal-pain-r27,red_flags,severe persistent pain,27,severe pain,"gi,high_safety"
gp-abdominal-pain,General Medicine / GP,gp-abdominal-pain-r28,red_flags,haematemesis,28,vomiting blood,"gi,high_safety"
gp-abdominal-pain,General Medicine / GP,gp-abdominal-pain-r29,red_flags,melena,29,black tarry stool,"gi,high_safety"
gp-abdominal-pain,General Medicine / GP,gp-abdominal-pain-r30,red_flags,peritoneal signs,30,"guarding, rigidity, rebound","gi,high_safety"
gp-abdominal-pain,General Medicine / GP,gp-abdominal-pain-r31,red_flags,unexplained weight loss,31,weight loss,"gi,high_safety"
gp-abdominal-pain,General Medicine / GP,gp-abdominal-pain-r32,red_flags,progressive dysphagia,32,difficulty swallowing,"gi,high_safety"
gp-abdominal-pain,General Medicine / GP,gp-abdominal-pain-r33,red_flags,fever with abdominal pain,33,"febrile, infection","gi,high_safety"
gp-abdominal-pain,General Medicine / GP,gp-abdominal-pain-i34,investigations,abdominal ultrasound ordered,34,US abdomen,investigations
gp-abdominal-pain,General Medicine / GP,gp-abdominal-pain-i35,investigations,CBC ordered,35,"CBC, FBC",investigations
gp-abdominal-pain,General Medicine / GP,gp-abdominal-pain-i36,investigations,LFT ordered,36,"LFT, liver function",investigations
gp-abdominal-pain,General Medicine / GP,gp-abdominal-pain-i37,investigations,amylase ordered,37,"amylase, lipase",investigations
gp-abdominal-pain,General Medicine / GP,gp-abdominal-pain-p38,plan_phrases,lifestyle advice discussed,38,"diet, small meals",plan
gp-abdominal-pain,General Medicine / GP,gp-abdominal-pain-p39,plan_phrases,antacid use as per clinician plan,39,antacid,plan
gp-abdominal-pain,General Medicine / GP,gp-abdominal-pain-p40,plan_phrases,PPI use as per clinician plan,40,PPI,plan
gp-abdominal-pain,General Medicine / GP,gp-abdominal-pain-p41,plan_phrases,dietary modifications discussed,41,"avoid spicy, avoid fatty",plan
gp-abdominal-pain,General Medicine / GP,gp-abdominal-pain-p42,plan_phrases,return precautions discussed,42,return precautions,plan
gp-abdominal-pain,General Medicine / GP,gp-abdominal-pain-f43,follow_up,2 weeks if not improving,43,2 weeks,followup
gp-abdominal-pain,General Medicine / GP,gp-abdominal-pain-f44,follow_up,sooner if worsening,44,sooner,followup
gp-nausea,General Medicine / GP,gp-nausea-s1,symptoms,nausea,1,"nausea, feeling sick",gi
gp-nausea,General Medicine / GP,gp-nausea-s2,symptoms,vomiting,2,vomiting,gi
gp-nausea,General Medicine / GP,gp-nausea-s3,symptoms,vomiting frequency,3,how many times,gi
gp-nausea,General Medicine / GP,gp-nausea-s4,symptoms,diarrhea,4,diarrhea,gi
gp-nausea,General Medicine / GP,gp-nausea-s5,symptoms,abdominal pain,5,"abdominal pain, cramps",gi
gp-nausea,General Medicine / GP,gp-nausea-s6,symptoms,fever,6,fever,acute
gp-nausea,General Medicine / GP,gp-nausea-s7,symptoms,decreased oral intake,7,not eating,gi
gp-nausea,General Medicine / GP,gp-nausea-s8,symptoms,dizziness,8,dizziness,gi
gp-nausea,General Medicine / GP,gp-nausea-n9,relevant_negatives,no blood in vomit,9,no hematemesis,gi
gp-nausea,General Medicine / GP,gp-nausea-n10,relevant_negatives,no severe dehydration,10,no dehydration,gi
gp-nausea,General Medicine / GP,gp-nausea-n11,relevant_negatives,no blood in stool,11,no melena,gi
gp-nausea,General Medicine / GP,gp-nausea-n12,relevant_negatives,no severe abdominal pain,12,no severe pain,gi
gp-nausea,General Medicine / GP,gp-nausea-n13,relevant_negatives,no headache,13,no headache,neuro
gp-nausea,General Medicine / GP,gp-nausea-n14,relevant_negatives,no fever,14,no fever,acute
gp-nausea,General Medicine / GP,gp-nausea-e15,exam_findings,abdomen soft non-tender,15,abdomen benign,gi
gp-nausea,General Medicine / GP,gp-nausea-e16,exam_findings,epigastric tenderness,16,epigastric tenderness,gi
gp-nausea,General Medicine / GP,gp-nausea-e17,exam_findings,hydration adequate,17,good hydration,general
gp-nausea,General Medicine / GP,gp-nausea-e18,exam_findings,decreased skin turgor,18,"dry, dehydration signs",general
gp-nausea,General Medicine / GP,gp-nausea-e19,exam_findings,mucus membranes dry,19,dry mouth,general
gp-nausea,General Medicine / GP,gp-nausea-e20,exam_findings,afebrile,20,afebrile,vitals
gp-nausea,General Medicine / GP,gp-nausea-e21,exam_findings,tachycardia,21,tachycardia,vitals
gp-nausea,General Medicine / GP,gp-nausea-r22,red_flags,persistent vomiting,22,unable to keep fluids,"gi,high_safety"
gp-nausea,General Medicine / GP,gp-nausea-r23,red_flags,blood in vomit,23,hematemesis,"gi,high_safety"
gp-nausea,General Medicine / GP,gp-nausea-r24,red_flags,severe dehydration,24,"anuria, severe dry","gi,high_safety"
gp-nausea,General Medicine / GP,gp-nausea-r25,red_flags,altered mental state,25,"confusion, drowsy","neuro,high_safety"
gp-nausea,General Medicine / GP,gp-nausea-r26,red_flags,bilious vomiting,26,bile stained,"gi,high_safety"
gp-nausea,General Medicine / GP,gp-nausea-r27,red_flags,severe abdominal pain,27,severe pain,"gi,high_safety"
gp-nausea,General Medicine / GP,gp-nausea-p28,plan_phrases,oral rehydration advised,28,ORS,plan
gp-nausea,General Medicine / GP,gp-nausea-p29,plan_phrases,small frequent feeds,29,BRAT diet,plan
gp-nausea,General Medicine / GP,gp-nausea-p30,plan_phrases,anti-emetic per clinician plan,30,anti-emetic,plan
gp-nausea,General Medicine / GP,gp-nausea-p31,plan_phrases,return precautions discussed,31,return precautions,plan
gp-nausea,General Medicine / GP,gp-nausea-f32,follow_up,2-3 days if not improving,32,2-3 days,followup
gp-nausea,General Medicine / GP,gp-nausea-f33,follow_up,sooner if worsening,33,sooner,followup
gp-diarrhea,General Medicine / GP,gp-diarrhea-s1,symptoms,diarrhea frequency,1,how many times per day,gi
gp-diarrhea,General Medicine / GP,gp-diarrhea-s2,symptoms,watery stool,2,"watery, loose",gi
gp-diarrhea,General Medicine / GP,gp-diarrhea-s3,symptoms,blood or mucus in stool,3,"blood, mucus",gi
gp-diarrhea,General Medicine / GP,gp-diarrhea-s4,symptoms,abdominal cramps,4,cramps,gi
gp-diarrhea,General Medicine / GP,gp-diarrhea-s5,symptoms,nausea,5,nausea,gi
gp-diarrhea,General Medicine / GP,gp-diarrhea-s6,symptoms,vomiting,6,vomiting,gi
gp-diarrhea,General Medicine / GP,gp-diarrhea-s7,symptoms,fever,7,fever,acute
gp-diarrhea,General Medicine / GP,gp-diarrhea-s8,symptoms,recent travel,8,travel history,gi
gp-diarrhea,General Medicine / GP,gp-diarrhea-s9,symptoms,food exposure,9,food poisoning,gi
gp-diarrhea,General Medicine / GP,gp-diarrhea-s10,symptoms,duration of diarrhea,10,how long,gi
gp-diarrhea,General Medicine / GP,gp-diarrhea-n11,relevant_negatives,no blood in stool,11,no hematochezia,gi
gp-diarrhea,General Medicine / GP,gp-diarrhea-n12,relevant_negatives,no vomiting,12,no vomiting,gi
gp-diarrhea,General Medicine / GP,gp-diarrhea-n13,relevant_negatives,no fever,13,no fever,acute
gp-diarrhea,General Medicine / GP,gp-diarrhea-n14,relevant_negatives,no severe abdominal pain,14,no severe pain,gi
gp-diarrhea,General Medicine / GP,gp-diarrhea-n15,relevant_negatives,no dehydration signs,15,no dehydration,gi
gp-diarrhea,General Medicine / GP,gp-diarrhea-e16,exam_findings,abdomen soft non-tender,16,abdomen benign,gi
gp-diarrhea,General Medicine / GP,gp-diarrhea-e17,exam_findings,lower abdominal tenderness,17,lower abdomen tender,gi
gp-diarrhea,General Medicine / GP,gp-diarrhea-e18,exam_findings,hyperactive bowel sounds,18,increased bowels,gi
gp-diarrhea,General Medicine / GP,gp-diarrhea-e19,exam_findings,hydration adequate,19,good hydration,general
gp-diarrhea,General Medicine / GP,gp-diarrhea-e20,exam_findings,decreased skin turgor,20,dry,general
gp-diarrhea,General Medicine / GP,gp-diarrhea-e21,exam_findings,afebrile,21,afebrile,vitals
gp-diarrhea,General Medicine / GP,gp-diarrhea-r22,red_flags,bloody diarrhea,22,dysentery,"gi,high_safety"
gp-diarrhea,General Medicine / GP,gp-diarrhea-r23,red_flags,severe dehydration,23,dehydration severe,"gi,high_safety"
gp-diarrhea,General Medicine / GP,gp-diarrhea-r24,red_flags,persistent fever,24,fever ongoing,"acute,high_safety"
gp-diarrhea,General Medicine / GP,gp-diarrhea-r25,red_flags,severe abdominal pain,25,severe,"gi,high_safety"
gp-diarrhea,General Medicine / GP,gp-diarrhea-r26,red_flags,immunocompromised,26,immunocompromised,"chronic,high_safety"
gp-diarrhea,General Medicine / GP,gp-diarrhea-r27,red_flags,elderly patient,27,age >65,"general,high_safety"
gp-diarrhea,General Medicine / GP,gp-diarrhea-p28,plan_phrases,ORS advised,28,"ORS, rehydration salts",plan
gp-diarrhea,General Medicine / GP,gp-diarrhea-p29,plan_phrases,bland diet advised,29,BRAT diet,plan
gp-diarrhea,General Medicine / GP,gp-diarrhea-p30,plan_phrases,anti-diarrheal per clinician plan,30,anti-diarrheal,plan
gp-diarrhea,General Medicine / GP,gp-diarrhea-p31,plan_phrases,probiotics discussed,31,probiotics,plan
gp-diarrhea,General Medicine / GP,gp-diarrhea-p32,plan_phrases,return precautions discussed,32,return precautions,plan
gp-diarrhea,General Medicine / GP,gp-diarrhea-f33,follow_up,2-3 days if not improving,33,2-3 days,followup
gp-diarrhea,General Medicine / GP,gp-diarrhea-f34,follow_up,sooner if worsening,34,sooner,followup
gp-constipation,General Medicine / GP,gp-constipation-s1,symptoms,constipation duration,1,"how long, acute, chronic",gi
gp-constipation,General Medicine / GP,gp-constipation-s2,symptoms,stool frequency,2,"how often, days between",gi
gp-constipation,General Medicine / GP,gp-constipation-s3,symptoms,straining,3,straining to pass,gi
gp-constipation,General Medicine / GP,gp-constipation-s4,symptoms,hard stool,4,"hard, lumpy",gi
gp-constipation,General Medicine / GP,gp-constipation-s5,symptoms,incomplete evacuation,5,not fully empty,gi
gp-constipation,General Medicine / GP,gp-constipation-s6,symptoms,blood with stool,6,bright red blood,gi
gp-constipation,General Medicine / GP,gp-constipation-s7,symptoms,abdominal pain,7,abdominal pain,gi
gp-constipation,General Medicine / GP,gp-constipation-s8,symptoms,dietary fiber intake,8,"diet, fiber",gi
gp-constipation,General Medicine / GP,gp-constipation-s9,symptoms,fluid intake,9,water intake,gi
gp-constipation,General Medicine / GP,gp-constipation-s10,symptoms,laxative use,10,"laxative, medications",gi
gp-constipation,General Medicine / GP,gp-constipation-n11,relevant_negatives,no GI bleeding,11,no melena,gi
gp-constipation,General Medicine / GP,gp-constipation-n12,relevant_negatives,no severe abdominal pain,12,no severe pain,gi
gp-constipation,General Medicine / GP,gp-constipation-n13,relevant_negatives,no fever,13,no fever,acute
gp-constipation,General Medicine / GP,gp-constipation-n14,relevant_negatives,no vomiting,14,no vomiting,gi
gp-constipation,General Medicine / GP,gp-constipation-n15,relevant_negatives,no weight loss,15,no weight loss,gi
gp-constipation,General Medicine / GP,gp-constipation-e16,exam_findings,abdomen soft,16,soft abdomen,gi
gp-constipation,General Medicine / GP,gp-constipation-e17,exam_findings,lower abdominal tenderness,17,lower tenderness,gi
gp-constipation,General Medicine / GP,gp-constipation-e18,exam_findings,distended abdomen,18,distended,gi
gp-constipation,General Medicine / GP,gp-constipation-e19,exam_findings,bowel sounds normal,19,bowel sounds,gi
gp-constipation,General Medicine / GP,gp-constipation-e20,exam_findings,rectal examination performed,20,rectal exam,gi
gp-constipation,General Medicine / GP,gp-constipation-r21,red_flags,blood in stool,21,"hematochezia, PR bleeding","gi,high_safety"
gp-constipation,General Medicine / GP,gp-constipation-r22,red_flags,unexplained weight loss,22,weight loss,"gi,high_safety"
gp-constipation,General Medicine / GP,gp-constipation-r23,red_flags,family history colon cancer,23,FH colon CA,"gi,high_safety"
gp-constipation,General Medicine / GP,gp-constipation-r24,red_flags,age >50 with new onset,24,new constipation elderly,"gi,high_safety"
gp-constipation,General Medicine / GP,gp-constipation-r25,red_flags,obstruction signs,25,"vomiting, distension","gi,high_safety"
gp-constipation,General Medicine / GP,gp-constipation-p26,plan_phrases,dietary fiber increased advised,26,"fiber, bran",plan
gp-constipation,General Medicine / GP,gp-constipation-p27,plan_phrases,fluid intake advised,27,drink water,plan
gp-constipation,General Medicine / GP,gp-constipation-p28,plan_phrases,exercise advised,28,"exercise, walking",plan
gp-constipation,General Medicine / GP,gp-constipation-p29,plan_phrases,laxative use per clinician plan,29,laxative,plan
gp-constipation,General Medicine / GP,gp-constipation-p30,plan_phrases,return precautions discussed,30,return precautions,plan
gp-constipation,General Medicine / GP,gp-constipation-f31,follow_up,2-4 weeks,31,2-4 weeks,followup
gp-constipation,General Medicine / GP,gp-constipation-f32,follow_up,sooner if worsening,32,sooner,followup
gp-chest-pain,General Medicine / GP,gp-chest-pain-s1,symptoms,chest pain,1,chest pain,"cardiac,high_safety"
gp-chest-pain,General Medicine / GP,gp-chest-pain-s2,symptoms,chest pain character,2,"burning, sharp, pressure",cardiac
gp-chest-pain,General Medicine / GP,gp-chest-pain-s3,symptoms,chest pain location,3,"retrosternal, left sided",cardiac
gp-chest-pain,General Medicine / GP,gp-chest-pain-s4,symptoms,radiation,4,"radiation to arm, jaw, back",cardiac
gp-chest-pain,General Medicine / GP,gp-chest-pain-s5,symptoms,exertional relation,5,"with exertion, exercise",cardiac
gp-chest-pain,General Medicine / GP,gp-chest-pain-s6,symptoms,duration of pain,6,"how long, minutes, hours",cardiac
gp-chest-pain,General Medicine / GP,gp-chest-pain-s7,symptoms,shortness of breath,7,"SOB, dyspnea",cardiac
gp-chest-pain,General Medicine / GP,gp-chest-pain-s8,symptoms,palpitations,8,palpitations,cardiac
gp-chest-pain,General Medicine / GP,gp-chest-pain-s9,symptoms,heartburn,9,"heartburn, reflux",cardiac
gp-chest-pain,General Medicine / GP,gp-chest-pain-s10,symptoms,associated sweating,10,"diaphoresis, sweating",cardiac
gp-chest-pain,General Medicine / GP,gp-chest-pain-s11,symptoms,relieving factors,11,"what helps, rest, antacids",cardiac
gp-chest-pain,General Medicine / GP,gp-chest-pain-n12,relevant_negatives,no exertional chest pain,12,no exertional CP,"cardiac,high_safety"
gp-chest-pain,General Medicine / GP,gp-chest-pain-n13,relevant_negatives,no radiation,13,no radiation,cardiac
gp-chest-pain,General Medicine / GP,gp-chest-pain-n14,relevant_negatives,no SOB,14,no SOB,cardiac
gp-chest-pain,General Medicine / GP,gp-chest-pain-n15,relevant_negatives,no syncope,15,no fainting,cardiac
gp-chest-pain,General Medicine / GP,gp-chest-pain-n16,relevant_negatives,no palpitations,16,no palpitations,cardiac
gp-chest-pain,General Medicine / GP,gp-chest-pain-n17,relevant_negatives,no nausea,17,no nausea,gi
gp-chest-pain,General Medicine / GP,gp-chest-pain-n18,relevant_negatives,no diaphoresis,18,no sweating,cardiac
gp-chest-pain,General Medicine / GP,gp-chest-pain-e19,exam_findings,vitals stable,19,vitals stable,vitals
gp-chest-pain,General Medicine / GP,gp-chest-pain-e20,exam_findings,tachycardia,20,tachycardia,vitals
gp-chest-pain,General Medicine / GP,gp-chest-pain-e21,exam_findings,hypertension,21,BP high,vitals
gp-chest-pain,General Medicine / GP,gp-chest-pain-e22,exam_findings,chest clear,22,chest clear,respiratory
gp-chest-pain,General Medicine / GP,gp-chest-pain-e23,exam_findings,chest wall tenderness,23,chest wall tenderness,msk
gp-chest-pain,General Medicine / GP,gp-chest-pain-e24,exam_findings,epigastric tenderness,24,epigastric tenderness,gi
gp-chest-pain,General Medicine / GP,gp-chest-pain-e25,exam_findings,no chest wall tenderness,25,no chest wall tenderness,msk
gp-chest-pain,General Medicine / GP,gp-chest-pain-e26,exam_findings,heart sounds normal,26,HS normal,cardiac
gp-chest-pain,General Medicine / GP,gp-chest-pain-e27,exam_findings,ECG performed and reviewed,27,"ECG, EKG",cardiac
gp-chest-pain,General Medicine / GP,gp-chest-pain-r28,red_flags,crushing chest pain,28,crushing,"cardiac,high_safety"
gp-chest-pain,General Medicine / GP,gp-chest-pain-r29,red_flags,exertional pain,29,exertional CP,"cardiac,high_safety"
gp-chest-pain,General Medicine / GP,gp-chest-pain-r30,red_flags,radiation to arm/jaw,30,radiation,"cardiac,high_safety"
gp-chest-pain,General Medicine / GP,gp-chest-pain-r31,red_flags,syncope,31,"syncope, LOC","cardiac,high_safety"
gp-chest-pain,General Medicine / GP,gp-chest-pain-r32,red_flags,shortness of breath,32,SOB,"cardiac,high_safety"
gp-chest-pain,General Medicine / GP,gp-chest-pain-r33,red_flags,diaphoresis,33,sweating,"cardiac,high_safety"
gp-chest-pain,General Medicine / GP,gp-chest-pain-r34,red_flags,abnormal vitals,34,abnormal vitals,"cardiac,high_safety"
gp-chest-pain,General Medicine / GP,gp-chest-pain-r35,red_flags,ECG changes,35,ECG changes,"cardiac,high_safety"
gp-chest-pain,General Medicine / GP,gp-chest-pain-i36,investigations,ECG ordered,36,"ECG, EKG",investigations
gp-chest-pain,General Medicine / GP,gp-chest-pain-i37,investigations,CXR ordered,37,chest x-ray,investigations
gp-chest-pain,General Medicine / GP,gp-chest-pain-i38,investigations,troponin ordered,38,troponin,investigations
gp-chest-pain,General Medicine / GP,gp-chest-pain-i39,investigations,CBC ordered,39,CBC,investigations
gp-chest-pain,General Medicine / GP,gp-chest-pain-p40,plan_phrases,cardiac risk factors discussed,40,cardiac risk,plan
gp-chest-pain,General Medicine / GP,gp-chest-pain-p41,plan_phrases,antacid use per clinician plan,41,antacid,plan
gp-chest-pain,General Medicine / GP,gp-chest-pain-p42,plan_phrases,lifestyle advice discussed,42,"diet, exercise, smoking",plan
gp-chest-pain,General Medicine / GP,gp-chest-pain-p43,plan_phrases,urgent reassessment per plan,43,urgent re-evaluation,plan
gp-chest-pain,General Medicine / GP,gp-chest-pain-p44,plan_phrases,return precautions discussed,44,return precautions,plan
gp-chest-pain,General Medicine / GP,gp-chest-pain-f45,follow_up,1-2 weeks for results,45,1-2 weeks,followup
gp-chest-pain,General Medicine / GP,gp-chest-pain-f46,follow_up,sooner if worsening,46,sooner,followup
gp-palpitations,General Medicine / GP,gp-palpitations-s1,symptoms,palpitations,1,"palpitations, racing heart",cardiac
gp-palpitations,General Medicine / GP,gp-palpitations-s2,symptoms,onset of palpitations,2,when started,cardiac
gp-palpitations,General Medicine / GP,gp-palpitations-s3,symptoms,duration of palpitations,3,"how long, seconds, minutes",cardiac
gp-palpitations,General Medicine / GP,gp-palpitations-s4,symptoms,triggers,4,"caffeine, stress, alcohol",cardiac
gp-palpitations,General Medicine / GP,gp-palpitations-s5,symptoms,associated dizziness,5,dizziness,cardiac
gp-palpitations,General Medicine / GP,gp-palpitations-s6,symptoms,associated syncope,6,"syncope, fainting",cardiac
gp-palpitations,General Medicine / GP,gp-palpitations-s7,symptoms,chest pain,7,chest pain,cardiac
gp-palpitations,General Medicine / GP,gp-palpitations-s8,symptoms,SOB,8,"SOB, dyspnea",cardiac
gp-palpitations,General Medicine / GP,gp-palpitations-s9,symptoms,caffeine intake,9,"caffeine, coffee, energy drinks",cardiac
gp-palpitations,General Medicine / GP,gp-palpitations-s10,symptoms,stimulant use,10,"stimulants, medications",cardiac
gp-palpitations,General Medicine / GP,gp-palpitations-n11,relevant_negatives,no syncope,11,no fainting,"cardiac,high_safety"
gp-palpitations,General Medicine / GP,gp-palpitations-n12,relevant_negatives,no chest pain,12,no CP,cardiac
gp-palpitations,General Medicine / GP,gp-palpitations-n13,relevant_negatives,no dizziness,13,no dizziness,cardiac
gp-palpitations,General Medicine / GP,gp-palpitations-n14,relevant_negatives,no SOB,14,no SOB,cardiac
gp-palpitations,General Medicine / GP,gp-palpitations-n15,relevant_negatives,no stimulant use,15,no stimulants,cardiac
gp-palpitations,General Medicine / GP,gp-palpitations-e16,exam_findings,heart rate normal,16,"HR normal, 60-100",vitals
gp-palpitations,General Medicine / GP,gp-palpitations-e17,exam_findings,tachycardia,17,"tachycardia, HR>100",vitals
gp-palpitations,General Medicine / GP,gp-palpitations-e18,exam_findings,irregular pulse,18,"irregular, atrial fibrillation",cardiac
gp-palpitations,General Medicine / GP,gp-palpitations-e19,exam_findings,regular rhythm,19,"regular, sinus",cardiac
gp-palpitations,General Medicine / GP,gp-palpitations-e20,exam_findings,BP normal,20,BP normal,vitals
gp-palpitations,General Medicine / GP,gp-palpitations-e21,exam_findings,ECG reviewed,21,ECG reviewed,cardiac
gp-palpitations,General Medicine / GP,gp-palpitations-r22,red_flags,syncope,22,"syncope, LOC","cardiac,high_safety"
gp-palpitations,General Medicine / GP,gp-palpitations-r23,red_flags,chest pain,23,CP,"cardiac,high_safety"
gp-palpitations,General Medicine / GP,gp-palpitations-r24,red_flags,family history SCD,24,FH sudden cardiac death,"cardiac,high_safety"
gp-palpitations,General Medicine / GP,gp-palpitations-r25,red_flags,rapid irregular pulse,25,"atrial fibrillation, irregular","cardiac,high_safety"
gp-palpitations,General Medicine / GP,gp-palpitations-r26,red_flags,palpitations at rest,26,resting palpitations,"cardiac,high_safety"
gp-palpitations,General Medicine / GP,gp-palpitations-i27,investigations,ECG ordered,27,ECG,investigations
gp-palpitations,General Medicine / GP,gp-palpitations-i28,investigations,Holter monitor ordered,28,24h Holter,investigations
gp-palpitations,General Medicine / GP,gp-palpitations-i29,investigations,CBC ordered,29,CBC,investigations
gp-palpitations,General Medicine / GP,gp-palpitations-i30,investigations,TSH ordered,30,"TSH, TFT",investigations
gp-palpitations,General Medicine / GP,gp-palpitations-i31,investigations,electrolytes ordered,31,electrolytes,investigations
gp-palpitations,General Medicine / GP,gp-palpitations-p32,plan_phrases,caffeine reduction advised,32,reduce coffee,plan
gp-palpitations,General Medicine / GP,gp-palpitations-p33,plan_phrases,stress reduction discussed,33,stress management,plan
gp-palpitations,General Medicine / GP,gp-palpitations-p34,plan_phrases,symptom diary advised,34,palpitation diary,plan
gp-palpitations,General Medicine / GP,gp-palpitations-p35,plan_phrases,investigations ordered,35,tests arranged,plan
gp-palpitations,General Medicine / GP,gp-palpitations-p36,plan_phrases,return precautions discussed,36,return precautions,plan
gp-palpitations,General Medicine / GP,gp-palpitations-f37,follow_up,1 week for results,37,1 week,followup
gp-palpitations,General Medicine / GP,gp-palpitations-f38,follow_up,sooner if worsening,38,sooner,followup
gp-shortness-of-breath,General Medicine / GP,gp-shortness-of-breath-s1,symptoms,shortness of breath,1,"SOB, dyspnea, breathlessness","respiratory,high_safety"
gp-shortness-of-breath,General Medicine / GP,gp-shortness-of-breath-s2,symptoms,onset of SOB,2,"sudden, gradual",respiratory
gp-shortness-of-breath,General Medicine / GP,gp-shortness-of-breath-s3,symptoms,exertional SOB,3,SOB on exertion,respiratory
gp-shortness-of-breath,General Medicine / GP,gp-shortness-of-breath-s4,symptoms,SOB at rest,4,resting SOB,"respiratory,high_safety"
gp-shortness-of-breath,General Medicine / GP,gp-shortness-of-breath-s5,symptoms,cough,5,cough,respiratory
gp-shortness-of-breath,General Medicine / GP,gp-shortness-of-breath-s6,symptoms,wheeze,6,wheeze,respiratory
gp-shortness-of-breath,General Medicine / GP,gp-shortness-of-breath-s7,symptoms,chest pain,7,chest pain,cardiac
gp-shortness-of-breath,General Medicine / GP,gp-shortness-of-breath-s8,symptoms,fever,8,fever,acute
gp-shortness-of-breath,General Medicine / GP,gp-shortness-of-breath-s9,symptoms,leg swelling,9,lower limb edema,cardiac
gp-shortness-of-breath,General Medicine / GP,gp-shortness-of-breath-s10,symptoms,palpitations,10,palpitations,cardiac
gp-shortness-of-breath,General Medicine / GP,gp-shortness-of-breath-s11,symptoms,orthopnea,11,"orthopnea, SOB lying flat",cardiac
gp-shortness-of-breath,General Medicine / GP,gp-shortness-of-breath-s12,symptoms,PND,12,paroxysmal nocturnal dyspnea,cardiac
gp-shortness-of-breath,General Medicine / GP,gp-shortness-of-breath-n13,relevant_negatives,no chest pain,13,no CP,cardiac
gp-shortness-of-breath,General Medicine / GP,gp-shortness-of-breath-n14,relevant_negatives,no wheeze,14,no wheeze,respiratory
gp-shortness-of-breath,General Medicine / GP,gp-shortness-of-breath-n15,relevant_negatives,no cough,15,no cough,respiratory
gp-shortness-of-breath,General Medicine / GP,gp-shortness-of-breath-n16,relevant_negatives,no fever,16,no fever,acute
gp-shortness-of-breath,General Medicine / GP,gp-shortness-of-breath-n17,relevant_negatives,no leg swelling,17,no edema,cardiac
gp-shortness-of-breath,General Medicine / GP,gp-shortness-of-breath-n18,relevant_negatives,no orthopnea,18,no orthopnea,cardiac
gp-shortness-of-breath,General Medicine / GP,gp-shortness-of-breath-e19,exam_findings,respiratory rate,19,"RR, tachypneic",vitals
gp-shortness-of-breath,General Medicine / GP,gp-shortness-of-breath-e20,exam_findings,O2 sats normal,20,"O2 saturations, SpO2",vitals
gp-shortness-of-breath,General Medicine / GP,gp-shortness-of-breath-e21,exam_findings,O2 sats low,21,desaturation,"vitals,high_safety"
gp-shortness-of-breath,General Medicine / GP,gp-shortness-of-breath-e22,exam_findings,chest clear,22,chest clear,respiratory
gp-shortness-of-breath,General Medicine / GP,gp-shortness-of-breath-e23,exam_findings,wheezes,23,wheezes,respiratory
gp-shortness-of-breath,General Medicine / GP,gp-shortness-of-breath-e24,exam_findings,crackles,24,"crackles, basal",respiratory
gp-shortness-of-breath,General Medicine / GP,gp-shortness-of-breath-e25,exam_findings,decreased breath sounds,25,decreased air entry,respiratory
gp-shortness-of-breath,General Medicine / GP,gp-shortness-of-breath-e26,exam_findings,no respiratory distress,26,no RD,respiratory
gp-shortness-of-breath,General Medicine / GP,gp-shortness-of-breath-e27,exam_findings,respiratory distress,27,"distress, accessory muscles","respiratory,high_safety"
gp-shortness-of-breath,General Medicine / GP,gp-shortness-of-breath-e28,exam_findings,leg edema,28,lower limb edema,cardiac
gp-shortness-of-breath,General Medicine / GP,gp-shortness-of-breath-e29,exam_findings,tachycardia,29,tachycardia,vitals
gp-shortness-of-breath,General Medicine / GP,gp-shortness-of-breath-r30,red_flags,severe respiratory distress,30,severe RD,"respiratory,high_safety"
gp-shortness-of-breath,General Medicine / GP,gp-shortness-of-breath-r31,red_flags,cyanosis,31,cyanosis,"respiratory,high_safety"
gp-shortness-of-breath,General Medicine / GP,gp-shortness-of-breath-r32,red_flags,chest pain,32,CP,"cardiac,high_safety"
gp-shortness-of-breath,General Medicine / GP,gp-shortness-of-breath-r33,red_flags,syncope,33,"syncope, LOC","cardiac,high_safety"
gp-shortness-of-breath,General Medicine / GP,gp-shortness-of-breath-r34,red_flags,O2 sats <92%,34,low sats,"respiratory,high_safety"
gp-shortness-of-breath,General Medicine / GP,gp-shortness-of-breath-r35,red_flags,inability to speak in full sentences,35,full sentences,"respiratory,high_safety"
gp-shortness-of-breath,General Medicine / GP,gp-shortness-of-breath-r36,red_flags,stridor,36,stridor,"respiratory,high_safety"
gp-shortness-of-breath,General Medicine / GP,gp-shortness-of-breath-i37,investigations,CXR ordered,37,"CXR, chest x-ray",investigations
gp-shortness-of-breath,General Medicine / GP,gp-shortness-of-breath-i38,investigations,CBC ordered,38,CBC,investigations
gp-shortness-of-breath,General Medicine / GP,gp-shortness-of-breath-i39,investigations,ECG ordered,39,ECG,investigations
gp-shortness-of-breath,General Medicine / GP,gp-shortness-of-breath-i40,investigations,D-dimer ordered,40,D-dimer,investigations
gp-shortness-of-breath,General Medicine / GP,gp-shortness-of-breath-i41,investigations,BNP ordered,41,"BNP, NT-proBNP",investigations
gp-shortness-of-breath,General Medicine / GP,gp-shortness-of-breath-p42,plan_phrases,management plan discussed,42,management,plan
gp-shortness-of-breath,General Medicine / GP,gp-shortness-of-breath-p43,plan_phrases,breathing exercises advised,43,breathing techniques,plan
gp-shortness-of-breath,General Medicine / GP,gp-shortness-of-breath-p44,plan_phrases,smoking cessation advised,44,stop smoking,plan
gp-shortness-of-breath,General Medicine / GP,gp-shortness-of-breath-p45,plan_phrases,urgent reassessment per plan,45,urgent assessment,plan
gp-shortness-of-breath,General Medicine / GP,gp-shortness-of-breath-p46,plan_phrases,return precautions discussed,46,return precautions,plan
gp-shortness-of-breath,General Medicine / GP,gp-shortness-of-breath-f47,follow_up,1 week,47,1 week,followup
gp-shortness-of-breath,General Medicine / GP,gp-shortness-of-breath-f48,follow_up,sooner if worsening,48,sooner,followup
gp-hypertension-followup,General Medicine / GP,gp-hypertension-followup-s1,symptoms,home BP readings,1,"home BP, self-measured",vitals
gp-hypertension-followup,General Medicine / GP,gp-hypertension-followup-s2,symptoms,medication adherence,2,"adherence, compliance",chronic
gp-hypertension-followup,General Medicine / GP,gp-hypertension-followup-s3,symptoms,dietary salt intake,3,"salt, sodium",chronic
gp-hypertension-followup,General Medicine / GP,gp-hypertension-followup-s4,symptoms,exercise level,4,physical activity,chronic
gp-hypertension-followup,General Medicine / GP,gp-hypertension-followup-s5,symptoms,weight change,5,weight,chronic
gp-hypertension-followup,General Medicine / GP,gp-hypertension-followup-s6,symptoms,headache,6,headache,general
gp-hypertension-followup,General Medicine / GP,gp-hypertension-followup-s7,symptoms,dizziness,7,dizziness,general
gp-hypertension-followup,General Medicine / GP,gp-hypertension-followup-s8,symptoms,chest pain,8,chest pain,cardiac
gp-hypertension-followup,General Medicine / GP,gp-hypertension-followup-s9,symptoms,SOB,9,SOB,cardiac
gp-hypertension-followup,General Medicine / GP,gp-hypertension-followup-s10,symptoms,visual symptoms,10,vision change,ophthalmology
gp-hypertension-followup,General Medicine / GP,gp-hypertension-followup-e11,exam_findings,BP in clinic,11,"clinic BP, office BP",vitals
gp-hypertension-followup,General Medicine / GP,gp-hypertension-followup-e12,exam_findings,BP controlled,12,BP <130/80,vitals
gp-hypertension-followup,General Medicine / GP,gp-hypertension-followup-e13,exam_findings,BP elevated,13,"BP high, >130/80",vitals
gp-hypertension-followup,General Medicine / GP,gp-hypertension-followup-e14,exam_findings,BP severely elevated,14,"BP high, >180/110","vitals,high_safety"
gp-hypertension-followup,General Medicine / GP,gp-hypertension-followup-e15,exam_findings,heart rate normal,15,HR normal,vitals
gp-hypertension-followup,General Medicine / GP,gp-hypertension-followup-e16,exam_findings,no edema,16,no leg swelling,cardiac
gp-hypertension-followup,General Medicine / GP,gp-hypertension-followup-r17,red_flags,severely elevated BP,17,hypertensive crisis,"vitals,high_safety"
gp-hypertension-followup,General Medicine / GP,gp-hypertension-followup-r18,red_flags,chest pain,18,CP,"cardiac,high_safety"
gp-hypertension-followup,General Medicine / GP,gp-hypertension-followup-r19,red_flags,SOB,19,"SOB, dyspnea","cardiac,high_safety"
gp-hypertension-followup,General Medicine / GP,gp-hypertension-followup-r20,red_flags,visual changes,20,vision symptoms,"ophthalmology,high_safety"
gp-hypertension-followup,General Medicine / GP,gp-hypertension-followup-r21,red_flags,neurological symptoms,21,neuro deficit,"neuro,high_safety"
gp-hypertension-followup,General Medicine / GP,gp-hypertension-followup-r22,red_flags,headache severe,22,severe headache,"neuro,high_safety"
gp-hypertension-followup,General Medicine / GP,gp-hypertension-followup-r23,red_flags,medication side effects,23,"side effects, ADR","pharm,high_safety"
gp-hypertension-followup,General Medicine / GP,gp-hypertension-followup-i24,investigations,labs reviewed,24,"lab results, blood work",investigations
gp-hypertension-followup,General Medicine / GP,gp-hypertension-followup-i25,investigations,electrolytes reviewed,25,"electrolytes, renal function",investigations
gp-hypertension-followup,General Medicine / GP,gp-hypertension-followup-i26,investigations,lipid profile reviewed,26,lipids,investigations
gp-hypertension-followup,General Medicine / GP,gp-hypertension-followup-i27,investigations,ECG reviewed,27,ECG,investigations
gp-hypertension-followup,General Medicine / GP,gp-hypertension-followup-p28,plan_phrases,medication adherence discussed,28,adherence,plan
gp-hypertension-followup,General Medicine / GP,gp-hypertension-followup-p29,plan_phrases,dietary advice given,29,"low salt, DASH",plan
gp-hypertension-followup,General Medicine / GP,gp-hypertension-followup-p30,plan_phrases,exercise advised,30,physical activity,plan
gp-hypertension-followup,General Medicine / GP,gp-hypertension-followup-p31,plan_phrases,medication adjustment per plan,31,med adjustment,plan
gp-hypertension-followup,General Medicine / GP,gp-hypertension-followup-p32,plan_phrases,follow-up arranged,32,FU,plan
gp-hypertension-followup,General Medicine / GP,gp-hypertension-followup-f33,follow_up,1-3 months,33,1-3 months,followup
gp-hypertension-followup,General Medicine / GP,gp-hypertension-followup-f34,follow_up,sooner if BP uncontrolled,34,sooner,followup
gp-diabetes-followup,General Medicine / GP,gp-diabetes-followup-s1,symptoms,home glucose readings,1,"bg, SMBG, blood sugar",chronic
gp-diabetes-followup,General Medicine / GP,gp-diabetes-followup-s2,symptoms,medication adherence,2,"adherence, compliance",chronic
gp-diabetes-followup,General Medicine / GP,gp-diabetes-followup-s3,symptoms,hypoglycemia episodes,3,"hypo, low sugar",chronic
gp-diabetes-followup,General Medicine / GP,gp-diabetes-followup-s4,symptoms,polyuria,4,"polyuria, urinating a lot",chronic
gp-diabetes-followup,General Medicine / GP,gp-diabetes-followup-s5,symptoms,polydipsia,5,"thirst, drinking a lot",chronic
gp-diabetes-followup,General Medicine / GP,gp-diabetes-followup-s6,symptoms,polyphagia,6,"hunger, increased appetite",chronic
gp-diabetes-followup,General Medicine / GP,gp-diabetes-followup-s7,symptoms,weight change,7,"weight, weight loss",chronic
gp-diabetes-followup,General Medicine / GP,gp-diabetes-followup-s8,symptoms,foot symptoms,8,"foot pain, numbness",chronic
gp-diabetes-followup,General Medicine / GP,gp-diabetes-followup-s9,symptoms,vision change,9,"vision, blurred vision",chronic
gp-diabetes-followup,General Medicine / GP,gp-diabetes-followup-s10,symptoms,wound healing,10,"wounds, cuts healing",chronic
gp-diabetes-followup,General Medicine / GP,gp-diabetes-followup-e11,exam_findings,foot examination performed,11,foot exam,chronic
gp-diabetes-followup,General Medicine / GP,gp-diabetes-followup-e12,exam_findings,foot pulses normal,12,"foot pulses, DP, PT",chronic
gp-diabetes-followup,General Medicine / GP,gp-diabetes-followup-e13,exam_findings,foot sensation normal,13,"monofilament, sensation",chronic
gp-diabetes-followup,General Medicine / GP,gp-diabetes-followup-e14,exam_findings,foot ulcer present,14,"ulcer, foot wound",chronic
gp-diabetes-followup,General Medicine / GP,gp-diabetes-followup-e15,exam_findings,fundoscopy performed,15,"fundoscopy, retinal",ophthalmology
gp-diabetes-followup,General Medicine / GP,gp-diabetes-followup-e16,exam_findings,BP normal,16,BP,vitals
gp-diabetes-followup,General Medicine / GP,gp-diabetes-followup-r17,red_flags,severe hypoglycemia,17,severe hypo,"chronic,high_safety"
gp-diabetes-followup,General Medicine / GP,gp-diabetes-followup-r18,red_flags,DKA signs,18,DKA symptoms,"chronic,high_safety"
gp-diabetes-followup,General Medicine / GP,gp-diabetes-followup-r19,red_flags,foot ulcer with infection,19,infected ulcer,"chronic,high_safety"
gp-diabetes-followup,General Medicine / GP,gp-diabetes-followup-r20,red_flags,vision loss sudden,20,sudden vision loss,"ophthalmology,high_safety"
gp-diabetes-followup,General Medicine / GP,gp-diabetes-followup-r21,red_flags,chest pain,21,CP,"cardiac,high_safety"
gp-diabetes-followup,General Medicine / GP,gp-diabetes-followup-r22,red_flags,uncontrolled glucose,22,high sugars,"chronic,high_safety"
gp-diabetes-followup,General Medicine / GP,gp-diabetes-followup-i23,investigations,HbA1c reviewed,23,"HbA1c, A1c",investigations
gp-diabetes-followup,General Medicine / GP,gp-diabetes-followup-i24,investigations,renal function reviewed,24,"creatinine, eGFR",investigations
gp-diabetes-followup,General Medicine / GP,gp-diabetes-followup-i25,investigations,lipid profile reviewed,25,lipids,investigations
gp-diabetes-followup,General Medicine / GP,gp-diabetes-followup-i26,investigations,urine ACR reviewed,26,"ACR, microalbumin",investigations
gp-diabetes-followup,General Medicine / GP,gp-diabetes-followup-i27,investigations,LFT reviewed,27,LFT,investigations
gp-diabetes-followup,General Medicine / GP,gp-diabetes-followup-p28,plan_phrases,dietary advice discussed,28,"diet, carb counting",plan
gp-diabetes-followup,General Medicine / GP,gp-diabetes-followup-p29,plan_phrases,exercise advised,29,"exercise, activity",plan
gp-diabetes-followup,General Medicine / GP,gp-diabetes-followup-p30,plan_phrases,medication adherence discussed,30,adherence,plan
gp-diabetes-followup,General Medicine / GP,gp-diabetes-followup-p31,plan_phrases,medication adjustment per plan,31,med adjustment,plan
gp-diabetes-followup,General Medicine / GP,gp-diabetes-followup-p32,plan_phrases,routine screening discussed,32,"screening, eye, foot",plan
gp-diabetes-followup,General Medicine / GP,gp-diabetes-followup-p33,plan_phrases,hypoglycemia education given,33,hypo education,plan
gp-diabetes-followup,General Medicine / GP,gp-diabetes-followup-f34,follow_up,3-6 months,34,3-6 months,followup
gp-diabetes-followup,General Medicine / GP,gp-diabetes-followup-f35,follow_up,sooner if uncontrolled,35,sooner,followup
gp-thyroid-followup,General Medicine / GP,gp-thyroid-followup-s1,symptoms,fatigue,1,fatigue,chronic
gp-thyroid-followup,General Medicine / GP,gp-thyroid-followup-s2,symptoms,weight change,2,"weight gain, loss",chronic
gp-thyroid-followup,General Medicine / GP,gp-thyroid-followup-s3,symptoms,cold intolerance,3,cold feeling,chronic
gp-thyroid-followup,General Medicine / GP,gp-thyroid-followup-s4,symptoms,heat intolerance,4,heat feeling,chronic
gp-thyroid-followup,General Medicine / GP,gp-thyroid-followup-s5,symptoms,palpitations,5,palpitations,cardiac
gp-thyroid-followup,General Medicine / GP,gp-thyroid-followup-s6,symptoms,tremor,6,"tremor, shaky",chronic
gp-thyroid-followup,General Medicine / GP,gp-thyroid-followup-s7,symptoms,mood changes,7,"low mood, anxiety",psych
gp-thyroid-followup,General Medicine / GP,gp-thyroid-followup-s8,symptoms,skin changes,8,dry skin,dermatology
gp-thyroid-followup,General Medicine / GP,gp-thyroid-followup-s9,symptoms,hair changes,9,hair loss,dermatology
gp-thyroid-followup,General Medicine / GP,gp-thyroid-followup-s10,symptoms,medication adherence,10,adherence,chronic
gp-thyroid-followup,General Medicine / GP,gp-thyroid-followup-e11,exam_findings,thyroid palpation,11,"thyroid, goiter",ent
gp-thyroid-followup,General Medicine / GP,gp-thyroid-followup-e12,exam_findings,tremor,12,tremor,neurological
gp-thyroid-followup,General Medicine / GP,gp-thyroid-followup-e13,exam_findings,tachycardia,13,tachycardia,vitals
gp-thyroid-followup,General Medicine / GP,gp-thyroid-followup-e14,exam_findings,heart rate normal,14,HR normal,vitals
gp-thyroid-followup,General Medicine / GP,gp-thyroid-followup-e15,exam_findings,skin moist vs dry,15,skin texture,dermatology
gp-thyroid-followup,General Medicine / GP,gp-thyroid-followup-r16,red_flags,palpitations severe,16,severe palpitations,"cardiac,high_safety"
gp-thyroid-followup,General Medicine / GP,gp-thyroid-followup-r17,red_flags,significant weight loss,17,severe weight loss,"chronic,high_safety"
gp-thyroid-followup,General Medicine / GP,gp-thyroid-followup-r18,red_flags,atrial fibrillation,18,AF,"cardiac,high_safety"
gp-thyroid-followup,General Medicine / GP,gp-thyroid-followup-r19,red_flags,severe anxiety,19,severe anxiety,"psych,high_safety"
gp-thyroid-followup,General Medicine / GP,gp-thyroid-followup-r20,red_flags,medication side effects,20,side effects,"pharm,high_safety"
gp-thyroid-followup,General Medicine / GP,gp-thyroid-followup-i21,investigations,TSH reviewed,21,"TSH, TFT",investigations
gp-thyroid-followup,General Medicine / GP,gp-thyroid-followup-i22,investigations,free T4 reviewed,22,T4,investigations
gp-thyroid-followup,General Medicine / GP,gp-thyroid-followup-i23,investigations,free T3 reviewed,23,T3,investigations
gp-thyroid-followup,General Medicine / GP,gp-thyroid-followup-p24,plan_phrases,medication adjustment per plan,24,med adjustment,plan
gp-thyroid-followup,General Medicine / GP,gp-thyroid-followup-p25,plan_phrases,medication adherence discussed,25,adherence,plan
gp-thyroid-followup,General Medicine / GP,gp-thyroid-followup-p26,plan_phrases,follow-up arranged,26,FU,plan
gp-thyroid-followup,General Medicine / GP,gp-thyroid-followup-f27,follow_up,3-6 months,27,3-6 months,followup
gp-thyroid-followup,General Medicine / GP,gp-thyroid-followup-f28,follow_up,sooner if symptomatic,28,sooner,followup
gp-dyslipidemia-followup,General Medicine / GP,gp-dyslipidemia-followup-s1,symptoms,medication adherence,1,statin adherence,chronic
gp-dyslipidemia-followup,General Medicine / GP,gp-dyslipidemia-followup-s2,symptoms,dietary habits,2,"diet, fat intake",chronic
gp-dyslipidemia-followup,General Medicine / GP,gp-dyslipidemia-followup-s3,symptoms,exercise level,3,activity,chronic
gp-dyslipidemia-followup,General Medicine / GP,gp-dyslipidemia-followup-s4,symptoms,weight,4,weight,chronic
gp-dyslipidemia-followup,General Medicine / GP,gp-dyslipidemia-followup-s5,symptoms,muscle pain,5,"myalgia, statin side effects",chronic
gp-dyslipidemia-followup,General Medicine / GP,gp-dyslipidemia-followup-s6,symptoms,chest pain,6,chest pain,cardiac
gp-dyslipidemia-followup,General Medicine / GP,gp-dyslipidemia-followup-s7,symptoms,family history CV disease,7,"FH, cardiac family history",chronic
gp-dyslipidemia-followup,General Medicine / GP,gp-dyslipidemia-followup-e8,exam_findings,vitals,8,vitals normal,vitals
gp-dyslipidemia-followup,General Medicine / GP,gp-dyslipidemia-followup-e9,exam_findings,weight,9,"weight, BMI",vitals
gp-dyslipidemia-followup,General Medicine / GP,gp-dyslipidemia-followup-r10,red_flags,severe muscle pain,10,statin myopathy,"pharm,high_safety"
gp-dyslipidemia-followup,General Medicine / GP,gp-dyslipidemia-followup-r11,red_flags,chest pain,11,CP,"cardiac,high_safety"
gp-dyslipidemia-followup,General Medicine / GP,gp-dyslipidemia-followup-r12,red_flags,TIA/stroke symptoms,12,neurological,"neuro,high_safety"
gp-dyslipidemia-followup,General Medicine / GP,gp-dyslipidemia-followup-i13,investigations,lipid profile reviewed,13,"lipid panel, cholesterol",investigations
gp-dyslipidemia-followup,General Medicine / GP,gp-dyslipidemia-followup-i14,investigations,total cholesterol,14,total cholesterol,investigations
gp-dyslipidemia-followup,General Medicine / GP,gp-dyslipidemia-followup-i15,investigations,LDL reviewed,15,LDL,investigations
gp-dyslipidemia-followup,General Medicine / GP,gp-dyslipidemia-followup-i16,investigations,HDL reviewed,16,HDL,investigations
gp-dyslipidemia-followup,General Medicine / GP,gp-dyslipidemia-followup-i17,investigations,triglycerides reviewed,17,TGs,investigations
gp-dyslipidemia-followup,General Medicine / GP,gp-dyslipidemia-followup-i18,investigations,LFT reviewed,18,"LFT, ALT",investigations
gp-dyslipidemia-followup,General Medicine / GP,gp-dyslipidemia-followup-p19,plan_phrases,dietary advice given,19,"low fat, Mediterranean",plan
gp-dyslipidemia-followup,General Medicine / GP,gp-dyslipidemia-followup-p20,plan_phrases,exercise advised,20,"exercise, activity",plan
gp-dyslipidemia-followup,General Medicine / GP,gp-dyslipidemia-followup-p21,plan_phrases,statin adherence discussed,21,statin adherence,plan
gp-dyslipidemia-followup,General Medicine / GP,gp-dyslipidemia-followup-p22,plan_phrases,cardiovascular risk discussed,22,"CV risk, QRISK",plan
gp-dyslipidemia-followup,General Medicine / GP,gp-dyslipidemia-followup-p23,plan_phrases,follow-up arranged,23,FU,plan
gp-dyslipidemia-followup,General Medicine / GP,gp-dyslipidemia-followup-f24,follow_up,3-12 months,24,3-12 months,followup
gp-dyslipidemia-followup,General Medicine / GP,gp-dyslipidemia-followup-f25,follow_up,sooner if uncontrolled,25,sooner,followup
gp-lab-result-review,General Medicine / GP,gp-lab-result-review-s1,symptoms,reason for testing,1,why tested,general
gp-lab-result-review,General Medicine / GP,gp-lab-result-review-s2,symptoms,current symptoms,2,symptoms now,general
gp-lab-result-review,General Medicine / GP,gp-lab-result-review-s3,symptoms,medication changes since labs,3,med changes,chronic
gp-lab-result-review,General Medicine / GP,gp-lab-result-review-e4,exam_findings,vitals reviewed,4,"vitals, BP, HR",vitals
gp-lab-result-review,General Medicine / GP,gp-lab-result-review-r5,red_flags,abnormal critical results,5,"critical values, urgent","investigations,high_safety"
gp-lab-result-review,General Medicine / GP,gp-lab-result-review-r6,red_flags,significantly abnormal results,6,very abnormal,"investigations,high_safety"
gp-lab-result-review,General Medicine / GP,gp-lab-result-review-r7,red_flags,trend worsening,7,worsening trend,"investigations,high_safety"
gp-lab-result-review,General Medicine / GP,gp-lab-result-review-r8,red_flags,results requiring urgent action,8,urgent action,"investigations,high_safety"
gp-lab-result-review,General Medicine / GP,gp-lab-result-review-i9,investigations,labs reviewed,9,"laboratory results, blood work",investigations
gp-lab-result-review,General Medicine / GP,gp-lab-result-review-i10,investigations,abnormal results discussed,10,abnormal discussed,investigations
gp-lab-result-review,General Medicine / GP,gp-lab-result-review-i11,investigations,comparison with previous results,11,"trend, previous labs",investigations
gp-lab-result-review,General Medicine / GP,gp-lab-result-review-i12,investigations,pending results noted,12,pending,investigations
gp-lab-result-review,General Medicine / GP,gp-lab-result-review-p13,plan_phrases,results explained to patient,13,explained,plan
gp-lab-result-review,General Medicine / GP,gp-lab-result-review-p14,plan_phrases,patient concerns discussed,14,"concerns, questions",plan
gp-lab-result-review,General Medicine / GP,gp-lab-result-review-p15,plan_phrases,further investigations ordered,15,further tests,plan
gp-lab-result-review,General Medicine / GP,gp-lab-result-review-p16,plan_phrases,clinician interpretation documented,16,interpretation,plan
gp-lab-result-review,General Medicine / GP,gp-lab-result-review-p17,plan_phrases,follow-up for results,17,results FU,plan
gp-lab-result-review,General Medicine / GP,gp-lab-result-review-p18,plan_phrases,referral arranged if needed,18,referral,plan
gp-lab-result-review,General Medicine / GP,gp-lab-result-review-p19,plan_phrases,return precautions discussed,19,return precautions,plan
gp-lab-result-review,General Medicine / GP,gp-lab-result-review-f20,follow_up,as per results,20,"as per, depends on results",followup
gp-lab-result-review,General Medicine / GP,gp-lab-result-review-f21,follow_up,sooner if abnormal,21,sooner,followup
peds-fever,Pediatrics,peds-fever-s1,symptoms,fever,1,"fever, pyrexia",acute
peds-fever,Pediatrics,peds-fever-s2,symptoms,chills and rigors,2,"chills, rigors, shivering",acute
peds-fever,Pediatrics,peds-fever-s3,symptoms,reduced activity,3,"reduced activity, less playful",general
peds-fever,Pediatrics,peds-fever-s4,symptoms,reduced feeding,4,"reduced feeding, not feeding well",feeding
peds-fever,Pediatrics,peds-fever-s5,symptoms,irritability,5,"irritability, fussy, crying",general
peds-fever,Pediatrics,peds-fever-s6,symptoms,cough,6,cough,respiratory
peds-fever,Pediatrics,peds-fever-s7,symptoms,runny nose,7,"runny nose, rhinorrhea",respiratory
peds-fever,Pediatrics,peds-fever-s8,symptoms,vomiting,8,vomiting,gi
peds-fever,Pediatrics,peds-fever-s9,symptoms,diarrhea,9,"diarrhea, loose stools",gi
peds-fever,Pediatrics,peds-fever-s10,symptoms,rash,10,"rash, skin rash",dermatology
peds-fever,Pediatrics,peds-fever-s11,symptoms,sleep disturbance,11,"sleep disturbance, restless",general
peds-fever,Pediatrics,peds-fever-n12,relevant_negatives,no breathing difficulty,12,"no SOB, no respiratory distress",respiratory
peds-fever,Pediatrics,peds-fever-n13,relevant_negatives,no seizure reported,13,"no seizure activity, no fit",neuro
peds-fever,Pediatrics,peds-fever-n14,relevant_negatives,no neck stiffness,14,no neck stiffness,neuro
peds-fever,Pediatrics,peds-fever-n15,relevant_negatives,no persistent vomiting,15,no persistent vomiting,gi
peds-fever,Pediatrics,peds-fever-n16,relevant_negatives,no non-blanching rash,16,"no petechiae, no purpura",dermatology
peds-fever,Pediatrics,peds-fever-n17,relevant_negatives,urine output maintained,17,"urine output adequate, wet diapers",renal
peds-fever,Pediatrics,peds-fever-n18,relevant_negatives,no reduced consciousness,18,"no drowsiness, alert",neuro
peds-fever,Pediatrics,peds-fever-n19,relevant_negatives,no poor feeding reported,19,feeding well per parent,feeding
peds-fever,Pediatrics,peds-fever-e20,exam_findings,child alert,20,"alert, responsive",general
peds-fever,Pediatrics,peds-fever-e21,exam_findings,child active and playful,21,"playful, active",general
peds-fever,Pediatrics,peds-fever-e22,exam_findings,febrile in clinic,22,"febrile, febrile on exam",vitals
peds-fever,Pediatrics,peds-fever-e23,exam_findings,afebrile in clinic,23,afebrile,vitals
peds-fever,Pediatrics,peds-fever-e24,exam_findings,hydration adequate,24,"good hydration, moist mm",general
peds-fever,Pediatrics,peds-fever-e25,exam_findings,no respiratory distress,25,no RD,respiratory
peds-fever,Pediatrics,peds-fever-e26,exam_findings,capillary refill documented,26,"capillary refill, CRT assessed if assessed",vitals
peds-fever,Pediatrics,peds-fever-e27,exam_findings,throat examined,27,"throat examined, pharynx assessed if assessed",ent
peds-fever,Pediatrics,peds-fever-e28,exam_findings,chest clear if assessed,28,"chest clear, lungs clear if assessed",respiratory
peds-fever,Pediatrics,peds-fever-e29,exam_findings,decreased skin turgor,29,"dry, dehydration",general
peds-fever,Pediatrics,peds-fever-r30,red_flags,age under 3 months with fever,30,"neonatal fever, infant fever","high_safety,neonatal"
peds-fever,Pediatrics,peds-fever-r31,red_flags,lethargy,31,"lethargic, difficult to rouse","neuro,high_safety"
peds-fever,Pediatrics,peds-fever-r32,red_flags,poor feeding,32,"poor feeding, not feeding","feeding,high_safety"
peds-fever,Pediatrics,peds-fever-r33,red_flags,respiratory distress,33,"respiratory distress, tachypnea","respiratory,high_safety"
peds-fever,Pediatrics,peds-fever-r34,red_flags,seizure,34,"seizure, convulsion","neuro,high_safety"
peds-fever,Pediatrics,peds-fever-r35,red_flags,non-blanching rash,35,"petechiae, purpura","dermatology,high_safety"
peds-fever,Pediatrics,peds-fever-r36,red_flags,neck stiffness,36,"neck stiffness, meningism","neuro,high_safety"
peds-fever,Pediatrics,peds-fever-r37,red_flags,reduced urine output,37,decreased wet diapers,"renal,high_safety"
peds-fever,Pediatrics,peds-fever-r38,red_flags,dehydration signs,38,"dehydration, dry mm","general,high_safety"
peds-fever,Pediatrics,peds-fever-p39,plan_phrases,supportive care discussed,39,supportive care,plan
peds-fever,Pediatrics,peds-fever-p40,plan_phrases,antipyretic use as per clinician plan,40,"antipyretic, fever management",plan
peds-fever,Pediatrics,peds-fever-p41,plan_phrases,hydration advice discussed,41,"hydration, fluids",plan
peds-fever,Pediatrics,peds-fever-p42,plan_phrases,return precautions discussed,42,"return precautions, warning signs",plan
peds-fever,Pediatrics,peds-fever-p43,plan_phrases,parent/guardian advice discussed,43,"parent advice, caregiver guidance",plan
peds-fever,Pediatrics,peds-fever-p44,plan_phrases,sick note issued as per clinician plan,44,sick note,plan
peds-fever,Pediatrics,peds-fever-f45,follow_up,1-2 days if not improving,45,1-2 days,followup
peds-fever,Pediatrics,peds-fever-f46,follow_up,sooner if worsening,46,"sooner, PRN",followup
peds-cough,Pediatrics,peds-cough-s1,symptoms,cough,1,cough,respiratory
peds-cough,Pediatrics,peds-cough-s2,symptoms,runny nose,2,"runny nose, rhinorrhea",respiratory
peds-cough,Pediatrics,peds-cough-s3,symptoms,nasal congestion,3,"nasal congestion, blocked nose",respiratory
peds-cough,Pediatrics,peds-cough-s4,symptoms,fever,4,fever,acute
peds-cough,Pediatrics,peds-cough-s5,symptoms,sore throat,5,"sore throat, throat pain",ent
peds-cough,Pediatrics,peds-cough-s6,symptoms,wheeze,6,"wheeze, noisy breathing",respiratory
peds-cough,Pediatrics,peds-cough-s7,symptoms,reduced feeding,7,reduced feeding,feeding
peds-cough,Pediatrics,peds-cough-s8,symptoms,sleep disturbance,8,"sleep disturbance, waking at night",general
peds-cough,Pediatrics,peds-cough-s9,symptoms,cough duration,9,how long cough,respiratory
peds-cough,Pediatrics,peds-cough-s10,symptoms,dry vs productive cough,10,"dry cough, productive cough",respiratory
peds-cough,Pediatrics,peds-cough-n11,relevant_negatives,no respiratory distress,11,no RD,respiratory
peds-cough,Pediatrics,peds-cough-n12,relevant_negatives,no cyanosis,12,"no cyanosis, no blue lips",respiratory
peds-cough,Pediatrics,peds-cough-n13,relevant_negatives,no poor feeding reported,13,feeding maintained per parent,feeding
peds-cough,Pediatrics,peds-cough-n14,relevant_negatives,no fever,14,no fever,acute
peds-cough,Pediatrics,peds-cough-n15,relevant_negatives,no wheeze,15,no wheeze,respiratory
peds-cough,Pediatrics,peds-cough-n16,relevant_negatives,no ear pain,16,no ear pain,ent
peds-cough,Pediatrics,peds-cough-n17,relevant_negatives,no choking episode,17,no choking,respiratory
peds-cough,Pediatrics,peds-cough-e18,exam_findings,chest clear if assessed,18,chest clear,respiratory
peds-cough,Pediatrics,peds-cough-e19,exam_findings,wheeze heard if assessed,19,"wheeze, expiratory",respiratory
peds-cough,Pediatrics,peds-cough-e20,exam_findings,no chest recession,20,"no chest recession, no subcostal",respiratory
peds-cough,Pediatrics,peds-cough-e21,exam_findings,no nasal flaring,21,no nasal flaring,respiratory
peds-cough,Pediatrics,peds-cough-e22,exam_findings,afebrile,22,afebrile,vitals
peds-cough,Pediatrics,peds-cough-e23,exam_findings,febrile,23,febrile,vitals
peds-cough,Pediatrics,peds-cough-e24,exam_findings,child alert,24,alert,general
peds-cough,Pediatrics,peds-cough-e25,exam_findings,throat examined if assessed,25,throat clear,ent
peds-cough,Pediatrics,peds-cough-r26,red_flags,respiratory distress,26,"respiratory distress, tachypnea","respiratory,high_safety"
peds-cough,Pediatrics,peds-cough-r27,red_flags,persistent fever,27,persistent fever >3 days,"acute,high_safety"
peds-cough,Pediatrics,peds-cough-r28,red_flags,poor feeding,28,poor feeding due to cough,"feeding,high_safety"
peds-cough,Pediatrics,peds-cough-r29,red_flags,cyanosis,29,cyanosis,"respiratory,high_safety"
peds-cough,Pediatrics,peds-cough-r30,red_flags,lethargy,30,lethargic,"neuro,high_safety"
peds-cough,Pediatrics,peds-cough-r31,red_flags,age under 6 months with cough,31,young infant cough,"respiratory,high_safety"
peds-cough,Pediatrics,peds-cough-i32,investigations,O2 sats checked if assessed,32,"O2 saturations, SpO2",investigations
peds-cough,Pediatrics,peds-cough-i33,investigations,CXR ordered if indicated per clinician,33,chest x-ray,investigations
peds-cough,Pediatrics,peds-cough-p34,plan_phrases,supportive care discussed,34,supportive care,plan
peds-cough,Pediatrics,peds-cough-p35,plan_phrases,nasal saline drops discussed,35,"saline drops, nasal hygiene",plan
peds-cough,Pediatrics,peds-cough-p36,plan_phrases,hydration advice discussed,36,"hydration, fluids",plan
peds-cough,Pediatrics,peds-cough-p37,plan_phrases,return precautions discussed,37,return precautions,plan
peds-cough,Pediatrics,peds-cough-p38,plan_phrases,parent/guardian advice discussed,38,parent guidance,plan
peds-cough,Pediatrics,peds-cough-f39,follow_up,2-3 days if not improving,39,2-3 days,followup
peds-cough,Pediatrics,peds-cough-f40,follow_up,sooner if worsening,40,sooner,followup
peds-vomiting-diarrhea,Pediatrics,peds-vomiting-diarrhea-s1,symptoms,vomiting,1,vomiting,gi
peds-vomiting-diarrhea,Pediatrics,peds-vomiting-diarrhea-s2,symptoms,vomiting frequency,2,"how many times, frequency",gi
peds-vomiting-diarrhea,Pediatrics,peds-vomiting-diarrhea-s3,symptoms,diarrhea,3,diarrhea,gi
peds-vomiting-diarrhea,Pediatrics,peds-vomiting-diarrhea-s4,symptoms,diarrhea frequency,4,diarrhea how many times daily,gi
peds-vomiting-diarrhea,Pediatrics,peds-vomiting-diarrhea-s5,symptoms,watery stool,5,"watery, loose",gi
peds-vomiting-diarrhea,Pediatrics,peds-vomiting-diarrhea-s6,symptoms,blood or mucus in stool,6,"blood, mucus",gi
peds-vomiting-diarrhea,Pediatrics,peds-vomiting-diarrhea-s7,symptoms,fever,7,fever,acute
peds-vomiting-diarrhea,Pediatrics,peds-vomiting-diarrhea-s8,symptoms,abdominal pain,8,"abdominal pain, cramps",gi
peds-vomiting-diarrhea,Pediatrics,peds-vomiting-diarrhea-s9,symptoms,reduced oral intake,9,"not drinking, not eating",gi
peds-vomiting-diarrhea,Pediatrics,peds-vomiting-diarrhea-s10,symptoms,reduced urine output,10,fewer wet diapers,renal
peds-vomiting-diarrhea,Pediatrics,peds-vomiting-diarrhea-s11,symptoms,lethargy,11,"lethargic, tired",general
peds-vomiting-diarrhea,Pediatrics,peds-vomiting-diarrhea-n12,relevant_negatives,no blood in vomit,12,no hematemesis,gi
peds-vomiting-diarrhea,Pediatrics,peds-vomiting-diarrhea-n13,relevant_negatives,no blood in stool,13,no hematochezia,gi
peds-vomiting-diarrhea,Pediatrics,peds-vomiting-diarrhea-n14,relevant_negatives,no severe abdominal pain,14,no severe pain,gi
peds-vomiting-diarrhea,Pediatrics,peds-vomiting-diarrhea-n15,relevant_negatives,no fever,15,no fever,acute
peds-vomiting-diarrhea,Pediatrics,peds-vomiting-diarrhea-n16,relevant_negatives,no bilious vomiting,16,no green vomitus,gi
peds-vomiting-diarrhea,Pediatrics,peds-vomiting-diarrhea-n17,relevant_negatives,no reduced consciousness,17,no drowsiness,neuro
peds-vomiting-diarrhea,Pediatrics,peds-vomiting-diarrhea-e18,exam_findings,hydration adequate,18,"good hydration, moist mm",general
peds-vomiting-diarrhea,Pediatrics,peds-vomiting-diarrhea-e19,exam_findings,dry mucous membranes,19,"dry mm, dry mouth",general
peds-vomiting-diarrhea,Pediatrics,peds-vomiting-diarrhea-e20,exam_findings,decreased skin turgor,20,decreased turgor,general
peds-vomiting-diarrhea,Pediatrics,peds-vomiting-diarrhea-e21,exam_findings,abdomen soft non-tender,21,abdomen benign,gi
peds-vomiting-diarrhea,Pediatrics,peds-vomiting-diarrhea-e22,exam_findings,abdominal tenderness if assessed,22,abdominal tenderness,gi
peds-vomiting-diarrhea,Pediatrics,peds-vomiting-diarrhea-e23,exam_findings,child alert,23,alert,general
peds-vomiting-diarrhea,Pediatrics,peds-vomiting-diarrhea-e24,exam_findings,afebrile,24,afebrile,vitals
peds-vomiting-diarrhea,Pediatrics,peds-vomiting-diarrhea-e25,exam_findings,tachycardia,25,"tachycardia, heart rate elevated",vitals
peds-vomiting-diarrhea,Pediatrics,peds-vomiting-diarrhea-r26,red_flags,dehydration signs,26,"dehydration, severe","gi,high_safety"
peds-vomiting-diarrhea,Pediatrics,peds-vomiting-diarrhea-r27,red_flags,blood in stool,27,"hematochezia, dysentery","gi,high_safety"
peds-vomiting-diarrhea,Pediatrics,peds-vomiting-diarrhea-r28,red_flags,persistent vomiting,28,"persistent vomiting, unable to keep fluids","gi,high_safety"
peds-vomiting-diarrhea,Pediatrics,peds-vomiting-diarrhea-r29,red_flags,lethargy,29,"lethargic, difficult to rouse","neuro,high_safety"
peds-vomiting-diarrhea,Pediatrics,peds-vomiting-diarrhea-r30,red_flags,reduced urine output,30,decreased wet diapers,"renal,high_safety"
peds-vomiting-diarrhea,Pediatrics,peds-vomiting-diarrhea-r31,red_flags,age under 6 months,31,young infant,"gi,high_safety"
peds-vomiting-diarrhea,Pediatrics,peds-vomiting-diarrhea-r32,red_flags,bilious vomiting,32,green vomitus,"gi,high_safety"
peds-vomiting-diarrhea,Pediatrics,peds-vomiting-diarrhea-p33,plan_phrases,oral rehydration solution advised,33,"ORS, rehydration",plan
peds-vomiting-diarrhea,Pediatrics,peds-vomiting-diarrhea-p34,plan_phrases,continue breastfeeding advice discussed,34,breastfeeding continue if applicable,plan
peds-vomiting-diarrhea,Pediatrics,peds-vomiting-diarrhea-p35,plan_phrases,bland diet advised,35,"BRAT diet, easy foods",plan
peds-vomiting-diarrhea,Pediatrics,peds-vomiting-diarrhea-p36,plan_phrases,return precautions discussed,36,return precautions,plan
peds-vomiting-diarrhea,Pediatrics,peds-vomiting-diarrhea-p37,plan_phrases,sick note/ care form issued as per clinician,37,"sick note, care certificate",plan
peds-vomiting-diarrhea,Pediatrics,peds-vomiting-diarrhea-f38,follow_up,1-2 days if not improving,38,1-2 days,followup
peds-vomiting-diarrhea,Pediatrics,peds-vomiting-diarrhea-f39,follow_up,sooner if worsening,39,sooner,followup
peds-rash,Pediatrics,peds-rash-s1,symptoms,rash,1,"rash, skin eruption",dermatology
peds-rash,Pediatrics,peds-rash-s2,symptoms,itching,2,"itching, pruritus",dermatology
peds-rash,Pediatrics,peds-rash-s3,symptoms,fever,3,fever,acute
peds-rash,Pediatrics,peds-rash-s4,symptoms,rash distribution,4,"distribution, where on body",dermatology
peds-rash,Pediatrics,peds-rash-s5,symptoms,new medication or exposure,5,"new meds, new exposure",general
peds-rash,Pediatrics,peds-rash-s6,symptoms,contact history,6,"contact with sick, exposure",general
peds-rash,Pediatrics,peds-rash-s7,symptoms,recent travel,7,travel history,general
peds-rash,Pediatrics,peds-rash-s8,symptoms,oral intake affected,8,"eating, drinking",general
peds-rash,Pediatrics,peds-rash-n9,relevant_negatives,no breathing difficulty,9,no SOB,respiratory
peds-rash,Pediatrics,peds-rash-n10,relevant_negatives,no mucosal involvement,10,"no oral ulcers, no conjunctival injection",dermatology
peds-rash,Pediatrics,peds-rash-n11,relevant_negatives,no non-blanching rash,11,no petechiae,dermatology
peds-rash,Pediatrics,peds-rash-n12,relevant_negatives,no facial or lip swelling,12,no angioedema,dermatology
peds-rash,Pediatrics,peds-rash-n13,relevant_negatives,no fever,13,no fever,acute
peds-rash,Pediatrics,peds-rash-n14,relevant_negatives,no joint swelling,14,no joint pain,msk
peds-rash,Pediatrics,peds-rash-e15,exam_findings,rash morphology documented,15,"maculopapular, vesicular, urticarial if assessed",dermatology
peds-rash,Pediatrics,peds-rash-e16,exam_findings,rash blanching,16,"blanching, blanch test if assessed",dermatology
peds-rash,Pediatrics,peds-rash-e17,exam_findings,mucous membranes clear,17,"mucosa clear, no oral lesions",dermatology
peds-rash,Pediatrics,peds-rash-e18,exam_findings,afebrile,18,afebrile,vitals
peds-rash,Pediatrics,peds-rash-e19,exam_findings,febrile,19,febrile,vitals
peds-rash,Pediatrics,peds-rash-e20,exam_findings,child well appearing,20,"well, no distress",general
peds-rash,Pediatrics,peds-rash-r21,red_flags,non-blanching rash,21,"petechiae, purpura","dermatology,high_safety"
peds-rash,Pediatrics,peds-rash-r22,red_flags,mucosal involvement,22,"mucosal lesions, conjunctival injection","dermatology,high_safety"
peds-rash,Pediatrics,peds-rash-r23,red_flags,facial or lip swelling,23,"angioedema, periorbital","dermatology,high_safety"
peds-rash,Pediatrics,peds-rash-r24,red_flags,respiratory distress with rash,24,breathing difficulty,"respiratory,high_safety"
peds-rash,Pediatrics,peds-rash-r25,red_flags,blistering rash,25,"blisters, bullae","dermatology,high_safety"
peds-rash,Pediatrics,peds-rash-r26,red_flags,fever with rash ill appearing,26,"ill appearing, toxic","general,high_safety"
peds-rash,Pediatrics,peds-rash-p27,plan_phrases,topical treatment as per clinician plan,27,"topical, cream",plan
peds-rash,Pediatrics,peds-rash-p28,plan_phrases,emollient use discussed,28,"emollient, moisturizer",plan
peds-rash,Pediatrics,peds-rash-p29,plan_phrases,antihistamine use as per clinician plan,29,antihistamine,plan
peds-rash,Pediatrics,peds-rash-p30,plan_phrases,avoid scratching discussed,30,"scratching, itch relief",plan
peds-rash,Pediatrics,peds-rash-p31,plan_phrases,return precautions discussed,31,return precautions,plan
peds-rash,Pediatrics,peds-rash-p32,plan_phrases,parent/guardian advice discussed,32,parent guidance,plan
peds-rash,Pediatrics,peds-rash-f33,follow_up,2-3 days if not improving,33,2-3 days,followup
peds-rash,Pediatrics,peds-rash-f34,follow_up,sooner if worsening,34,sooner,followup
peds-poor-feeding,Pediatrics,peds-poor-feeding-s1,symptoms,reduced feeding,1,"reduced feeding, not feeding well",feeding
peds-poor-feeding,Pediatrics,peds-poor-feeding-s2,symptoms,vomiting,2,"vomiting, posseting",gi
peds-poor-feeding,Pediatrics,peds-poor-feeding-s3,symptoms,fever,3,fever,acute
peds-poor-feeding,Pediatrics,peds-poor-feeding-s4,symptoms,lethargy,4,"lethargic, sleepy, low energy",general
peds-poor-feeding,Pediatrics,peds-poor-feeding-s5,symptoms,reduced urine output,5,fewer wet diapers,renal
peds-poor-feeding,Pediatrics,peds-poor-feeding-s6,symptoms,weight concern,6,"weight, growth concern",growth
peds-poor-feeding,Pediatrics,peds-poor-feeding-s7,symptoms,breastfeeding details,7,"breastfeeding, latch, duration if relevant",feeding
peds-poor-feeding,Pediatrics,peds-poor-feeding-s8,symptoms,formula feeding details,8,"formula, quantity, feeds if relevant",feeding
peds-poor-feeding,Pediatrics,peds-poor-feeding-s9,symptoms,crying pattern,9,"crying, constant crying",general
peds-poor-feeding,Pediatrics,peds-poor-feeding-s10,symptoms,recent illness,10,recent infection,general
peds-poor-feeding,Pediatrics,peds-poor-feeding-n11,relevant_negatives,no respiratory distress,11,no RD,respiratory
peds-poor-feeding,Pediatrics,peds-poor-feeding-n12,relevant_negatives,no persistent vomiting,12,no persistent vomiting,gi
peds-poor-feeding,Pediatrics,peds-poor-feeding-n13,relevant_negatives,no diarrhea,13,no diarrhea,gi
peds-poor-feeding,Pediatrics,peds-poor-feeding-n14,relevant_negatives,no fever,14,no fever,acute
peds-poor-feeding,Pediatrics,peds-poor-feeding-n15,relevant_negatives,no lethargy,15,"no lethargy, active",general
peds-poor-feeding,Pediatrics,peds-poor-feeding-n16,relevant_negatives,urine output maintained,16,"wet diapers, output adequate",renal
peds-poor-feeding,Pediatrics,peds-poor-feeding-e17,exam_findings,hydration status assessed,17,hydration assessed,general
peds-poor-feeding,Pediatrics,peds-poor-feeding-e18,exam_findings,hydration adequate,18,good hydration,general
peds-poor-feeding,Pediatrics,peds-poor-feeding-e19,exam_findings,decreased skin turgor,19,"dry, dehydration",general
peds-poor-feeding,Pediatrics,peds-poor-feeding-e20,exam_findings,activity level documented,20,"active, alert, playing",general
peds-poor-feeding,Pediatrics,peds-poor-feeding-e21,exam_findings,weight documented if measured,21,weight recorded,growth
peds-poor-feeding,Pediatrics,peds-poor-feeding-e22,exam_findings,child alert,22,alert,general
peds-poor-feeding,Pediatrics,peds-poor-feeding-e23,exam_findings,child lethargic,23,lethargic,"general,high_safety"
peds-poor-feeding,Pediatrics,peds-poor-feeding-r24,red_flags,dehydration signs,24,"dehydration, severe","general,high_safety"
peds-poor-feeding,Pediatrics,peds-poor-feeding-r25,red_flags,lethargy,25,"lethargic, difficult to rouse","neuro,high_safety"
peds-poor-feeding,Pediatrics,peds-poor-feeding-r26,red_flags,age under 3 months,26,"young infant, neonatal","neonatal,high_safety"
peds-poor-feeding,Pediatrics,peds-poor-feeding-r27,red_flags,persistent vomiting,27,"vomiting, unable to feed","gi,high_safety"
peds-poor-feeding,Pediatrics,peds-poor-feeding-r28,red_flags,significant weight loss,28,weight loss,"growth,high_safety"
peds-poor-feeding,Pediatrics,peds-poor-feeding-r29,red_flags,reduced urine output,29,no wet diapers,"renal,high_safety"
peds-poor-feeding,Pediatrics,peds-poor-feeding-p30,plan_phrases,breastfeeding support discussed,30,"breastfeeding, lactation if relevant",plan
peds-poor-feeding,Pediatrics,peds-poor-feeding-p31,plan_phrases,feeding advice discussed,31,feeding guidance,plan
peds-poor-feeding,Pediatrics,peds-poor-feeding-p32,plan_phrases,hydration advice discussed,32,"hydration, fluids",plan
peds-poor-feeding,Pediatrics,peds-poor-feeding-p33,plan_phrases,return precautions discussed,33,return precautions,plan
peds-poor-feeding,Pediatrics,peds-poor-feeding-p34,plan_phrases,weight monitoring advised,34,weight check,plan
peds-poor-feeding,Pediatrics,peds-poor-feeding-f35,follow_up,1-2 days,35,1-2 days,followup
peds-poor-feeding,Pediatrics,peds-poor-feeding-f36,follow_up,sooner if worsening,36,sooner,followup
peds-ear-pain,Pediatrics,peds-ear-pain-s1,symptoms,ear pain,1,"ear pain, otalgia",ent
peds-ear-pain,Pediatrics,peds-ear-pain-s2,symptoms,ear pulling,2,"ear pulling, tugging",ent
peds-ear-pain,Pediatrics,peds-ear-pain-s3,symptoms,fever,3,fever,acute
peds-ear-pain,Pediatrics,peds-ear-pain-s4,symptoms,ear discharge,4,"ear discharge, otorrhea",ent
peds-ear-pain,Pediatrics,peds-ear-pain-s5,symptoms,hearing concern,5,"hearing, not responding",ent
peds-ear-pain,Pediatrics,peds-ear-pain-s6,symptoms,recent URTI symptoms,6,"recent cold, runny nose",ent
peds-ear-pain,Pediatrics,peds-ear-pain-s7,symptoms,irritability,7,"irritability, fussy",general
peds-ear-pain,Pediatrics,peds-ear-pain-s8,symptoms,sleep disturbance,8,sleep disturbance,general
peds-ear-pain,Pediatrics,peds-ear-pain-n9,relevant_negatives,no mastoid swelling,9,no postauricular swelling,ent
peds-ear-pain,Pediatrics,peds-ear-pain-n10,relevant_negatives,no dizziness,10,no vertigo,ent
peds-ear-pain,Pediatrics,peds-ear-pain-n11,relevant_negatives,no fever,11,no fever,acute
peds-ear-pain,Pediatrics,peds-ear-pain-n12,relevant_negatives,no ear discharge,12,no otorrhea,ent
peds-ear-pain,Pediatrics,peds-ear-pain-n13,relevant_negatives,no head trauma,13,no injury,ent
peds-ear-pain,Pediatrics,peds-ear-pain-e14,exam_findings,otoscopy findings if assessed,14,"tympanic membrane, otoscopy if assessed",ent
peds-ear-pain,Pediatrics,peds-ear-pain-e15,exam_findings,tympanic membrane normal if assessed,15,TM normal if assessed,ent
peds-ear-pain,Pediatrics,peds-ear-pain-e16,exam_findings,tympanic membrane red and bulging,16,"red bulging, TM inflamed if assessed",ent
peds-ear-pain,Pediatrics,peds-ear-pain-e17,exam_findings,external ear normal,17,external ear clear,ent
peds-ear-pain,Pediatrics,peds-ear-pain-e18,exam_findings,mastoid non-tender,18,mastoid no tenderness,ent
peds-ear-pain,Pediatrics,peds-ear-pain-e19,exam_findings,afebrile,19,afebrile,vitals
peds-ear-pain,Pediatrics,peds-ear-pain-e20,exam_findings,febrile,20,febrile,vitals
peds-ear-pain,Pediatrics,peds-ear-pain-e21,exam_findings,throat clear,21,throat normal,ent
peds-ear-pain,Pediatrics,peds-ear-pain-r22,red_flags,mastoid tenderness or swelling,22,"mastoiditis, postauricular","ent,high_safety"
peds-ear-pain,Pediatrics,peds-ear-pain-r23,red_flags,significant hearing loss,23,hearing loss,"ent,high_safety"
peds-ear-pain,Pediatrics,peds-ear-pain-r24,red_flags,recurrent ear infections,24,recurrent AOM,"ent,high_safety"
peds-ear-pain,Pediatrics,peds-ear-pain-r25,red_flags,fever with severe ear pain,25,severe pain,"ent,high_safety"
peds-ear-pain,Pediatrics,peds-ear-pain-r26,red_flags,foreign body suspected,26,foreign body,"ent,high_safety"
peds-ear-pain,Pediatrics,peds-ear-pain-p27,plan_phrases,supportive care discussed,27,supportive,plan
peds-ear-pain,Pediatrics,peds-ear-pain-p28,plan_phrases,analgesic use as per clinician plan,28,"analgesic, pain relief",plan
peds-ear-pain,Pediatrics,peds-ear-pain-p29,plan_phrases,antibiotic use as per clinician plan,29,antibiotic if indicated per clinician,plan
peds-ear-pain,Pediatrics,peds-ear-pain-p30,plan_phrases,return precautions discussed,30,return precautions,plan
peds-ear-pain,Pediatrics,peds-ear-pain-p31,plan_phrases,parent/guardian advice discussed,31,parent guidance,plan
peds-ear-pain,Pediatrics,peds-ear-pain-f32,follow_up,2-3 days if not improving,32,2-3 days,followup
peds-ear-pain,Pediatrics,peds-ear-pain-f33,follow_up,sooner if worsening,33,sooner,followup
peds-abdominal-pain,Pediatrics,peds-abdominal-pain-s1,symptoms,abdominal pain,1,abdominal pain,gi
peds-abdominal-pain,Pediatrics,peds-abdominal-pain-s2,symptoms,pain location,2,"periumbilical, epigastric, lower",gi
peds-abdominal-pain,Pediatrics,peds-abdominal-pain-s3,symptoms,vomiting,3,vomiting,gi
peds-abdominal-pain,Pediatrics,peds-abdominal-pain-s4,symptoms,diarrhea,4,diarrhea,gi
peds-abdominal-pain,Pediatrics,peds-abdominal-pain-s5,symptoms,constipation,5,constipation,gi
peds-abdominal-pain,Pediatrics,peds-abdominal-pain-s6,symptoms,fever,6,fever,acute
peds-abdominal-pain,Pediatrics,peds-abdominal-pain-s7,symptoms,urinary symptoms,7,"dysuria, frequency",renal
peds-abdominal-pain,Pediatrics,peds-abdominal-pain-s8,symptoms,appetite change,8,appetite decreased,gi
peds-abdominal-pain,Pediatrics,peds-abdominal-pain-s9,symptoms,pain character,9,"crampy, colicky, sharp",gi
peds-abdominal-pain,Pediatrics,peds-abdominal-pain-n10,relevant_negatives,no persistent vomiting,10,no persistent vomiting,gi
peds-abdominal-pain,Pediatrics,peds-abdominal-pain-n11,relevant_negatives,no blood in stool,11,"no melena, no hematochezia",gi
peds-abdominal-pain,Pediatrics,peds-abdominal-pain-n12,relevant_negatives,no severe localized pain,12,no focal severe pain,gi
peds-abdominal-pain,Pediatrics,peds-abdominal-pain-n13,relevant_negatives,no fever,13,no fever,acute
peds-abdominal-pain,Pediatrics,peds-abdominal-pain-n14,relevant_negatives,no dysuria,14,no pain with urination,renal
peds-abdominal-pain,Pediatrics,peds-abdominal-pain-n15,relevant_negatives,no trauma,15,no injury,general
peds-abdominal-pain,Pediatrics,peds-abdominal-pain-e16,exam_findings,abdomen soft,16,soft,gi
peds-abdominal-pain,Pediatrics,peds-abdominal-pain-e17,exam_findings,abdominal tenderness if assessed,17,"tenderness, location",gi
peds-abdominal-pain,Pediatrics,peds-abdominal-pain-e18,exam_findings,bowel sounds normal,18,bowel sounds present,gi
peds-abdominal-pain,Pediatrics,peds-abdominal-pain-e19,exam_findings,no guarding,19,no guarding,gi
peds-abdominal-pain,Pediatrics,peds-abdominal-pain-e20,exam_findings,child well appearing,20,"well, playing",general
peds-abdominal-pain,Pediatrics,peds-abdominal-pain-e21,exam_findings,afebrile,21,afebrile,vitals
peds-abdominal-pain,Pediatrics,peds-abdominal-pain-r22,red_flags,guarding or rebound,22,"guarding, rigidity","gi,high_safety"
peds-abdominal-pain,Pediatrics,peds-abdominal-pain-r23,red_flags,severe persistent pain,23,"severe, crying","gi,high_safety"
peds-abdominal-pain,Pediatrics,peds-abdominal-pain-r24,red_flags,bilious vomiting,24,green vomitus,"gi,high_safety"
peds-abdominal-pain,Pediatrics,peds-abdominal-pain-r25,red_flags,abdominal distension,25,"distended, peritonitis","gi,high_safety"
peds-abdominal-pain,Pediatrics,peds-abdominal-pain-r26,red_flags,blood in stool,26,hematochezia,"gi,high_safety"
peds-abdominal-pain,Pediatrics,peds-abdominal-pain-r27,red_flags,fever with severe pain,27,febrile,"gi,high_safety"
peds-abdominal-pain,Pediatrics,peds-abdominal-pain-r28,red_flags,child appears toxic,28,"toxic, ill appearing","general,high_safety"
peds-abdominal-pain,Pediatrics,peds-abdominal-pain-p29,plan_phrases,dietary advice discussed,29,"diet, avoid heavy foods",plan
peds-abdominal-pain,Pediatrics,peds-abdominal-pain-p30,plan_phrases,hydration advice discussed,30,fluids,plan
peds-abdominal-pain,Pediatrics,peds-abdominal-pain-p31,plan_phrases,laxative use as per clinician plan,31,laxative if constipated,plan
peds-abdominal-pain,Pediatrics,peds-abdominal-pain-p32,plan_phrases,return precautions discussed,32,return precautions,plan
peds-abdominal-pain,Pediatrics,peds-abdominal-pain-p33,plan_phrases,parent/guardian advice discussed,33,parent guidance,plan
peds-abdominal-pain,Pediatrics,peds-abdominal-pain-f34,follow_up,2-3 days if not improving,34,2-3 days,followup
peds-abdominal-pain,Pediatrics,peds-abdominal-pain-f35,follow_up,sooner if worsening,35,sooner,followup
peds-routine-followup,Pediatrics,peds-routine-followup-s1,symptoms,routine review,1,routine follow-up,general
peds-routine-followup,Pediatrics,peds-routine-followup-s2,symptoms,symptoms improving,2,symptoms improving,general
peds-routine-followup,Pediatrics,peds-routine-followup-s3,symptoms,parent/guardian concerns,3,"parent concerns, caregiver concerns",general
peds-routine-followup,Pediatrics,peds-routine-followup-s4,symptoms,feeding reviewed,4,"feeding, eating",feeding
peds-routine-followup,Pediatrics,peds-routine-followup-s5,symptoms,activity reviewed,5,"activity level, playing",general
peds-routine-followup,Pediatrics,peds-routine-followup-s6,symptoms,sleep reviewed,6,sleep pattern,general
peds-routine-followup,Pediatrics,peds-routine-followup-s7,symptoms,growth reviewed if relevant,7,"growth, height, weight",growth
peds-routine-followup,Pediatrics,peds-routine-followup-s8,symptoms,immunizations reviewed if relevant,8,"immunization, vaccine status",immunization
peds-routine-followup,Pediatrics,peds-routine-followup-e9,exam_findings,child well appearing,9,"well, no acute distress",general
peds-routine-followup,Pediatrics,peds-routine-followup-e10,exam_findings,child active,10,"active, playful",general
peds-routine-followup,Pediatrics,peds-routine-followup-e11,exam_findings,vitals stable,11,vitals normal,vitals
peds-routine-followup,Pediatrics,peds-routine-followup-e12,exam_findings,examination stable if assessed,12,exam normal if relevant,general
peds-routine-followup,Pediatrics,peds-routine-followup-e13,exam_findings,growth parameters documented if measured,13,"growth chart, centiles if measured",growth
peds-routine-followup,Pediatrics,peds-routine-followup-r14,red_flags,no acute concern identified,14,no acute findings,general
peds-routine-followup,Pediatrics,peds-routine-followup-r15,red_flags,unexpected growth faltering,15,"growth faltering, weight loss","growth,high_safety"
peds-routine-followup,Pediatrics,peds-routine-followup-r16,red_flags,unexpected developmental findings,16,developmental concern,"neuro,high_safety"
peds-routine-followup,Pediatrics,peds-routine-followup-r17,red_flags,safeguarding concern,17,"safeguarding, child protection","safeguarding,high_safety"
peds-routine-followup,Pediatrics,peds-routine-followup-p18,plan_phrases,management plan discussed,18,management plan,plan
peds-routine-followup,Pediatrics,peds-routine-followup-p19,plan_phrases,parent/guardian concerns addressed,19,concerns addressed,plan
peds-routine-followup,Pediatrics,peds-routine-followup-p20,plan_phrases,immunization schedule reviewed,20,vaccine schedule,plan
peds-routine-followup,Pediatrics,peds-routine-followup-p21,plan_phrases,follow-up arranged,21,"follow-up, next visit",plan
peds-routine-followup,Pediatrics,peds-routine-followup-p22,plan_phrases,return precautions discussed as per standard,22,return precautions,plan
peds-routine-followup,Pediatrics,peds-routine-followup-f23,follow_up,per routine schedule,23,routine schedule,followup
peds-routine-followup,Pediatrics,peds-routine-followup-f24,follow_up,sooner if concerns arise,24,sooner,followup
peds-vaccination,Pediatrics,peds-vaccination-s1,symptoms,vaccination visit,1,"vaccination, immunisation",immunization
peds-vaccination,Pediatrics,peds-vaccination-s2,symptoms,parent/guardian consent documented if applicable,2,"consent, approval",immunization
peds-vaccination,Pediatrics,peds-vaccination-s3,symptoms,immunization history reviewed,3,"vaccine history, previous vaccines",immunization
peds-vaccination,Pediatrics,peds-vaccination-s4,symptoms,no acute illness reported,4,"no acute illness, well",general
peds-vaccination,Pediatrics,peds-vaccination-s5,symptoms,previous vaccine reaction history reviewed,5,"reaction history, allergies",immunization
peds-vaccination,Pediatrics,peds-vaccination-s6,symptoms,fever or current illness,6,"fever, current illness",acute
peds-vaccination,Pediatrics,peds-vaccination-s7,symptoms,medication review,7,"medications, current meds",general
peds-vaccination,Pediatrics,peds-vaccination-e8,exam_findings,child well appearing for vaccination,8,"well, no contraindication",general
peds-vaccination,Pediatrics,peds-vaccination-e9,exam_findings,afebrile,9,afebrile,vitals
peds-vaccination,Pediatrics,peds-vaccination-r10,red_flags,acute febrile illness,10,"febrile, contraindication","acute,high_safety"
peds-vaccination,Pediatrics,peds-vaccination-r11,red_flags,history of severe vaccine reaction,11,"anaphylaxis, severe allergy","immunization,high_safety"
peds-vaccination,Pediatrics,peds-vaccination-r12,red_flags,immunosuppression,12,immunocompromised,"chronic,high_safety"
peds-vaccination,Pediatrics,peds-vaccination-r13,red_flags,parent/guardian refusal of vaccination,13,vaccine refusal,"immunization,high_safety"
peds-vaccination,Pediatrics,peds-vaccination-p14,plan_phrases,vaccine counseling documented,14,"counseling, vaccine discussion",plan
peds-vaccination,Pediatrics,peds-vaccination-p15,plan_phrases,benefits and risks discussed,15,risks benefits,plan
peds-vaccination,Pediatrics,peds-vaccination-p16,plan_phrases,post-vaccination advice discussed,16,post-vaccine care,plan
peds-vaccination,Pediatrics,peds-vaccination-p17,plan_phrases,common side effects discussed,17,"side effects, fever after vaccine",plan
peds-vaccination,Pediatrics,peds-vaccination-p18,plan_phrases,follow-up schedule discussed,18,next vaccine due,plan
peds-vaccination,Pediatrics,peds-vaccination-p19,plan_phrases,parent/guardian concerns addressed,19,concerns addressed,plan
peds-vaccination,Pediatrics,peds-vaccination-p20,plan_phrases,consent obtained per clinician documentation,20,consent documented,plan
peds-vaccination,Pediatrics,peds-vaccination-f21,follow_up,per vaccination schedule,21,vaccine schedule,followup
peds-vaccination,Pediatrics,peds-vaccination-f22,follow_up,sooner if side effects or concerns,22,sooner,followup
peds-growth-concern,Pediatrics,peds-growth-concern-s1,symptoms,growth concern,1,"growth concern, height, weight",growth
peds-growth-concern,Pediatrics,peds-growth-concern-s2,symptoms,weight concern,2,"weight gain, weight loss",growth
peds-growth-concern,Pediatrics,peds-growth-concern-s3,symptoms,height concern,3,"height, short stature",growth
peds-growth-concern,Pediatrics,peds-growth-concern-s4,symptoms,feeding history reviewed,4,"feeding, diet",feeding
peds-growth-concern,Pediatrics,peds-growth-concern-s5,symptoms,appetite reviewed,5,"appetite, eating well",feeding
peds-growth-concern,Pediatrics,peds-growth-concern-s6,symptoms,vomiting or diarrhea history,6,"vomiting, diarrhea, reflux",gi
peds-growth-concern,Pediatrics,peds-growth-concern-s7,symptoms,chronic illness history,7,"chronic disease, condition",chronic
peds-growth-concern,Pediatrics,peds-growth-concern-s8,symptoms,parent/guardian concern,8,parent concerns about growth,growth
peds-growth-concern,Pediatrics,peds-growth-concern-n9,relevant_negatives,no chronic illness,9,no chronic disease,chronic
peds-growth-concern,Pediatrics,peds-growth-concern-n10,relevant_negatives,no vomiting,10,no vomiting,gi
peds-growth-concern,Pediatrics,peds-growth-concern-n11,relevant_negatives,no diarrhea,11,no diarrhea,gi
peds-growth-concern,Pediatrics,peds-growth-concern-n12,relevant_negatives,no respiratory symptoms,12,"no cough, no SOB",respiratory
peds-growth-concern,Pediatrics,peds-growth-concern-e13,exam_findings,weight documented if measured,13,"weight, kg",growth
peds-growth-concern,Pediatrics,peds-growth-concern-e14,exam_findings,height documented if measured,14,"height, cm",growth
peds-growth-concern,Pediatrics,peds-growth-concern-e15,exam_findings,growth chart reviewed if available,15,"centiles, growth curve",growth
peds-growth-concern,Pediatrics,peds-growth-concern-e16,exam_findings,head circumference if relevant,16,head circ,growth
peds-growth-concern,Pediatrics,peds-growth-concern-e17,exam_findings,child well appearing,17,well,general
peds-growth-concern,Pediatrics,peds-growth-concern-e18,exam_findings,general physical examination,18,general exam if assessed,general
peds-growth-concern,Pediatrics,peds-growth-concern-r19,red_flags,significant weight loss,19,weight loss,"growth,high_safety"
peds-growth-concern,Pediatrics,peds-growth-concern-r20,red_flags,poor feeding or refusal,20,poor feeding,"feeding,high_safety"
peds-growth-concern,Pediatrics,peds-growth-concern-r21,red_flags,chronic diarrhea,21,persistent diarrhea,"gi,high_safety"
peds-growth-concern,Pediatrics,peds-growth-concern-r22,red_flags,developmental concern,22,developmental delay,"neuro,high_safety"
peds-growth-concern,Pediatrics,peds-growth-concern-r23,red_flags,failure to thrive,23,FTT,"growth,high_safety"
peds-growth-concern,Pediatrics,peds-growth-concern-p24,plan_phrases,dietary advice discussed,24,"diet, nutrition",plan
peds-growth-concern,Pediatrics,peds-growth-concern-p25,plan_phrases,feeding optimization discussed,25,"feeding, meal frequency",plan
peds-growth-concern,Pediatrics,peds-growth-concern-p26,plan_phrases,growth monitoring advised,26,"growth monitoring, follow-up",plan
peds-growth-concern,Pediatrics,peds-growth-concern-p27,plan_phrases,referral discussed if indicated per clinician,27,"referral, dietitian",plan
peds-growth-concern,Pediatrics,peds-growth-concern-p28,plan_phrases,parent/guardian concerns addressed,28,concerns addressed,plan
peds-growth-concern,Pediatrics,peds-growth-concern-f29,follow_up,1-3 months for growth monitoring,29,1-3 months,followup
peds-growth-concern,Pediatrics,peds-growth-concern-f30,follow_up,sooner if concerns worsen,30,sooner,followup
peds-development-concern,Pediatrics,peds-development-concern-s1,symptoms,developmental concern,1,"developmental concern, milestones",neuro
peds-development-concern,Pediatrics,peds-development-concern-s2,symptoms,speech delay concern,2,"speech delay, talking late",neuro
peds-development-concern,Pediatrics,peds-development-concern-s3,symptoms,motor delay concern,3,"motor delay, crawling, walking",neuro
peds-development-concern,Pediatrics,peds-development-concern-s4,symptoms,social interaction concern,4,"social, playing with others",neuro
peds-development-concern,Pediatrics,peds-development-concern-s5,symptoms,developmental regression,5,"regression, lost skills","neuro,high_safety"
peds-development-concern,Pediatrics,peds-development-concern-s6,symptoms,hearing concern,6,"hearing, responding to sounds",ent
peds-development-concern,Pediatrics,peds-development-concern-s7,symptoms,vision concern,7,"vision, eye contact",ophthalmology
peds-development-concern,Pediatrics,peds-development-concern-s8,symptoms,birth history reviewed,8,"birth history, gestation, delivery",neuro
peds-development-concern,Pediatrics,peds-development-concern-s9,symptoms,parent/guardian concerns,9,parent observations,neuro
peds-development-concern,Pediatrics,peds-development-concern-s10,symptoms,school performance,10,"school, learning, attention",neuro
peds-development-concern,Pediatrics,peds-development-concern-n11,relevant_negatives,no regression,11,no loss of skills,neuro
peds-development-concern,Pediatrics,peds-development-concern-n12,relevant_negatives,no seizure history,12,no seizures,neuro
peds-development-concern,Pediatrics,peds-development-concern-n13,relevant_negatives,no vision concern,13,no visual issues,ophthalmology
peds-development-concern,Pediatrics,peds-development-concern-n14,relevant_negatives,no hearing concern,14,hearing fine per parent,ent
peds-development-concern,Pediatrics,peds-development-concern-n15,relevant_negatives,no significant birth history,15,no birth complications,neuro
peds-development-concern,Pediatrics,peds-development-concern-e16,exam_findings,developmental milestones assessed,16,"milestones, age-appropriate if assessed",neuro
peds-development-concern,Pediatrics,peds-development-concern-e17,exam_findings,child alert and interactive,17,"alert, interacting",neuro
peds-development-concern,Pediatrics,peds-development-concern-e18,exam_findings,social smile documented,18,social smile if applicable,neuro
peds-development-concern,Pediatrics,peds-development-concern-e19,exam_findings,gait assessed if walking,19,"gait, walking pattern if assessed",neuro
peds-development-concern,Pediatrics,peds-development-concern-e20,exam_findings,speech assessed,20,"speech, words if assessed",neuro
peds-development-concern,Pediatrics,peds-development-concern-e21,exam_findings,growth parameters documented,21,"height, weight, head circumference if measured",growth
peds-development-concern,Pediatrics,peds-development-concern-e22,exam_findings,general examination normal,22,general exam,general
peds-development-concern,Pediatrics,peds-development-concern-r23,red_flags,developmental regression,23,"regression, lost milestones","neuro,high_safety"
peds-development-concern,Pediatrics,peds-development-concern-r24,red_flags,seizure history,24,seizures,"neuro,high_safety"
peds-development-concern,Pediatrics,peds-development-concern-r25,red_flags,loss of skills,25,lost skills,"neuro,high_safety"
peds-development-concern,Pediatrics,peds-development-concern-r26,red_flags,safeguarding concern,26,"safeguarding, neglect","safeguarding,high_safety"
peds-development-concern,Pediatrics,peds-development-concern-r27,red_flags,significant motor delay,27,"not walking, not sitting","neuro,high_safety"
peds-development-concern,Pediatrics,peds-development-concern-r28,red_flags,no social interaction,28,"no eye contact, not responding","neuro,high_safety"
peds-development-concern,Pediatrics,peds-development-concern-p29,plan_phrases,developmental surveillance discussed,29,"surveillance, monitoring",plan
peds-development-concern,Pediatrics,peds-development-concern-p30,plan_phrases,early intervention services discussed,30,early intervention,plan
peds-development-concern,Pediatrics,peds-development-concern-p31,plan_phrases,hearing test discussed,31,hearing assessment,plan
peds-development-concern,Pediatrics,peds-development-concern-p32,plan_phrases,vision test discussed,32,vision test,plan
peds-development-concern,Pediatrics,peds-development-concern-p33,plan_phrases,referral discussed if indicated per clinician,33,"referral, pediatric neurologist, speech therapy",plan
peds-development-concern,Pediatrics,peds-development-concern-p34,plan_phrases,parent/guardian concerns addressed,34,concerns addressed,plan
peds-development-concern,Pediatrics,peds-development-concern-p35,plan_phrases,return precautions discussed,35,return precautions,plan
peds-development-concern,Pediatrics,peds-development-concern-f36,follow_up,3-6 months for monitoring,36,3-6 months,followup
peds-development-concern,Pediatrics,peds-development-concern-f37,follow_up,sooner if concerns progress,37,sooner,followup
peds-school-note,Pediatrics,peds-school-note-s1,symptoms,school note request,1,"school note, doctor note",general
peds-school-note,Pediatrics,peds-school-note-s2,symptoms,sick note request,2,"sick note, absence note",general
peds-school-note,Pediatrics,peds-school-note-s3,symptoms,symptoms documented,3,symptoms per history,general
peds-school-note,Pediatrics,peds-school-note-s4,symptoms,duration of illness,4,"how long, days absent",general
peds-school-note,Pediatrics,peds-school-note-s5,symptoms,time off needed,5,days off school,general
peds-school-note,Pediatrics,peds-school-note-s6,symptoms,parent/guardian request,6,parent request for documentation,general
peds-school-note,Pediatrics,peds-school-note-n7,relevant_negatives,no severe symptoms,7,no severe illness,general
peds-school-note,Pediatrics,peds-school-note-n8,relevant_negatives,no ongoing significant symptoms,8,no ongoing illness,general
peds-school-note,Pediatrics,peds-school-note-n9,relevant_negatives,no fever currently,9,no fever,acute
peds-school-note,Pediatrics,peds-school-note-e10,exam_findings,child well appearing,10,"well, no acute distress",general
peds-school-note,Pediatrics,peds-school-note-e11,exam_findings,clinician assessment documented,11,assessment documented,general
peds-school-note,Pediatrics,peds-school-note-e12,exam_findings,vitals normal if assessed,12,vitals,vitals
peds-school-note,Pediatrics,peds-school-note-r13,red_flags,child appears unwell,13,"unwell, needs further evaluation","general,high_safety"
peds-school-note,Pediatrics,peds-school-note-r14,red_flags,prolonged illness duration,14,long duration illness,"general,high_safety"
peds-school-note,Pediatrics,peds-school-note-r15,red_flags,recurrent school absence pattern,15,recurrent absence,"general,high_safety"
peds-school-note,Pediatrics,peds-school-note-p16,plan_phrases,school note issued as per clinician plan,16,school note issued,plan
peds-school-note,Pediatrics,peds-school-note-p17,plan_phrases,return-to-school advice discussed,17,"return to school, activity",plan
peds-school-note,Pediatrics,peds-school-note-p18,plan_phrases,parent/guardian request documented,18,request documented,plan
peds-school-note,Pediatrics,peds-school-note-p19,plan_phrases,clinician findings summarized for note,19,findings summarized,plan
peds-school-note,Pediatrics,peds-school-note-p20,plan_phrases,follow-up arranged if needed,20,follow-up if needed,plan
peds-school-note,Pediatrics,peds-school-note-p21,plan_phrases,return precautions discussed if applicable,21,return precautions,plan
peds-school-note,Pediatrics,peds-school-note-f22,follow_up,PRN,22,as needed,followup
peds-school-note,Pediatrics,peds-school-note-f23,follow_up,sooner if not recovered,23,sooner,followup
obgyn-antenatal-followup,OB/GYN,obgyn-antenatal-followup-s1,symptoms,routine antenatal follow-up,1,"routine antenatal follow-up, pregnancy check","obstetric,antenatal"
obgyn-antenatal-followup,OB/GYN,obgyn-antenatal-followup-s2,symptoms,gestational age documented,2,"gestational age, GA",obstetric
obgyn-antenatal-followup,OB/GYN,obgyn-antenatal-followup-s3,symptoms,fetal movement discussed if relevant,3,"fetal movement, baby moving",obstetric
obgyn-antenatal-followup,OB/GYN,obgyn-antenatal-followup-s4,symptoms,abdominal pain,4,"abdominal pain, tummy pain","obstetric,gi"
obgyn-antenatal-followup,OB/GYN,obgyn-antenatal-followup-s5,symptoms,vaginal bleeding,5,"vaginal bleeding, spotting",obstetric
obgyn-antenatal-followup,OB/GYN,obgyn-antenatal-followup-s6,symptoms,vaginal discharge,6,"vaginal discharge, leukorrhea",obstetric
obgyn-antenatal-followup,OB/GYN,obgyn-antenatal-followup-s7,symptoms,headache,7,headache,"neuro,obstetric"
obgyn-antenatal-followup,OB/GYN,obgyn-antenatal-followup-s8,symptoms,visual symptoms,8,"visual disturbance, blurred vision","neuro,obstetric"
obgyn-antenatal-followup,OB/GYN,obgyn-antenatal-followup-s9,symptoms,swelling,9,"edema, ankle swelling, leg swelling",obstetric
obgyn-antenatal-followup,OB/GYN,obgyn-antenatal-followup-s10,symptoms,urinary symptoms,10,"dysuria, frequency, UTI symptoms","renal,obstetric"
obgyn-antenatal-followup,OB/GYN,obgyn-antenatal-followup-s11,symptoms,nausea and vomiting,11,"nausea, emesis, morning sickness","gi,obstetric"
obgyn-antenatal-followup,OB/GYN,obgyn-antenatal-followup-s12,symptoms,fatigue,12,"fatigue, tiredness","general,obstetric"
obgyn-antenatal-followup,OB/GYN,obgyn-antenatal-followup-r13,relevant_negatives,no vaginal bleeding reported,13,"no vaginal bleeding, no spotting",obstetric
obgyn-antenatal-followup,OB/GYN,obgyn-antenatal-followup-r14,relevant_negatives,no abdominal pain reported,14,no abdominal pain,"obstetric,gi"
obgyn-antenatal-followup,OB/GYN,obgyn-antenatal-followup-r15,relevant_negatives,no leaking fluid reported,15,"no leaking, no PROM",obstetric
obgyn-antenatal-followup,OB/GYN,obgyn-antenatal-followup-r16,relevant_negatives,no reduced fetal movement reported if applicable,16,normal fetal movement,obstetric
obgyn-antenatal-followup,OB/GYN,obgyn-antenatal-followup-r17,relevant_negatives,no severe headache reported,17,no severe headache,"neuro,obstetric"
obgyn-antenatal-followup,OB/GYN,obgyn-antenatal-followup-r18,relevant_negatives,no visual symptoms reported,18,no vision changes,"neuro,obstetric"
obgyn-antenatal-followup,OB/GYN,obgyn-antenatal-followup-r19,relevant_negatives,no urinary symptoms reported,19,"no dysuria, no frequency","renal,obstetric"
obgyn-antenatal-followup,OB/GYN,obgyn-antenatal-followup-r20,relevant_negatives,no nausea or vomiting reported,20,"no nausea, no vomiting","gi,obstetric"
obgyn-antenatal-followup,OB/GYN,obgyn-antenatal-followup-r21,relevant_negatives,no vaginal discharge reported,21,no discharge,obstetric
obgyn-antenatal-followup,OB/GYN,obgyn-antenatal-followup-e22,exam_findings,vitals recorded,22,"vitals, vital signs","vitals,obstetric"
obgyn-antenatal-followup,OB/GYN,obgyn-antenatal-followup-e23,exam_findings,BP recorded,23,"blood pressure, BP","vitals,obstetric"
obgyn-antenatal-followup,OB/GYN,obgyn-antenatal-followup-e24,exam_findings,weight documented if measured,24,"weight, maternal weight","vitals,obstetric"
obgyn-antenatal-followup,OB/GYN,obgyn-antenatal-followup-e25,exam_findings,fundal height documented if assessed,25,"fundal height, symphysiofundal",obstetric
obgyn-antenatal-followup,OB/GYN,obgyn-antenatal-followup-e26,exam_findings,fetal heart documented if assessed,26,"fetal heart rate, FHR",obstetric
obgyn-antenatal-followup,OB/GYN,obgyn-antenatal-followup-e27,exam_findings,fetal presentation documented if assessed,27,"presentation, breech, cephalic",obstetric
obgyn-antenatal-followup,OB/GYN,obgyn-antenatal-followup-e28,exam_findings,edema assessment documented if assessed,28,"edema, ankle swelling",obstetric
obgyn-antenatal-followup,OB/GYN,obgyn-antenatal-followup-e29,exam_findings,abdomen soft non-tender if assessed,29,"abdomen soft, no tenderness","obstetric,gi"
obgyn-antenatal-followup,OB/GYN,obgyn-antenatal-followup-r30,red_flags,vaginal bleeding,30,"vaginal bleeding, antepartum hemorrhage","obstetric,high_safety"
obgyn-antenatal-followup,OB/GYN,obgyn-antenatal-followup-r31,red_flags,severe abdominal pain,31,severe abdominal pain,"obstetric,high_safety"
obgyn-antenatal-followup,OB/GYN,obgyn-antenatal-followup-r32,red_flags,leaking fluid,32,"leaking fluid, PROM","obstetric,high_safety"
obgyn-antenatal-followup,OB/GYN,obgyn-antenatal-followup-r33,red_flags,reduced fetal movement,33,reduced fetal movement,"obstetric,high_safety"
obgyn-antenatal-followup,OB/GYN,obgyn-antenatal-followup-r34,red_flags,severe headache,34,severe headache,"neuro,obstetric,high_safety"
obgyn-antenatal-followup,OB/GYN,obgyn-antenatal-followup-r35,red_flags,visual symptoms,35,"visual disturbance, blurred vision","neuro,obstetric,high_safety"
obgyn-antenatal-followup,OB/GYN,obgyn-antenatal-followup-r36,red_flags,severe swelling of face or hands,36,"facial edema, hand swelling","obstetric,high_safety"
obgyn-antenatal-followup,OB/GYN,obgyn-antenatal-followup-r37,red_flags,high BP reading,37,"hypertension, elevated BP","vitals,obstetric,high_safety"
obgyn-antenatal-followup,OB/GYN,obgyn-antenatal-followup-r38,red_flags,fever,38,"fever, pyrexia","acute,obstetric,high_safety"
obgyn-antenatal-followup,OB/GYN,obgyn-antenatal-followup-i39,investigations,urine dip reviewed if done,39,"urine dip, urinalysis","investigations,obstetric"
obgyn-antenatal-followup,OB/GYN,obgyn-antenatal-followup-i40,investigations,antenatal labs reviewed,40,"CBC, blood group, antenatal bloods","investigations,obstetric"
obgyn-antenatal-followup,OB/GYN,obgyn-antenatal-followup-i41,investigations,ultrasound report reviewed,41,"ultrasound, scan report","investigations,obstetric"
obgyn-antenatal-followup,OB/GYN,obgyn-antenatal-followup-i42,investigations,blood pressure trend reviewed,42,"BP trend, serial BP","investigations,obstetric"
obgyn-antenatal-followup,OB/GYN,obgyn-antenatal-followup-i43,investigations,OGTT results reviewed if done,43,"OGTT, GTT, glucose tolerance","investigations,obstetric"
obgyn-antenatal-followup,OB/GYN,obgyn-antenatal-followup-i44,investigations,iron studies reviewed if done,44,"ferritin, iron, anemia","investigations,obstetric"
obgyn-antenatal-followup,OB/GYN,obgyn-antenatal-followup-p45,plan_phrases,antenatal counseling documented,45,"counseling, antenatal advice","plan,obstetric"
obgyn-antenatal-followup,OB/GYN,obgyn-antenatal-followup-p46,plan_phrases,warning symptoms discussed,46,"danger signs, warning symptoms","plan,obstetric"
obgyn-antenatal-followup,OB/GYN,obgyn-antenatal-followup-p47,plan_phrases,follow-up arranged,47,"next appointment, follow-up","plan,obstetric"
obgyn-antenatal-followup,OB/GYN,obgyn-antenatal-followup-p48,plan_phrases,investigations discussed as per clinician plan,48,"labs discussed, investigations","plan,obstetric"
obgyn-antenatal-followup,OB/GYN,obgyn-antenatal-followup-p49,plan_phrases,patient questions addressed,49,"questions answered, concerns addressed","plan,obstetric"
obgyn-antenatal-followup,OB/GYN,obgyn-antenatal-followup-p50,plan_phrases,diet and lifestyle advice discussed,50,"diet, nutrition, exercise in pregnancy","plan,obstetric"
obgyn-antenatal-followup,OB/GYN,obgyn-antenatal-followup-f51,follow_up,4 weeks or per protocol,51,"4 weeks, monthly","followup,obstetric"
obgyn-antenatal-followup,OB/GYN,obgyn-antenatal-followup-f52,follow_up,sooner if concerns,52,"sooner, PRN","followup,obstetric"
obgyn-antenatal-followup,OB/GYN,obgyn-antenatal-followup-f53,follow_up,next trimester screen arranged,53,"anomaly scan, glucose screen","followup,obstetric"
obgyn-pelvic-pain,OB/GYN,obgyn-pelvic-pain-s54,symptoms,pelvic pain,54,"pelvic pain, lower abdominal pain","gynecologic,acute"
obgyn-pelvic-pain,OB/GYN,obgyn-pelvic-pain-s55,symptoms,pain location documented,55,"location, right, left, central",gynecologic
obgyn-pelvic-pain,OB/GYN,obgyn-pelvic-pain-s56,symptoms,pain duration documented,56,"duration, how long",gynecologic
obgyn-pelvic-pain,OB/GYN,obgyn-pelvic-pain-s57,symptoms,relation to menstrual cycle,57,"cyclical pain, period related","gynecologic,menstrual"
obgyn-pelvic-pain,OB/GYN,obgyn-pelvic-pain-s58,symptoms,urinary symptoms,58,"dysuria, frequency","renal,gynecologic"
obgyn-pelvic-pain,OB/GYN,obgyn-pelvic-pain-s59,symptoms,vaginal bleeding,59,"vaginal bleeding, spotting",gynecologic
obgyn-pelvic-pain,OB/GYN,obgyn-pelvic-pain-s60,symptoms,vaginal discharge,60,vaginal discharge,gynecologic
obgyn-pelvic-pain,OB/GYN,obgyn-pelvic-pain-s61,symptoms,fever,61,"fever, pyrexia",acute
obgyn-pelvic-pain,OB/GYN,obgyn-pelvic-pain-s62,symptoms,pregnancy status documented if relevant,62,"pregnancy status, possibly pregnant","gynecologic,obstetric"
obgyn-pelvic-pain,OB/GYN,obgyn-pelvic-pain-s63,symptoms,nausea,63,nausea,gi
obgyn-pelvic-pain,OB/GYN,obgyn-pelvic-pain-s64,symptoms,vomiting,64,vomiting,gi
obgyn-pelvic-pain,OB/GYN,obgyn-pelvic-pain-s65,symptoms,dyspareunia,65,pain with intercourse,"gynecologic,sexual"
obgyn-pelvic-pain,OB/GYN,obgyn-pelvic-pain-r66,relevant_negatives,no syncope reported,66,"no fainting, no syncope","gynecologic,high_safety"
obgyn-pelvic-pain,OB/GYN,obgyn-pelvic-pain-r67,relevant_negatives,no heavy bleeding reported,67,no heavy bleeding,gynecologic
obgyn-pelvic-pain,OB/GYN,obgyn-pelvic-pain-r68,relevant_negatives,no fever reported,68,no fever,acute
obgyn-pelvic-pain,OB/GYN,obgyn-pelvic-pain-r69,relevant_negatives,no urinary symptoms reported,69,no dysuria,renal
obgyn-pelvic-pain,OB/GYN,obgyn-pelvic-pain-r70,relevant_negatives,no nausea or vomiting reported,70,"no nausea, no vomiting",gi
obgyn-pelvic-pain,OB/GYN,obgyn-pelvic-pain-r71,relevant_negatives,no vaginal discharge reported,71,no discharge,gynecologic
obgyn-pelvic-pain,OB/GYN,obgyn-pelvic-pain-r72,relevant_negatives,no shoulder tip pain reported,72,no shoulder pain,"gynecologic,obstetric"
obgyn-pelvic-pain,OB/GYN,obgyn-pelvic-pain-e73,exam_findings,abdominal exam documented if assessed,73,"abdominal exam, abdomen","gynecologic,gi"
obgyn-pelvic-pain,OB/GYN,obgyn-pelvic-pain-e74,exam_findings,pelvic exam documented if assessed,74,"pelvic exam, bimanual",gynecologic
obgyn-pelvic-pain,OB/GYN,obgyn-pelvic-pain-e75,exam_findings,cervical motion tenderness if assessed,75,"cervical excitation, chandelier sign",gynecologic
obgyn-pelvic-pain,OB/GYN,obgyn-pelvic-pain-e76,exam_findings,adnexal tenderness if assessed,76,adnexal tenderness,gynecologic
obgyn-pelvic-pain,OB/GYN,obgyn-pelvic-pain-e77,exam_findings,abdominal tenderness if assessed,77,"tenderness, guarding","gi,gynecologic"
obgyn-pelvic-pain,OB/GYN,obgyn-pelvic-pain-e78,exam_findings,rebound tenderness if assessed,78,"rebound, peritoneal signs","gi,gynecologic"
obgyn-pelvic-pain,OB/GYN,obgyn-pelvic-pain-e79,exam_findings,afebrile,79,afebrile,vitals
obgyn-pelvic-pain,OB/GYN,obgyn-pelvic-pain-e80,exam_findings,febrile,80,febrile,vitals
obgyn-pelvic-pain,OB/GYN,obgyn-pelvic-pain-r81,red_flags,severe pelvic pain,81,severe pelvic pain,"gynecologic,high_safety"
obgyn-pelvic-pain,OB/GYN,obgyn-pelvic-pain-r82,red_flags,positive pregnancy test with pain,82,positive pregnancy with pain,"obstetric,high_safety"
obgyn-pelvic-pain,OB/GYN,obgyn-pelvic-pain-r83,red_flags,syncope,83,"fainting, syncope, collapse",high_safety
obgyn-pelvic-pain,OB/GYN,obgyn-pelvic-pain-r84,red_flags,fever with pelvic pain,84,"fever, pyrexia","gynecologic,high_safety"
obgyn-pelvic-pain,OB/GYN,obgyn-pelvic-pain-r85,red_flags,shoulder tip pain,85,shoulder tip pain,"obstetric,high_safety"
obgyn-pelvic-pain,OB/GYN,obgyn-pelvic-pain-r86,red_flags,heavy vaginal bleeding,86,heavy bleeding,"gynecologic,high_safety"
obgyn-pelvic-pain,OB/GYN,obgyn-pelvic-pain-r87,red_flags,signs of peritoneal irritation,87,"peritoneal signs, guarding","gi,high_safety"
obgyn-pelvic-pain,OB/GYN,obgyn-pelvic-pain-r88,red_flags,unstable vital signs,88,"tachycardia, hypotension","vitals,high_safety"
obgyn-pelvic-pain,OB/GYN,obgyn-pelvic-pain-i89,investigations,pregnancy test reviewed if done,89,"pregnancy test, hCG","investigations,obstetric"
obgyn-pelvic-pain,OB/GYN,obgyn-pelvic-pain-i90,investigations,CBC reviewed if done,90,"complete blood count, CBC",investigations
obgyn-pelvic-pain,OB/GYN,obgyn-pelvic-pain-i91,investigations,urine dip reviewed if done,91,"urinalysis, urine dip","investigations,renal"
obgyn-pelvic-pain,OB/GYN,obgyn-pelvic-pain-i92,investigations,pelvic ultrasound reviewed if done,92,"ultrasound, TVS, transvaginal","investigations,gynecologic"
obgyn-pelvic-pain,OB/GYN,obgyn-pelvic-pain-i93,investigations,CRP reviewed if done,93,"CRP, inflammatory markers",investigations
obgyn-pelvic-pain,OB/GYN,obgyn-pelvic-pain-i94,investigations,swab results reviewed if available,94,"vaginal swab, cervical swab","investigations,gynecologic"
obgyn-pelvic-pain,OB/GYN,obgyn-pelvic-pain-p95,plan_phrases,pain management discussed as per clinician plan,95,"pain relief, analgesia","plan,gynecologic"
obgyn-pelvic-pain,OB/GYN,obgyn-pelvic-pain-p96,plan_phrases,management plan discussed,96,"management, treatment plan",plan
obgyn-pelvic-pain,OB/GYN,obgyn-pelvic-pain-p97,plan_phrases,investigations discussed as per clinician plan,97,"labs discussed, imaging",plan
obgyn-pelvic-pain,OB/GYN,obgyn-pelvic-pain-p98,plan_phrases,return precautions discussed,98,"return precautions, warning signs",plan
obgyn-pelvic-pain,OB/GYN,obgyn-pelvic-pain-p99,plan_phrases,follow-up arranged,99,next appointment,plan
obgyn-pelvic-pain,OB/GYN,obgyn-pelvic-pain-p100,plan_phrases,patient questions addressed,100,questions answered,plan
obgyn-pelvic-pain,OB/GYN,obgyn-pelvic-pain-f101,follow_up,1-2 weeks if not improving,101,1-2 weeks,followup
obgyn-pelvic-pain,OB/GYN,obgyn-pelvic-pain-f102,follow_up,sooner if worsening,102,"sooner, PRN",followup
obgyn-pelvic-pain,OB/GYN,obgyn-pelvic-pain-f103,follow_up,sooner if positive pregnancy test,103,rule out ectopic,"followup,obstetric"
obgyn-irregular-bleeding,OB/GYN,obgyn-irregular-bleeding-s104,symptoms,irregular bleeding,104,"irregular bleeding, abnormal uterine bleeding","gynecologic,menstrual"
obgyn-irregular-bleeding,OB/GYN,obgyn-irregular-bleeding-s105,symptoms,heavy bleeding,105,"heavy bleeding, menorrhagia","gynecologic,menstrual"
obgyn-irregular-bleeding,OB/GYN,obgyn-irregular-bleeding-s106,symptoms,intermenstrual bleeding,106,"spotting between periods, IM bleeding","gynecologic,menstrual"
obgyn-irregular-bleeding,OB/GYN,obgyn-irregular-bleeding-s107,symptoms,postcoital bleeding,107,bleeding after intercourse,"gynecologic,sexual"
obgyn-irregular-bleeding,OB/GYN,obgyn-irregular-bleeding-s108,symptoms,bleeding duration documented,108,"duration of bleeding, how many days",menstrual
obgyn-irregular-bleeding,OB/GYN,obgyn-irregular-bleeding-s109,symptoms,LMP documented,109,"last menstrual period, LMP",menstrual
obgyn-irregular-bleeding,OB/GYN,obgyn-irregular-bleeding-s110,symptoms,cycle regularity documented,110,"cycle regularity, regular or irregular",menstrual
obgyn-irregular-bleeding,OB/GYN,obgyn-irregular-bleeding-s111,symptoms,pregnancy status documented if relevant,111,"pregnancy status, possibly pregnant","obstetric,menstrual"
obgyn-irregular-bleeding,OB/GYN,obgyn-irregular-bleeding-s112,symptoms,associated pain,112,"pelvic pain, cramps",gynecologic
obgyn-irregular-bleeding,OB/GYN,obgyn-irregular-bleeding-s113,symptoms,clots,113,"passing clots, clot size",menstrual
obgyn-irregular-bleeding,OB/GYN,obgyn-irregular-bleeding-s114,symptoms,dizziness,114,"dizziness, lightheaded",general
obgyn-irregular-bleeding,OB/GYN,obgyn-irregular-bleeding-s115,symptoms,fatigue,115,"fatigue, tiredness",general
obgyn-irregular-bleeding,OB/GYN,obgyn-irregular-bleeding-r116,relevant_negatives,no syncope reported,116,no fainting,high_safety
obgyn-irregular-bleeding,OB/GYN,obgyn-irregular-bleeding-r117,relevant_negatives,no severe pelvic pain reported,117,no severe pain,gynecologic
obgyn-irregular-bleeding,OB/GYN,obgyn-irregular-bleeding-r118,relevant_negatives,no fever reported,118,no fever,acute
obgyn-irregular-bleeding,OB/GYN,obgyn-irregular-bleeding-r119,relevant_negatives,no vaginal discharge reported,119,no discharge,gynecologic
obgyn-irregular-bleeding,OB/GYN,obgyn-irregular-bleeding-r120,relevant_negatives,no postcoital bleeding reported,120,no bleeding after sex,"gynecologic,sexual"
obgyn-irregular-bleeding,OB/GYN,obgyn-irregular-bleeding-r121,relevant_negatives,no intermenstrual bleeding reported,121,no spotting between periods,menstrual
obgyn-irregular-bleeding,OB/GYN,obgyn-irregular-bleeding-r122,relevant_negatives,no clots reported,122,no clots,menstrual
obgyn-irregular-bleeding,OB/GYN,obgyn-irregular-bleeding-e123,exam_findings,vitals recorded,123,"vitals, vital signs",vitals
obgyn-irregular-bleeding,OB/GYN,obgyn-irregular-bleeding-e124,exam_findings,abdominal exam documented if assessed,124,"abdominal exam, abdomen","gi,gynecologic"
obgyn-irregular-bleeding,OB/GYN,obgyn-irregular-bleeding-e125,exam_findings,pelvic exam documented if assessed,125,"pelvic exam, speculum",gynecologic
obgyn-irregular-bleeding,OB/GYN,obgyn-irregular-bleeding-e126,exam_findings,bleeding source identified if assessed,126,bleeding visualized from cervix,gynecologic
obgyn-irregular-bleeding,OB/GYN,obgyn-irregular-bleeding-e127,exam_findings,uterine size assessed if assessed,127,uterine size,gynecologic
obgyn-irregular-bleeding,OB/GYN,obgyn-irregular-bleeding-e128,exam_findings,pallor if assessed,128,"pallor, pale",general
obgyn-irregular-bleeding,OB/GYN,obgyn-irregular-bleeding-r129,red_flags,heavy bleeding soaking pads,129,"heavy bleeding, soaking pads hourly","gynecologic,high_safety"
obgyn-irregular-bleeding,OB/GYN,obgyn-irregular-bleeding-r130,red_flags,pregnancy with bleeding,130,pregnant with bleeding,"obstetric,high_safety"
obgyn-irregular-bleeding,OB/GYN,obgyn-irregular-bleeding-r131,red_flags,syncope,131,"fainting, collapse, syncope",high_safety
obgyn-irregular-bleeding,OB/GYN,obgyn-irregular-bleeding-r132,red_flags,signs of hemodynamic instability,132,"tachycardia, hypotension","vitals,high_safety"
obgyn-irregular-bleeding,OB/GYN,obgyn-irregular-bleeding-r133,red_flags,severe pelvic pain,133,severe pain,"gynecologic,high_safety"
obgyn-irregular-bleeding,OB/GYN,obgyn-irregular-bleeding-r134,red_flags,anemia symptoms,134,"severe fatigue, shortness of breath","general,high_safety"
obgyn-irregular-bleeding,OB/GYN,obgyn-irregular-bleeding-r135,red_flags,significant clots,135,"large clots, heavy flow","gynecologic,high_safety"
obgyn-irregular-bleeding,OB/GYN,obgyn-irregular-bleeding-i136,investigations,pregnancy test reviewed if done,136,"pregnancy test, hCG","investigations,obstetric"
obgyn-irregular-bleeding,OB/GYN,obgyn-irregular-bleeding-i137,investigations,CBC reviewed if done,137,"CBC, hemoglobin",investigations
obgyn-irregular-bleeding,OB/GYN,obgyn-irregular-bleeding-i138,investigations,ferritin reviewed if done,138,"ferritin, iron studies",investigations
obgyn-irregular-bleeding,OB/GYN,obgyn-irregular-bleeding-i139,investigations,pelvic ultrasound reviewed if done,139,"ultrasound, TVS, endometrial","investigations,gynecologic"
obgyn-irregular-bleeding,OB/GYN,obgyn-irregular-bleeding-i140,investigations,thyroid function reviewed if done,140,"TSH, TFT",investigations
obgyn-irregular-bleeding,OB/GYN,obgyn-irregular-bleeding-i141,investigations,coagulation screen reviewed if relevant,141,"coagulation, bleeding time",investigations
obgyn-irregular-bleeding,OB/GYN,obgyn-irregular-bleeding-p142,plan_phrases,management plan discussed,142,"management, treatment plan",plan
obgyn-irregular-bleeding,OB/GYN,obgyn-irregular-bleeding-p143,plan_phrases,cycle diary advised,143,"cycle tracking, menstrual diary","plan,menstrual"
obgyn-irregular-bleeding,OB/GYN,obgyn-irregular-bleeding-p144,plan_phrases,investigations discussed as per clinician plan,144,"labs discussed, imaging",plan
obgyn-irregular-bleeding,OB/GYN,obgyn-irregular-bleeding-p145,plan_phrases,return precautions discussed,145,"return precautions, warning signs",plan
obgyn-irregular-bleeding,OB/GYN,obgyn-irregular-bleeding-p146,plan_phrases,follow-up arranged,146,next appointment,plan
obgyn-irregular-bleeding,OB/GYN,obgyn-irregular-bleeding-p147,plan_phrases,patient questions addressed,147,questions answered,plan
obgyn-irregular-bleeding,OB/GYN,obgyn-irregular-bleeding-f148,follow_up,4-6 weeks if not improving,148,4-6 weeks,followup
obgyn-irregular-bleeding,OB/GYN,obgyn-irregular-bleeding-f149,follow_up,sooner if worsening,149,"sooner, PRN",followup
obgyn-irregular-bleeding,OB/GYN,obgyn-irregular-bleeding-f150,follow_up,after next menstrual cycle,150,"next period, next cycle","followup,menstrual"
obgyn-vaginal-discharge,OB/GYN,obgyn-vaginal-discharge-s151,symptoms,vaginal discharge,151,vaginal discharge,gynecologic
obgyn-vaginal-discharge,OB/GYN,obgyn-vaginal-discharge-s152,symptoms,discharge color documented,152,"color, white, yellow, green, grey",gynecologic
obgyn-vaginal-discharge,OB/GYN,obgyn-vaginal-discharge-s153,symptoms,discharge odor documented,153,"odor, smell, fishy",gynecologic
obgyn-vaginal-discharge,OB/GYN,obgyn-vaginal-discharge-s154,symptoms,discharge consistency documented,154,"consistency, thick, watery, curd-like",gynecologic
obgyn-vaginal-discharge,OB/GYN,obgyn-vaginal-discharge-s155,symptoms,itching,155,"itching, pruritus, vulval itch","gynecologic,dermatology"
obgyn-vaginal-discharge,OB/GYN,obgyn-vaginal-discharge-s156,symptoms,pelvic pain,156,"pelvic pain, lower abdominal pain",gynecologic
obgyn-vaginal-discharge,OB/GYN,obgyn-vaginal-discharge-s157,symptoms,dysuria,157,"dysuria, burning on urination","renal,gynecologic"
obgyn-vaginal-discharge,OB/GYN,obgyn-vaginal-discharge-s158,symptoms,fever,158,"fever, pyrexia",acute
obgyn-vaginal-discharge,OB/GYN,obgyn-vaginal-discharge-s159,symptoms,sexual history documented if clinically appropriate,159,"sexual history, partner, activity",sexual
obgyn-vaginal-discharge,OB/GYN,obgyn-vaginal-discharge-s160,symptoms,pregnancy status documented if relevant,160,pregnancy status,"obstetric,gynecologic"
obgyn-vaginal-discharge,OB/GYN,obgyn-vaginal-discharge-s161,symptoms,soreness or irritation,161,"vulval soreness, irritation","gynecologic,dermatology"
obgyn-vaginal-discharge,OB/GYN,obgyn-vaginal-discharge-s162,symptoms,recent antibiotic use,162,antibiotics recently,"gynecologic,acute"
obgyn-vaginal-discharge,OB/GYN,obgyn-vaginal-discharge-r163,relevant_negatives,no pelvic pain reported,163,no pelvic pain,gynecologic
obgyn-vaginal-discharge,OB/GYN,obgyn-vaginal-discharge-r164,relevant_negatives,no fever reported,164,no fever,acute
obgyn-vaginal-discharge,OB/GYN,obgyn-vaginal-discharge-r165,relevant_negatives,no abnormal bleeding reported,165,no abnormal bleeding,gynecologic
obgyn-vaginal-discharge,OB/GYN,obgyn-vaginal-discharge-r166,relevant_negatives,no itching reported,166,no itching,"gynecologic,dermatology"
obgyn-vaginal-discharge,OB/GYN,obgyn-vaginal-discharge-r167,relevant_negatives,no dysuria reported,167,no dysuria,renal
obgyn-vaginal-discharge,OB/GYN,obgyn-vaginal-discharge-r168,relevant_negatives,no odor reported,168,no odor,gynecologic
obgyn-vaginal-discharge,OB/GYN,obgyn-vaginal-discharge-e169,exam_findings,external exam documented if assessed,169,"external genitalia, vulva",gynecologic
obgyn-vaginal-discharge,OB/GYN,obgyn-vaginal-discharge-e170,exam_findings,speculum exam documented if assessed,170,speculum exam,gynecologic
obgyn-vaginal-discharge,OB/GYN,obgyn-vaginal-discharge-e171,exam_findings,discharge appearance documented if assessed,171,discharge appearance on exam,gynecologic
obgyn-vaginal-discharge,OB/GYN,obgyn-vaginal-discharge-e172,exam_findings,cervical appearance documented if assessed,172,"cervix, cervical appearance",gynecologic
obgyn-vaginal-discharge,OB/GYN,obgyn-vaginal-discharge-e173,exam_findings,cervical motion tenderness if assessed,173,cervical excitation,gynecologic
obgyn-vaginal-discharge,OB/GYN,obgyn-vaginal-discharge-e174,exam_findings,adnexal tenderness if assessed,174,adnexal tenderness,gynecologic
obgyn-vaginal-discharge,OB/GYN,obgyn-vaginal-discharge-e175,exam_findings,afebrile,175,afebrile,vitals
obgyn-vaginal-discharge,OB/GYN,obgyn-vaginal-discharge-e176,exam_findings,febrile,176,febrile,vitals
obgyn-vaginal-discharge,OB/GYN,obgyn-vaginal-discharge-r177,red_flags,fever with discharge,177,"fever, pyrexia","gynecologic,acute,high_safety"
obgyn-vaginal-discharge,OB/GYN,obgyn-vaginal-discharge-r178,red_flags,pelvic pain with discharge,178,pelvic pain,"gynecologic,high_safety"
obgyn-vaginal-discharge,OB/GYN,obgyn-vaginal-discharge-r179,red_flags,offensive discharge,179,"foul odor, offensive","gynecologic,high_safety"
obgyn-vaginal-discharge,OB/GYN,obgyn-vaginal-discharge-r180,red_flags,abnormal bleeding with discharge,180,bleeding with discharge,"gynecologic,high_safety"
obgyn-vaginal-discharge,OB/GYN,obgyn-vaginal-discharge-r181,red_flags,postmenopausal bleeding,181,postmenopausal bleeding,"gynecologic,high_safety"
obgyn-vaginal-discharge,OB/GYN,obgyn-vaginal-discharge-r182,red_flags,positive pregnancy test with discharge,182,pregnant with discharge,"obstetric,high_safety"
obgyn-vaginal-discharge,OB/GYN,obgyn-vaginal-discharge-i183,investigations,vaginal swab sent,183,"vaginal swab, high vaginal swab","investigations,gynecologic"
obgyn-vaginal-discharge,OB/GYN,obgyn-vaginal-discharge-i184,investigations,swab results reviewed if available,184,"swab result, culture","investigations,gynecologic"
obgyn-vaginal-discharge,OB/GYN,obgyn-vaginal-discharge-i185,investigations,urine dip reviewed if done,185,"urinalysis, urine dip","investigations,renal"
obgyn-vaginal-discharge,OB/GYN,obgyn-vaginal-discharge-i186,investigations,pregnancy test reviewed if done,186,"pregnancy test, hCG","investigations,obstetric"
obgyn-vaginal-discharge,OB/GYN,obgyn-vaginal-discharge-i187,investigations,STI screen discussed if clinically indicated,187,"STI screen, chlamydia, gonorrhea","investigations,sexual"
obgyn-vaginal-discharge,OB/GYN,obgyn-vaginal-discharge-p188,plan_phrases,management plan discussed,188,"management, treatment plan",plan
obgyn-vaginal-discharge,OB/GYN,obgyn-vaginal-discharge-p189,plan_phrases,antifungal treatment as per clinician plan,189,"antifungal, clotrimazole","plan,gynecologic"
obgyn-vaginal-discharge,OB/GYN,obgyn-vaginal-discharge-p190,plan_phrases,antibiotic treatment as per clinician plan,190,"antibiotics, metronidazole","plan,gynecologic"
obgyn-vaginal-discharge,OB/GYN,obgyn-vaginal-discharge-p191,plan_phrases,partner treatment discussed if clinically indicated,191,partner treatment,"plan,sexual"
obgyn-vaginal-discharge,OB/GYN,obgyn-vaginal-discharge-p192,plan_phrases,return precautions discussed,192,"return precautions, warning signs",plan
obgyn-vaginal-discharge,OB/GYN,obgyn-vaginal-discharge-p193,plan_phrases,follow-up arranged,193,next appointment,plan
obgyn-vaginal-discharge,OB/GYN,obgyn-vaginal-discharge-p194,plan_phrases,patient questions addressed,194,questions answered,plan
obgyn-vaginal-discharge,OB/GYN,obgyn-vaginal-discharge-f195,follow_up,1-2 weeks after treatment,195,1-2 weeks,followup
obgyn-vaginal-discharge,OB/GYN,obgyn-vaginal-discharge-f196,follow_up,sooner if worsening,196,"sooner, PRN",followup
obgyn-vaginal-discharge,OB/GYN,obgyn-vaginal-discharge-f197,follow_up,if symptoms persist after treatment,197,persistent symptoms,"followup,gynecologic"
obgyn-contraception,OB/GYN,obgyn-contraception-s198,symptoms,contraception counseling visit,198,"contraception counseling, family planning","contraception,gynecologic"
obgyn-contraception,OB/GYN,obgyn-contraception-s199,symptoms,current method documented,199,current contraception method,contraception
obgyn-contraception,OB/GYN,obgyn-contraception-s200,symptoms,previous methods documented,200,"previous contraception, prior methods",contraception
obgyn-contraception,OB/GYN,obgyn-contraception-s201,symptoms,menstrual history documented,201,"periods, menstrual cycle",menstrual
obgyn-contraception,OB/GYN,obgyn-contraception-s202,symptoms,pregnancy status considered if relevant,202,"pregnancy status, possibly pregnant","obstetric,contraception"
obgyn-contraception,OB/GYN,obgyn-contraception-s203,symptoms,contraindication history reviewed by clinician,203,"contraindications, medical history",contraception
obgyn-contraception,OB/GYN,obgyn-contraception-s204,symptoms,patient preference documented,204,"patient preference, choice",contraception
obgyn-contraception,OB/GYN,obgyn-contraception-s205,symptoms,smoking status documented,205,"smoking, tobacco",general
obgyn-contraception,OB/GYN,obgyn-contraception-s206,symptoms,weight recorded,206,"weight, BMI",vitals
obgyn-contraception,OB/GYN,obgyn-contraception-s207,symptoms,migraine history documented,207,"migraine, headache with aura","neuro,contraception"
obgyn-contraception,OB/GYN,obgyn-contraception-s208,symptoms,thromboembolic risk factors reviewed,208,"DVT, PE, clotting history","contraception,high_safety"
obgyn-contraception,OB/GYN,obgyn-contraception-p209,plan_phrases,counseling documented,209,"counseling, discussion","plan,contraception"
obgyn-contraception,OB/GYN,obgyn-contraception-p210,plan_phrases,risks and benefits discussed by clinician,210,"risks and benefits, shared decision","plan,contraception"
obgyn-contraception,OB/GYN,obgyn-contraception-p211,plan_phrases,contraception options reviewed,211,"options, methods, types","plan,contraception"
obgyn-contraception,OB/GYN,obgyn-contraception-p212,plan_phrases,patient preference documented,212,"patient decision, preference","plan,contraception"
obgyn-contraception,OB/GYN,obgyn-contraception-p213,plan_phrases,follow-up arranged,213,"next appointment, method review","plan,contraception"
obgyn-contraception,OB/GYN,obgyn-contraception-p214,plan_phrases,patient questions addressed,214,"questions answered, concerns","plan,contraception"
obgyn-contraception,OB/GYN,obgyn-contraception-p215,plan_phrases,emergency contraception discussed if applicable,215,"emergency contraception, morning after","plan,contraception"
obgyn-contraception,OB/GYN,obgyn-contraception-p216,plan_phrases,condom use discussed,216,"condoms, barrier method","plan,contraception,sexual"
obgyn-contraception,OB/GYN,obgyn-contraception-f217,follow_up,3 months for method review,217,3 months,"followup,contraception"
obgyn-contraception,OB/GYN,obgyn-contraception-f218,follow_up,sooner if side effects,218,side effects issues,"followup,contraception"
obgyn-contraception,OB/GYN,obgyn-contraception-f219,follow_up,routine annual review for established method,219,annual review,"followup,contraception"
obgyn-dysmenorrhea,OB/GYN,obgyn-dysmenorrhea-s220,symptoms,painful periods,220,"dysmenorrhea, period pain","menstrual,gynecologic"
obgyn-dysmenorrhea,OB/GYN,obgyn-dysmenorrhea-s221,symptoms,pain timing documented,221,"timing, day of cycle, before period",menstrual
obgyn-dysmenorrhea,OB/GYN,obgyn-dysmenorrhea-s222,symptoms,pain severity documented,222,"severity, pain scale, mild, moderate, severe",menstrual
obgyn-dysmenorrhea,OB/GYN,obgyn-dysmenorrhea-s223,symptoms,cycle pattern documented,223,"cycle regularity, length",menstrual
obgyn-dysmenorrhea,OB/GYN,obgyn-dysmenorrhea-s224,symptoms,associated nausea,224,nausea,"gi,menstrual"
obgyn-dysmenorrhea,OB/GYN,obgyn-dysmenorrhea-s225,symptoms,associated vomiting,225,vomiting,"gi,menstrual"
obgyn-dysmenorrhea,OB/GYN,obgyn-dysmenorrhea-s226,symptoms,associated diarrhea,226,"diarrhea, loose stools","gi,menstrual"
obgyn-dysmenorrhea,OB/GYN,obgyn-dysmenorrhea-s227,symptoms,impact on daily activities,227,"missing school, work, activities","menstrual,general"
obgyn-dysmenorrhea,OB/GYN,obgyn-dysmenorrhea-s228,symptoms,LMP documented,228,"last menstrual period, LMP",menstrual
obgyn-dysmenorrhea,OB/GYN,obgyn-dysmenorrhea-s229,symptoms,duration of period pain,229,how long pain lasts,menstrual
obgyn-dysmenorrhea,OB/GYN,obgyn-dysmenorrhea-s230,symptoms,relieving factors,230,"pain relief, heat, medications",menstrual
obgyn-dysmenorrhea,OB/GYN,obgyn-dysmenorrhea-r231,relevant_negatives,no abnormal bleeding reported,231,no abnormal bleeding,"gynecologic,menstrual"
obgyn-dysmenorrhea,OB/GYN,obgyn-dysmenorrhea-r232,relevant_negatives,no fever reported,232,no fever,acute
obgyn-dysmenorrhea,OB/GYN,obgyn-dysmenorrhea-r233,relevant_negatives,no pelvic mass symptoms reported,233,"no pelvic pressure, no mass",gynecologic
obgyn-dysmenorrhea,OB/GYN,obgyn-dysmenorrhea-r234,relevant_negatives,no dyspareunia reported,234,no pain with intercourse,"gynecologic,sexual"
obgyn-dysmenorrhea,OB/GYN,obgyn-dysmenorrhea-r235,relevant_negatives,no intermenstrual bleeding reported,235,no spotting between periods,menstrual
obgyn-dysmenorrhea,OB/GYN,obgyn-dysmenorrhea-r236,relevant_negatives,no urinary symptoms reported,236,no dysuria,renal
obgyn-dysmenorrhea,OB/GYN,obgyn-dysmenorrhea-e237,exam_findings,abdominal exam documented if assessed,237,"abdominal exam, abdomen","gi,gynecologic"
obgyn-dysmenorrhea,OB/GYN,obgyn-dysmenorrhea-e238,exam_findings,pelvic exam documented if assessed,238,"pelvic exam, bimanual",gynecologic
obgyn-dysmenorrhea,OB/GYN,obgyn-dysmenorrhea-e239,exam_findings,abdomen soft non-tender if assessed,239,abdomen soft,"gi,gynecologic"
obgyn-dysmenorrhea,OB/GYN,obgyn-dysmenorrhea-e240,exam_findings,uterine size assessed if assessed,240,uterine size,gynecologic
obgyn-dysmenorrhea,OB/GYN,obgyn-dysmenorrhea-e241,exam_findings,adnexal tenderness if assessed,241,adnexal tenderness,gynecologic
obgyn-dysmenorrhea,OB/GYN,obgyn-dysmenorrhea-r242,red_flags,sudden severe pelvic pain,242,sudden onset severe pain,"gynecologic,high_safety"
obgyn-dysmenorrhea,OB/GYN,obgyn-dysmenorrhea-r243,red_flags,pregnancy with pain,243,pregnant with pain,"obstetric,high_safety"
obgyn-dysmenorrhea,OB/GYN,obgyn-dysmenorrhea-r244,red_flags,fever with pelvic pain,244,fever,"gynecologic,high_safety"
obgyn-dysmenorrhea,OB/GYN,obgyn-dysmenorrhea-r245,red_flags,abnormal bleeding with pain,245,abnormal bleeding,"gynecologic,high_safety"
obgyn-dysmenorrhea,OB/GYN,obgyn-dysmenorrhea-r246,red_flags,progressive worsening of symptoms,246,worsening pain over time,"gynecologic,high_safety"
obgyn-dysmenorrhea,OB/GYN,obgyn-dysmenorrhea-r247,red_flags,pain not responding to simple analgesia,247,pain not relieved by NSAIDs,"gynecologic,high_safety"
obgyn-dysmenorrhea,OB/GYN,obgyn-dysmenorrhea-p248,plan_phrases,pain management discussed as per clinician plan,248,"pain relief, NSAIDs, analgesia","plan,gynecologic"
obgyn-dysmenorrhea,OB/GYN,obgyn-dysmenorrhea-p249,plan_phrases,heat therapy discussed,249,"heat pack, warm compress",plan
obgyn-dysmenorrhea,OB/GYN,obgyn-dysmenorrhea-p250,plan_phrases,hormonal treatment as per clinician plan,250,"hormonal contraception, OCP","plan,gynecologic"
obgyn-dysmenorrhea,OB/GYN,obgyn-dysmenorrhea-p251,plan_phrases,lifestyle advice discussed,251,"exercise, diet, stress management",plan
obgyn-dysmenorrhea,OB/GYN,obgyn-dysmenorrhea-p252,plan_phrases,return precautions discussed,252,"return precautions, warning signs",plan
obgyn-dysmenorrhea,OB/GYN,obgyn-dysmenorrhea-p253,plan_phrases,follow-up arranged,253,next appointment,plan
obgyn-dysmenorrhea,OB/GYN,obgyn-dysmenorrhea-p254,plan_phrases,patient questions addressed,254,questions answered,plan
obgyn-dysmenorrhea,OB/GYN,obgyn-dysmenorrhea-f255,follow_up,3 months if not improving,255,3 months,followup
obgyn-dysmenorrhea,OB/GYN,obgyn-dysmenorrhea-f256,follow_up,sooner if worsening,256,"sooner, PRN",followup
obgyn-dysmenorrhea,OB/GYN,obgyn-dysmenorrhea-f257,follow_up,after next cycle for reassessment,257,"next period, next cycle","followup,menstrual"
obgyn-postnatal-followup,OB/GYN,obgyn-postnatal-followup-s258,symptoms,postnatal follow-up,258,"postnatal check, 6 week check","obstetric,postnatal"
obgyn-postnatal-followup,OB/GYN,obgyn-postnatal-followup-s259,symptoms,delivery details documented,259,"delivery, mode of delivery, cesarean, vaginal",obstetric
obgyn-postnatal-followup,OB/GYN,obgyn-postnatal-followup-s260,symptoms,bleeding and lochia documented,260,"lochia, postnatal bleeding","obstetric,postnatal"
obgyn-postnatal-followup,OB/GYN,obgyn-postnatal-followup-s261,symptoms,pain documented,261,"perineal pain, cesarean wound pain, afterpains","obstetric,postnatal"
obgyn-postnatal-followup,OB/GYN,obgyn-postnatal-followup-s262,symptoms,wound concerns if relevant,262,"wound, perineum, cesarean incision","obstetric,postnatal"
obgyn-postnatal-followup,OB/GYN,obgyn-postnatal-followup-s263,symptoms,breastfeeding and feeding documented,263,"breastfeeding, formula, latch","feeding,postnatal"
obgyn-postnatal-followup,OB/GYN,obgyn-postnatal-followup-s264,symptoms,mood symptoms screened,264,"mood, postnatal depression, baby blues","mental_health,postnatal"
obgyn-postnatal-followup,OB/GYN,obgyn-postnatal-followup-s265,symptoms,sleep and support documented,265,"sleep, support at home, partner","postnatal,general"
obgyn-postnatal-followup,OB/GYN,obgyn-postnatal-followup-s266,symptoms,contraception discussion documented if relevant,266,"contraception, family planning","contraception,postnatal"
obgyn-postnatal-followup,OB/GYN,obgyn-postnatal-followup-s267,symptoms,urinary symptoms,267,"incontinence, dysuria","renal,postnatal"
obgyn-postnatal-followup,OB/GYN,obgyn-postnatal-followup-s268,symptoms,bowel function documented,268,"constipation, hemorrhoids","gi,postnatal"
obgyn-postnatal-followup,OB/GYN,obgyn-postnatal-followup-s269,symptoms,energy levels,269,"fatigue, energy, tiredness","general,postnatal"
obgyn-postnatal-followup,OB/GYN,obgyn-postnatal-followup-r270,relevant_negatives,no heavy bleeding reported,270,no heavy lochia,"obstetric,postnatal"
obgyn-postnatal-followup,OB/GYN,obgyn-postnatal-followup-r271,relevant_negatives,no fever reported,271,no fever,"acute,postnatal"
obgyn-postnatal-followup,OB/GYN,obgyn-postnatal-followup-r272,relevant_negatives,no wound discharge reported,272,"no wound discharge, no pus",postnatal
obgyn-postnatal-followup,OB/GYN,obgyn-postnatal-followup-r273,relevant_negatives,no urinary symptoms reported,273,no dysuria,"renal,postnatal"
obgyn-postnatal-followup,OB/GYN,obgyn-postnatal-followup-r274,relevant_negatives,no suicidal ideation reported if assessed,274,"no self-harm thoughts, no suicidal thoughts","mental_health,high_safety"
obgyn-postnatal-followup,OB/GYN,obgyn-postnatal-followup-r275,relevant_negatives,no dyspareunia reported,275,no pain with intercourse,"gynecologic,sexual,postnatal"
obgyn-postnatal-followup,OB/GYN,obgyn-postnatal-followup-e276,exam_findings,vitals recorded,276,"vitals, BP, pulse",vitals
obgyn-postnatal-followup,OB/GYN,obgyn-postnatal-followup-e277,exam_findings,abdominal exam documented if assessed,277,"abdominal exam, uterus, fundus","postnatal,obstetric"
obgyn-postnatal-followup,OB/GYN,obgyn-postnatal-followup-e278,exam_findings,perineal or wound inspection if assessed,278,"perineum, cesarean scar, episiotomy",postnatal
obgyn-postnatal-followup,OB/GYN,obgyn-postnatal-followup-e279,exam_findings,breast exam if assessed,279,"breasts, engorgement, mastitis","postnatal,feeding"
obgyn-postnatal-followup,OB/GYN,obgyn-postnatal-followup-e280,exam_findings,fundal height documented if assessed,280,"uterine involution, fundal height","postnatal,obstetric"
obgyn-postnatal-followup,OB/GYN,obgyn-postnatal-followup-e281,exam_findings,BP documented,281,blood pressure,"vitals,postnatal"
obgyn-postnatal-followup,OB/GYN,obgyn-postnatal-followup-r282,red_flags,postpartum heavy bleeding,282,"heavy lochia, postpartum hemorrhage","obstetric,postnatal,high_safety"
obgyn-postnatal-followup,OB/GYN,obgyn-postnatal-followup-r283,red_flags,fever,283,"fever, pyrexia, puerperal sepsis","acute,postnatal,high_safety"
obgyn-postnatal-followup,OB/GYN,obgyn-postnatal-followup-r284,red_flags,wound infection concern,284,"wound redness, discharge, dehiscence","postnatal,high_safety"
obgyn-postnatal-followup,OB/GYN,obgyn-postnatal-followup-r285,red_flags,severe mood symptoms,285,severe postnatal depression,"mental_health,high_safety"
obgyn-postnatal-followup,OB/GYN,obgyn-postnatal-followup-r286,red_flags,thoughts of self-harm or harm to baby,286,"suicidal ideation, infanticide thoughts","mental_health,high_safety"
obgyn-postnatal-followup,OB/GYN,obgyn-postnatal-followup-r287,red_flags,severe headache with high BP,287,postnatal preeclampsia,"obstetric,postnatal,high_safety"
obgyn-postnatal-followup,OB/GYN,obgyn-postnatal-followup-r288,red_flags,foul-smelling discharge,288,offensive lochia,"obstetric,postnatal,high_safety"
obgyn-postnatal-followup,OB/GYN,obgyn-postnatal-followup-p289,plan_phrases,postnatal counseling documented,289,"postnatal advice, postpartum care","plan,postnatal"
obgyn-postnatal-followup,OB/GYN,obgyn-postnatal-followup-p290,plan_phrases,warning symptoms discussed,290,"danger signs, return precautions","plan,postnatal"
obgyn-postnatal-followup,OB/GYN,obgyn-postnatal-followup-p291,plan_phrases,contraception discussed if relevant,291,"contraception, family planning","plan,postnatal,contraception"
obgyn-postnatal-followup,OB/GYN,obgyn-postnatal-followup-p292,plan_phrases,breastfeeding support discussed,292,"lactation, feeding support","plan,feeding"
obgyn-postnatal-followup,OB/GYN,obgyn-postnatal-followup-p293,plan_phrases,perineal or wound care advised,293,"wound care, hygiene","plan,postnatal"
obgyn-postnatal-followup,OB/GYN,obgyn-postnatal-followup-p294,plan_phrases,follow-up arranged,294,next appointment,plan
obgyn-postnatal-followup,OB/GYN,obgyn-postnatal-followup-p295,plan_phrases,patient questions addressed,295,questions answered,plan
obgyn-postnatal-followup,OB/GYN,obgyn-postnatal-followup-p296,plan_phrases,pelvic floor exercises advised,296,"Kegels, pelvic floor","plan,postnatal"
obgyn-postnatal-followup,OB/GYN,obgyn-postnatal-followup-f297,follow_up,6-8 weeks,297,"6 weeks, routine","followup,postnatal"
obgyn-postnatal-followup,OB/GYN,obgyn-postnatal-followup-f298,follow_up,sooner if concerns,298,"sooner, PRN","followup,postnatal"
obgyn-postnatal-followup,OB/GYN,obgyn-postnatal-followup-f299,follow_up,12 weeks for reassessment if ongoing symptoms,299,"3 months, ongoing","followup,postnatal"
obgyn-early-pregnancy,OB/GYN,obgyn-early-pregnancy-s300,symptoms,early pregnancy symptoms,300,early pregnancy symptoms,obstetric
obgyn-early-pregnancy,OB/GYN,obgyn-early-pregnancy-s301,symptoms,nausea,301,nausea,"gi,obstetric"
obgyn-early-pregnancy,OB/GYN,obgyn-early-pregnancy-s302,symptoms,vomiting,302,"vomiting, emesis","gi,obstetric"
obgyn-early-pregnancy,OB/GYN,obgyn-early-pregnancy-s303,symptoms,abdominal pain,303,"abdominal pain, lower abdominal pain","obstetric,gi"
obgyn-early-pregnancy,OB/GYN,obgyn-early-pregnancy-s304,symptoms,vaginal bleeding,304,"vaginal bleeding, spotting",obstetric
obgyn-early-pregnancy,OB/GYN,obgyn-early-pregnancy-s305,symptoms,dizziness,305,"dizziness, lightheaded","general,obstetric"
obgyn-early-pregnancy,OB/GYN,obgyn-early-pregnancy-s306,symptoms,LMP documented,306,"last menstrual period, LMP","menstrual,obstetric"
obgyn-early-pregnancy,OB/GYN,obgyn-early-pregnancy-s307,symptoms,pregnancy test documented if done,307,"pregnancy test, hCG, positive test",obstetric
obgyn-early-pregnancy,OB/GYN,obgyn-early-pregnancy-s308,symptoms,gestational age estimated if known,308,"gestational age, how many weeks",obstetric
obgyn-early-pregnancy,OB/GYN,obgyn-early-pregnancy-s309,symptoms,breast tenderness,309,"breast tenderness, sore breasts",obstetric
obgyn-early-pregnancy,OB/GYN,obgyn-early-pregnancy-s310,symptoms,fatigue,310,"fatigue, tiredness","general,obstetric"
obgyn-early-pregnancy,OB/GYN,obgyn-early-pregnancy-s311,symptoms,urinary frequency,311,"frequency, needing to pee","renal,obstetric"
obgyn-early-pregnancy,OB/GYN,obgyn-early-pregnancy-r312,relevant_negatives,no vaginal bleeding reported,312,no vaginal bleeding,obstetric
obgyn-early-pregnancy,OB/GYN,obgyn-early-pregnancy-r313,relevant_negatives,no severe abdominal pain reported,313,no severe pain,"obstetric,gi"
obgyn-early-pregnancy,OB/GYN,obgyn-early-pregnancy-r314,relevant_negatives,no syncope reported,314,no fainting,"obstetric,high_safety"
obgyn-early-pregnancy,OB/GYN,obgyn-early-pregnancy-r315,relevant_negatives,no shoulder tip pain reported,315,no shoulder pain,obstetric
obgyn-early-pregnancy,OB/GYN,obgyn-early-pregnancy-r316,relevant_negatives,no fever reported,316,no fever,acute
obgyn-early-pregnancy,OB/GYN,obgyn-early-pregnancy-r317,relevant_negatives,no vomiting reported,317,no vomiting,gi
obgyn-early-pregnancy,OB/GYN,obgyn-early-pregnancy-e318,exam_findings,vitals recorded,318,"vitals, vital signs",vitals
obgyn-early-pregnancy,OB/GYN,obgyn-early-pregnancy-e319,exam_findings,abdominal exam documented if assessed,319,abdominal exam,"gi,obstetric"
obgyn-early-pregnancy,OB/GYN,obgyn-early-pregnancy-e320,exam_findings,pelvic exam documented if assessed,320,"pelvic exam, speculum","obstetric,gynecologic"
obgyn-early-pregnancy,OB/GYN,obgyn-early-pregnancy-e321,exam_findings,cervical os status if assessed,321,"cervical os, open, closed",obstetric
obgyn-early-pregnancy,OB/GYN,obgyn-early-pregnancy-e322,exam_findings,adnexal tenderness if assessed,322,adnexal tenderness,"obstetric,gynecologic"
obgyn-early-pregnancy,OB/GYN,obgyn-early-pregnancy-e323,exam_findings,abdomen soft non-tender if assessed,323,abdomen soft,"gi,obstetric"
obgyn-early-pregnancy,OB/GYN,obgyn-early-pregnancy-r324,red_flags,positive pregnancy test with pain or bleeding,324,pregnant with pain or bleeding,"obstetric,high_safety"
obgyn-early-pregnancy,OB/GYN,obgyn-early-pregnancy-r325,red_flags,severe vomiting unable to keep fluids,325,"hyperemesis, dehydration","gi,obstetric,high_safety"
obgyn-early-pregnancy,OB/GYN,obgyn-early-pregnancy-r326,red_flags,syncope,326,"fainting, collapse","obstetric,high_safety"
obgyn-early-pregnancy,OB/GYN,obgyn-early-pregnancy-r327,red_flags,severe abdominal pain,327,severe pain,"obstetric,high_safety"
obgyn-early-pregnancy,OB/GYN,obgyn-early-pregnancy-r328,red_flags,heavy bleeding,328,heavy vaginal bleeding,"obstetric,high_safety"
obgyn-early-pregnancy,OB/GYN,obgyn-early-pregnancy-r329,red_flags,shoulder tip pain,329,shoulder tip pain,"obstetric,high_safety"
obgyn-early-pregnancy,OB/GYN,obgyn-early-pregnancy-r330,red_flags,signs of dehydration,330,"dry mouth, decreased urine output","gi,obstetric,high_safety"
obgyn-early-pregnancy,OB/GYN,obgyn-early-pregnancy-i331,investigations,pregnancy test reviewed if done,331,"pregnancy test, hCG","investigations,obstetric"
obgyn-early-pregnancy,OB/GYN,obgyn-early-pregnancy-i332,investigations,quantitative hCG reviewed if done,332,"beta hCG, serial hCG","investigations,obstetric"
obgyn-early-pregnancy,OB/GYN,obgyn-early-pregnancy-i333,investigations,ultrasound reviewed if done,333,"TVS, transvaginal ultrasound, early scan","investigations,obstetric"
obgyn-early-pregnancy,OB/GYN,obgyn-early-pregnancy-i334,investigations,urine dip reviewed if done,334,"urinalysis, urine dip","investigations,renal"
obgyn-early-pregnancy,OB/GYN,obgyn-early-pregnancy-i335,investigations,CBC reviewed if done,335,"CBC, hemoglobin",investigations
obgyn-early-pregnancy,OB/GYN,obgyn-early-pregnancy-p336,plan_phrases,early pregnancy counseling documented,336,"early pregnancy advice, reassurance","plan,obstetric"
obgyn-early-pregnancy,OB/GYN,obgyn-early-pregnancy-p337,plan_phrases,warning symptoms discussed,337,"danger signs, return precautions","plan,obstetric"
obgyn-early-pregnancy,OB/GYN,obgyn-early-pregnancy-p338,plan_phrases,follow-up arranged,338,"next appointment, dating scan","plan,obstetric"
obgyn-early-pregnancy,OB/GYN,obgyn-early-pregnancy-p339,plan_phrases,nausea management discussed as per clinician plan,339,"nausea relief, antiemetics","plan,gi"
obgyn-early-pregnancy,OB/GYN,obgyn-early-pregnancy-p340,plan_phrases,patient questions addressed,340,"questions answered, concerns",plan
obgyn-early-pregnancy,OB/GYN,obgyn-early-pregnancy-f341,follow_up,1-2 weeks for reassessment,341,"1-2 weeks, repeat scan","followup,obstetric"
obgyn-early-pregnancy,OB/GYN,obgyn-early-pregnancy-f342,follow_up,sooner if worsening symptoms,342,"sooner, PRN","followup,obstetric"
obgyn-early-pregnancy,OB/GYN,obgyn-early-pregnancy-f343,follow_up,sooner if pain or bleeding develop,343,pain or bleeding,"followup,obstetric"
obgyn-menopause,OB/GYN,obgyn-menopause-s344,symptoms,hot flashes,344,"hot flashes, hot flushes, vasomotor symptoms","gynecologic,menopausal"
obgyn-menopause,OB/GYN,obgyn-menopause-s345,symptoms,night sweats,345,"night sweats, drenching sweats","gynecologic,menopausal"
obgyn-menopause,OB/GYN,obgyn-menopause-s346,symptoms,sleep disturbance,346,"insomnia, poor sleep","general,menopausal"
obgyn-menopause,OB/GYN,obgyn-menopause-s347,symptoms,mood symptoms,347,"mood swings, irritability, anxiety","mental_health,menopausal"
obgyn-menopause,OB/GYN,obgyn-menopause-s348,symptoms,vaginal dryness,348,"vaginal dryness, atrophy","gynecologic,menopausal"
obgyn-menopause,OB/GYN,obgyn-menopause-s349,symptoms,irregular periods,349,"irregular bleeding, perimenopausal bleeding","menstrual,menopausal"
obgyn-menopause,OB/GYN,obgyn-menopause-s350,symptoms,LMP and menstrual pattern documented,350,"LMP, last period, cycle pattern","menstrual,menopausal"
obgyn-menopause,OB/GYN,obgyn-menopause-s351,symptoms,impact on quality of life,351,"QOL, daily activities, relationships","general,menopausal"
obgyn-menopause,OB/GYN,obgyn-menopause-s352,symptoms,joint pain,352,"joint aches, arthralgia","msk,menopausal"
obgyn-menopause,OB/GYN,obgyn-menopause-s353,symptoms,weight changes,353,"weight gain, metabolism","general,menopausal"
obgyn-menopause,OB/GYN,obgyn-menopause-s354,symptoms,libido changes,354,"libido, sex drive","sexual,menopausal"
obgyn-menopause,OB/GYN,obgyn-menopause-s355,symptoms,hair or skin changes,355,"hair thinning, dry skin, wrinkles","dermatology,menopausal"
obgyn-menopause,OB/GYN,obgyn-menopause-r356,relevant_negatives,no abnormal bleeding reported,356,no abnormal vaginal bleeding,"gynecologic,menopausal"
obgyn-menopause,OB/GYN,obgyn-menopause-r357,relevant_negatives,no heavy bleeding reported,357,no heavy periods,"menstrual,menopausal"
obgyn-menopause,OB/GYN,obgyn-menopause-r358,relevant_negatives,no vaginal discharge reported,358,no discharge,gynecologic
obgyn-menopause,OB/GYN,obgyn-menopause-r359,relevant_negatives,no pelvic pain reported,359,no pelvic pain,gynecologic
obgyn-menopause,OB/GYN,obgyn-menopause-r360,relevant_negatives,no urinary symptoms reported,360,"no incontinence, no dysuria",renal
obgyn-menopause,OB/GYN,obgyn-menopause-r361,relevant_negatives,no suicidal ideation reported if assessed,361,"no self-harm, no suicidal thoughts","mental_health,high_safety"
obgyn-menopause,OB/GYN,obgyn-menopause-p362,plan_phrases,counseling documented,362,"counseling, menopause education","plan,menopausal"
obgyn-menopause,OB/GYN,obgyn-menopause-p363,plan_phrases,lifestyle advice discussed,363,"diet, exercise, weight management, smoking","plan,menopausal"
obgyn-menopause,OB/GYN,obgyn-menopause-p364,plan_phrases,HRT discussed as per clinician plan,364,"HRT, hormone therapy","plan,menopausal"
obgyn-menopause,OB/GYN,obgyn-menopause-p365,plan_phrases,non-hormonal options discussed as per clinician plan,365,"non-hormonal, SSRIs, gabapentin","plan,menopausal"
obgyn-menopause,OB/GYN,obgyn-menopause-p366,plan_phrases,vaginal moisturizers or lubricants discussed,366,"vaginal moisturizer, lubricant","plan,menopausal,sexual"
obgyn-menopause,OB/GYN,obgyn-menopause-p367,plan_phrases,risk factors reviewed by clinician,367,"breast cancer risk, thrombosis risk","plan,menopausal"
obgyn-menopause,OB/GYN,obgyn-menopause-p368,plan_phrases,follow-up arranged,368,next appointment,"plan,menopausal"
obgyn-menopause,OB/GYN,obgyn-menopause-p369,plan_phrases,patient questions addressed,369,"questions answered, concerns",plan
obgyn-menopause,OB/GYN,obgyn-menopause-f370,follow_up,3 months for HRT review,370,3 months,"followup,menopausal"
obgyn-menopause,OB/GYN,obgyn-menopause-f371,follow_up,12 months for routine follow-up,371,annual review,"followup,menopausal"
obgyn-menopause,OB/GYN,obgyn-menopause-f372,follow_up,sooner if symptoms worsen or concerns,372,"sooner, PRN","followup,menopausal"
obgyn-fertility,OB/GYN,obgyn-fertility-s373,symptoms,fertility concern,373,"fertility concern, trouble conceiving","gynecologic,fertility"
obgyn-fertility,OB/GYN,obgyn-fertility-s374,symptoms,duration trying to conceive documented,374,"duration TTC, how long trying",fertility
obgyn-fertility,OB/GYN,obgyn-fertility-s375,symptoms,menstrual regularity documented,375,"cycle regularity, ovulation","menstrual,fertility"
obgyn-fertility,OB/GYN,obgyn-fertility-s376,symptoms,obstetric history documented,376,"previous pregnancies, parity, miscarriages","obstetric,fertility"
obgyn-fertility,OB/GYN,obgyn-fertility-s377,symptoms,partner factors discussed if clinically appropriate,377,"partner health, male factor, sperm","fertility,sexual"
obgyn-fertility,OB/GYN,obgyn-fertility-s378,symptoms,previous investigations documented,378,"prior tests, HSG, semen analysis",fertility
obgyn-fertility,OB/GYN,obgyn-fertility-s379,symptoms,past gynecologic history reviewed,379,"gynecologic history, PID, fibroids, endometriosis","gynecologic,fertility"
obgyn-fertility,OB/GYN,obgyn-fertility-s380,symptoms,medical and surgical history reviewed,380,"medical history, surgical history","general,fertility"
obgyn-fertility,OB/GYN,obgyn-fertility-s381,symptoms,current medications documented,381,"current meds, supplements, folic acid",fertility
obgyn-fertility,OB/GYN,obgyn-fertility-s382,symptoms,lifestyle factors documented,382,"smoking, alcohol, caffeine, BMI","fertility,general"
obgyn-fertility,OB/GYN,obgyn-fertility-s383,symptoms,timing of intercourse discussed,383,"ovulation timing, fertile window","fertility,sexual"
obgyn-fertility,OB/GYN,obgyn-fertility-r384,relevant_negatives,no severe pelvic pain reported if relevant,384,no pelvic pain,"gynecologic,fertility"
obgyn-fertility,OB/GYN,obgyn-fertility-r385,relevant_negatives,no abnormal bleeding reported,385,no abnormal bleeding,"gynecologic,fertility"
obgyn-fertility,OB/GYN,obgyn-fertility-r386,relevant_negatives,no previous STI history reported if assessed,386,no STI history,"sexual,fertility"
obgyn-fertility,OB/GYN,obgyn-fertility-e387,exam_findings,BMI documented,387,"BMI, weight, height","vitals,fertility"
obgyn-fertility,OB/GYN,obgyn-fertility-e388,exam_findings,pelvic exam documented if assessed,388,"pelvic exam, bimanual","gynecologic,fertility"
obgyn-fertility,OB/GYN,obgyn-fertility-e389,exam_findings,thyroid exam if assessed,389,"thyroid, goiter","general,fertility"
obgyn-fertility,OB/GYN,obgyn-fertility-e390,exam_findings,signs of hyperandrogenism if assessed,390,"hirsutism, acne, PCOS signs","gynecologic,fertility"
obgyn-fertility,OB/GYN,obgyn-fertility-p391,plan_phrases,counseling documented,391,"counseling, fertility education","plan,fertility"
obgyn-fertility,OB/GYN,obgyn-fertility-p392,plan_phrases,preconception care discussed,392,"folic acid, prenatal vitamins, lifestyle","plan,fertility"
obgyn-fertility,OB/GYN,obgyn-fertility-p393,plan_phrases,referral discussion documented if clinician-entered,393,"fertility specialist, reproductive endocrinology","plan,fertility"
obgyn-fertility,OB/GYN,obgyn-fertility-p394,plan_phrases,ovulation tracking discussed,394,"ovulation kits, OPK, basal body temperature","plan,fertility"
obgyn-fertility,OB/GYN,obgyn-fertility-p395,plan_phrases,investigations discussed as per clinician plan,395,"fertility workup, labs, ultrasound","plan,fertility"
obgyn-fertility,OB/GYN,obgyn-fertility-p396,plan_phrases,follow-up arranged,396,next appointment,"plan,fertility"
obgyn-fertility,OB/GYN,obgyn-fertility-p397,plan_phrases,patient questions addressed,397,"questions answered, concerns",plan
obgyn-fertility,OB/GYN,obgyn-fertility-f398,follow_up,3 months for reassessment,398,3 months,"followup,fertility"
obgyn-fertility,OB/GYN,obgyn-fertility-f399,follow_up,6 months for initial workup results,399,6 months,"followup,fertility"
obgyn-fertility,OB/GYN,obgyn-fertility-f400,follow_up,sooner if age over 35 or concerns,400,"age 35 plus, concerns","followup,fertility"
msk-low-back-pain,Orthopedics / MSK,msk-low-back-pain-s1,symptoms,low back pain,1,"low back pain, LBP, lumbar pain","msk,pain"
msk-low-back-pain,Orthopedics / MSK,msk-low-back-pain-s2,symptoms,radiating leg pain,2,"radiating leg pain, sciatica, radiculopathy","msk,pain,neuro"
msk-low-back-pain,Orthopedics / MSK,msk-low-back-pain-s3,symptoms,stiffness,3,"stiffness, morning stiffness",msk
msk-low-back-pain,Orthopedics / MSK,msk-low-back-pain-s4,symptoms,pain worse with movement,4,"pain worse with movement, movement related","msk,pain"
msk-low-back-pain,Orthopedics / MSK,msk-low-back-pain-s5,symptoms,pain after lifting,5,"pain after lifting, bending, heavy lifting","msk,pain"
msk-low-back-pain,Orthopedics / MSK,msk-low-back-pain-s6,symptoms,numbness or tingling reported,6,"numbness, tingling, paresthesia","neuro,msk"
msk-low-back-pain,Orthopedics / MSK,msk-low-back-pain-s7,symptoms,difficulty walking,7,"difficulty walking, gait disturbance","msk,gait"
msk-low-back-pain,Orthopedics / MSK,msk-low-back-pain-s8,symptoms,night pain reported,8,"night pain, pain at night","msk,pain"
msk-low-back-pain,Orthopedics / MSK,msk-low-back-pain-s9,symptoms,onset and duration documented,9,"onset, duration, when started","general,msk"
msk-low-back-pain,Orthopedics / MSK,msk-low-back-pain-s10,symptoms,previous treatment tried,10,"previous treatment, physiotherapy, medication",msk
msk-low-back-pain,Orthopedics / MSK,msk-low-back-pain-r11,relevant_negatives,no bowel or bladder symptoms reported,11,"no bowel, no bladder, no incontinence","neuro,high_safety"
msk-low-back-pain,Orthopedics / MSK,msk-low-back-pain-r12,relevant_negatives,no saddle anesthesia reported,12,"no saddle anesthesia, no perineal numbness","neuro,high_safety"
msk-low-back-pain,Orthopedics / MSK,msk-low-back-pain-r13,relevant_negatives,no fever reported,13,no fever,acute
msk-low-back-pain,Orthopedics / MSK,msk-low-back-pain-r14,relevant_negatives,no trauma reported,14,"no trauma, no injury",msk
msk-low-back-pain,Orthopedics / MSK,msk-low-back-pain-r15,relevant_negatives,no progressive weakness reported,15,no progressive weakness,"neuro,msk"
msk-low-back-pain,Orthopedics / MSK,msk-low-back-pain-r16,relevant_negatives,no unexplained weight loss reported,16,no weight loss,general
msk-low-back-pain,Orthopedics / MSK,msk-low-back-pain-r17,relevant_negatives,no cancer history reported,17,"no cancer, no malignancy",general
msk-low-back-pain,Orthopedics / MSK,msk-low-back-pain-e18,exam_findings,gait documented,18,"gait, walking","msk,gait"
msk-low-back-pain,Orthopedics / MSK,msk-low-back-pain-e19,exam_findings,lumbar tenderness if assessed,19,"lumbar tenderness, paraspinal tenderness",msk
msk-low-back-pain,Orthopedics / MSK,msk-low-back-pain-e20,exam_findings,range of motion limited by pain if assessed,20,"ROM, limited range of motion",msk
msk-low-back-pain,Orthopedics / MSK,msk-low-back-pain-e21,exam_findings,straight leg raise documented if assessed,21,"SLR, straight leg raise","msk,neuro"
msk-low-back-pain,Orthopedics / MSK,msk-low-back-pain-e22,exam_findings,contralateral SLR documented if assessed,22,crossed SLR,"msk,neuro"
msk-low-back-pain,Orthopedics / MSK,msk-low-back-pain-e23,exam_findings,lower limb power documented if assessed,23,"power, motor strength, MRC","neuro,msk"
msk-low-back-pain,Orthopedics / MSK,msk-low-back-pain-e24,exam_findings,lower limb sensation documented if assessed,24,"sensation, sensory, dermatomal","neuro,msk"
msk-low-back-pain,Orthopedics / MSK,msk-low-back-pain-e25,exam_findings,lower limb reflexes documented if assessed,25,"reflexes, patellar, ankle jerk","neuro,msk"
msk-low-back-pain,Orthopedics / MSK,msk-low-back-pain-r26,red_flags,trauma,26,"trauma, injury","msk,high_safety"
msk-low-back-pain,Orthopedics / MSK,msk-low-back-pain-r27,red_flags,fever,27,"fever, pyrexia","acute,high_safety"
msk-low-back-pain,Orthopedics / MSK,msk-low-back-pain-r28,red_flags,cancer history,28,"cancer history, malignancy","general,high_safety"
msk-low-back-pain,Orthopedics / MSK,msk-low-back-pain-r29,red_flags,unexplained weight loss,29,weight loss,"general,high_safety"
msk-low-back-pain,Orthopedics / MSK,msk-low-back-pain-r30,red_flags,progressive neurological deficit,30,"progressive deficit, worsening weakness","neuro,high_safety"
msk-low-back-pain,Orthopedics / MSK,msk-low-back-pain-r31,red_flags,saddle anesthesia,31,"saddle anesthesia, perineal numbness","neuro,high_safety"
msk-low-back-pain,Orthopedics / MSK,msk-low-back-pain-r32,red_flags,bowel or bladder symptoms,32,"bowel incontinence, bladder retention","neuro,high_safety"
msk-low-back-pain,Orthopedics / MSK,msk-low-back-pain-r33,red_flags,severe night pain,33,"night pain, waking at night","msk,high_safety"
msk-low-back-pain,Orthopedics / MSK,msk-low-back-pain-p34,plan_phrases,activity modification discussed,34,"activity modification, avoiding heavy lifting","plan,msk"
msk-low-back-pain,Orthopedics / MSK,msk-low-back-pain-p35,plan_phrases,analgesia plan discussed as per clinician plan,35,"pain relief, analgesia","plan,msk"
msk-low-back-pain,Orthopedics / MSK,msk-low-back-pain-p36,plan_phrases,physiotherapy referral discussed as per clinician plan,36,"physiotherapy, PT, rehab","plan,msk"
msk-low-back-pain,Orthopedics / MSK,msk-low-back-pain-p37,plan_phrases,heat and cold therapy discussed,37,"heat pack, ice, cold therapy","plan,msk"
msk-low-back-pain,Orthopedics / MSK,msk-low-back-pain-p38,plan_phrases,back care advice discussed,38,"back care, posture, ergonomics","plan,msk"
msk-low-back-pain,Orthopedics / MSK,msk-low-back-pain-p39,plan_phrases,return precautions discussed,39,"return precautions, warning signs","plan,msk"
msk-low-back-pain,Orthopedics / MSK,msk-low-back-pain-p40,plan_phrases,follow-up arranged,40,next appointment,"plan,msk"
msk-low-back-pain,Orthopedics / MSK,msk-low-back-pain-p41,plan_phrases,patient questions addressed,41,"questions answered, concerns addressed",plan
msk-low-back-pain,Orthopedics / MSK,msk-low-back-pain-f42,follow_up,2-4 weeks if not improving,42,2-4 weeks,"followup,msk"
msk-low-back-pain,Orthopedics / MSK,msk-low-back-pain-f43,follow_up,sooner if worsening,43,"sooner, PRN","followup,msk"
msk-low-back-pain,Orthopedics / MSK,msk-low-back-pain-f44,follow_up,sooner if red flag symptoms develop,44,red flags develop,"followup,msk,high_safety"
msk-neck-pain,Orthopedics / MSK,msk-neck-pain-s45,symptoms,neck pain,45,"neck pain, cervical pain","msk,pain"
msk-neck-pain,Orthopedics / MSK,msk-neck-pain-s46,symptoms,stiffness,46,"neck stiffness, cervical stiffness",msk
msk-neck-pain,Orthopedics / MSK,msk-neck-pain-s47,symptoms,pain radiating to arm,47,"radiating arm pain, radiculopathy","msk,neuro"
msk-neck-pain,Orthopedics / MSK,msk-neck-pain-s48,symptoms,numbness or tingling reported,48,"numbness, tingling in arm or hand","neuro,msk"
msk-neck-pain,Orthopedics / MSK,msk-neck-pain-s49,symptoms,headache associated,49,"headache, cervicogenic headache","neuro,msk"
msk-neck-pain,Orthopedics / MSK,msk-neck-pain-s50,symptoms,trauma history,50,"trauma, whiplash, injury",msk
msk-neck-pain,Orthopedics / MSK,msk-neck-pain-s51,symptoms,pain worse with movement,51,pain with neck movement,"msk,pain"
msk-neck-pain,Orthopedics / MSK,msk-neck-pain-s52,symptoms,onset and duration documented,52,"onset, duration","general,msk"
msk-neck-pain,Orthopedics / MSK,msk-neck-pain-r53,relevant_negatives,no limb weakness reported,53,"no arm weakness, no hand weakness","neuro,msk"
msk-neck-pain,Orthopedics / MSK,msk-neck-pain-r54,relevant_negatives,no gait disturbance reported,54,"no gait disturbance, no walking difficulty","msk,gait,neuro"
msk-neck-pain,Orthopedics / MSK,msk-neck-pain-r55,relevant_negatives,no bowel or bladder symptoms reported,55,"no bowel, no bladder","neuro,high_safety"
msk-neck-pain,Orthopedics / MSK,msk-neck-pain-r56,relevant_negatives,no fever reported,56,no fever,acute
msk-neck-pain,Orthopedics / MSK,msk-neck-pain-r57,relevant_negatives,no trauma reported,57,no trauma,msk
msk-neck-pain,Orthopedics / MSK,msk-neck-pain-r58,relevant_negatives,no headache reported,58,no headache,neuro
msk-neck-pain,Orthopedics / MSK,msk-neck-pain-e59,exam_findings,cervical range of motion documented if assessed,59,"cervical ROM, flexion, extension, rotation",msk
msk-neck-pain,Orthopedics / MSK,msk-neck-pain-e60,exam_findings,paraspinal tenderness if assessed,60,"cervical tenderness, paraspinal",msk
msk-neck-pain,Orthopedics / MSK,msk-neck-pain-e61,exam_findings,upper limb power documented if assessed,61,"upper limb power, MRC","neuro,msk"
msk-neck-pain,Orthopedics / MSK,msk-neck-pain-e62,exam_findings,upper limb sensation documented if assessed,62,"sensation, dermatomal, C5-T1","neuro,msk"
msk-neck-pain,Orthopedics / MSK,msk-neck-pain-e63,exam_findings,upper limb reflexes documented if assessed,63,"reflexes, biceps, triceps, supinator","neuro,msk"
msk-neck-pain,Orthopedics / MSK,msk-neck-pain-e64,exam_findings,Spurling test documented if assessed,64,"Spurling test, cervical compression","msk,neuro"
msk-neck-pain,Orthopedics / MSK,msk-neck-pain-e65,exam_findings,shoulder abduction documented if assessed,65,"shoulder abduction, range",msk
msk-neck-pain,Orthopedics / MSK,msk-neck-pain-r66,red_flags,trauma,66,"trauma, neck injury","msk,high_safety"
msk-neck-pain,Orthopedics / MSK,msk-neck-pain-r67,red_flags,neurological deficit affecting daily function,67,neurological deficit,"neuro,high_safety"
msk-neck-pain,Orthopedics / MSK,msk-neck-pain-r68,red_flags,fever,68,"fever, pyrexia","acute,high_safety"
msk-neck-pain,Orthopedics / MSK,msk-neck-pain-r69,red_flags,severe headache,69,severe headache,"neuro,high_safety"
msk-neck-pain,Orthopedics / MSK,msk-neck-pain-r70,red_flags,myelopathic symptoms,70,"myelopathy, hyperreflexia, clonus, gait unsteadiness","neuro,high_safety"
msk-neck-pain,Orthopedics / MSK,msk-neck-pain-r71,red_flags,bowel or bladder symptoms,71,"bowel, bladder","neuro,high_safety"
msk-neck-pain,Orthopedics / MSK,msk-neck-pain-r72,red_flags,unexplained weight loss,72,weight loss,"general,high_safety"
msk-neck-pain,Orthopedics / MSK,msk-neck-pain-p73,plan_phrases,activity modification discussed,73,activity modification,"plan,msk"
msk-neck-pain,Orthopedics / MSK,msk-neck-pain-p74,plan_phrases,analgesia plan discussed as per clinician plan,74,"pain relief, analgesia","plan,msk"
msk-neck-pain,Orthopedics / MSK,msk-neck-pain-p75,plan_phrases,physiotherapy referral discussed as per clinician plan,75,"physiotherapy, cervical rehab","plan,msk"
msk-neck-pain,Orthopedics / MSK,msk-neck-pain-p76,plan_phrases,ergonomic advice discussed,76,"ergonomics, posture, pillow, desk setup","plan,msk"
msk-neck-pain,Orthopedics / MSK,msk-neck-pain-p77,plan_phrases,return precautions discussed,77,"return precautions, warning signs","plan,msk"
msk-neck-pain,Orthopedics / MSK,msk-neck-pain-p78,plan_phrases,follow-up arranged,78,next appointment,"plan,msk"
msk-neck-pain,Orthopedics / MSK,msk-neck-pain-p79,plan_phrases,patient questions addressed,79,questions answered,plan
msk-neck-pain,Orthopedics / MSK,msk-neck-pain-f80,follow_up,2 weeks if not improving,80,2 weeks,"followup,msk"
msk-neck-pain,Orthopedics / MSK,msk-neck-pain-f81,follow_up,sooner if worsening,81,"sooner, PRN","followup,msk"
msk-neck-pain,Orthopedics / MSK,msk-neck-pain-f82,follow_up,sooner if arm weakness develops,82,arm weakness develops,"followup,msk,neuro"
msk-knee-pain,Orthopedics / MSK,msk-knee-pain-s83,symptoms,knee pain,83,knee pain,"msk,pain"
msk-knee-pain,Orthopedics / MSK,msk-knee-pain-s84,symptoms,swelling,84,"knee swelling, effusion",msk
msk-knee-pain,Orthopedics / MSK,msk-knee-pain-s85,symptoms,locking,85,"knee locking, unable to straighten",msk
msk-knee-pain,Orthopedics / MSK,msk-knee-pain-s86,symptoms,giving way,86,"knee giving way, instability",msk
msk-knee-pain,Orthopedics / MSK,msk-knee-pain-s87,symptoms,clicking,87,"clicking, snapping sensation",msk
msk-knee-pain,Orthopedics / MSK,msk-knee-pain-s88,symptoms,pain on stairs,88,"stairs pain, climbing steps","msk,pain"
msk-knee-pain,Orthopedics / MSK,msk-knee-pain-s89,symptoms,trauma history,89,"trauma, injury, twist",msk
msk-knee-pain,Orthopedics / MSK,msk-knee-pain-s90,symptoms,onset and duration documented,90,"onset, duration","general,msk"
msk-knee-pain,Orthopedics / MSK,msk-knee-pain-s91,symptoms,worse with activity,91,activity related pain,"msk,pain"
msk-knee-pain,Orthopedics / MSK,msk-knee-pain-s92,symptoms,better with rest,92,rest relieves pain,"msk,pain"
msk-knee-pain,Orthopedics / MSK,msk-knee-pain-r93,relevant_negatives,no fever reported,93,no fever,acute
msk-knee-pain,Orthopedics / MSK,msk-knee-pain-r94,relevant_negatives,no inability to bear weight reported,94,able to weight bear,"msk,gait"
msk-knee-pain,Orthopedics / MSK,msk-knee-pain-r95,relevant_negatives,no locking reported,95,no locking,msk
msk-knee-pain,Orthopedics / MSK,msk-knee-pain-r96,relevant_negatives,no giving way reported,96,no instability,msk
msk-knee-pain,Orthopedics / MSK,msk-knee-pain-r97,relevant_negatives,no trauma reported,97,no trauma,msk
msk-knee-pain,Orthopedics / MSK,msk-knee-pain-r98,relevant_negatives,no redness or warmth reported,98,"no redness, no warmth","msk,dermatology"
msk-knee-pain,Orthopedics / MSK,msk-knee-pain-e99,exam_findings,range of motion documented if assessed,99,"ROM, flexion, extension",msk
msk-knee-pain,Orthopedics / MSK,msk-knee-pain-e100,exam_findings,effusion documented if assessed,100,"effusion, knee swelling on exam",msk
msk-knee-pain,Orthopedics / MSK,msk-knee-pain-e101,exam_findings,joint line tenderness documented if assessed,101,"joint line tenderness, medial, lateral",msk
msk-knee-pain,Orthopedics / MSK,msk-knee-pain-e102,exam_findings,Lachman test documented if assessed,102,"Lachman, ACL",msk
msk-knee-pain,Orthopedics / MSK,msk-knee-pain-e103,exam_findings,anterior drawer documented if assessed,103,"anterior drawer test, ACL",msk
msk-knee-pain,Orthopedics / MSK,msk-knee-pain-e104,exam_findings,posterior drawer documented if assessed,104,"posterior drawer test, PCL",msk
msk-knee-pain,Orthopedics / MSK,msk-knee-pain-e105,exam_findings,McMurray test documented if assessed,105,"McMurray, meniscal tear",msk
msk-knee-pain,Orthopedics / MSK,msk-knee-pain-e106,exam_findings,collateral ligament stress documented if assessed,106,"MCL, LCL, valgus, varus stress",msk
msk-knee-pain,Orthopedics / MSK,msk-knee-pain-e107,exam_findings,patellar apprehension if assessed,107,"patellar apprehension, instability",msk
msk-knee-pain,Orthopedics / MSK,msk-knee-pain-e108,exam_findings,gait documented,108,"gait, limp, antalgic gait","msk,gait"
msk-knee-pain,Orthopedics / MSK,msk-knee-pain-r109,red_flags,acute trauma with inability to bear weight,109,"acute trauma, unable to weight bear","msk,high_safety"
msk-knee-pain,Orthopedics / MSK,msk-knee-pain-r110,red_flags,fever with hot swollen joint,110,"hot swollen joint, septic arthritis","msk,high_safety"
msk-knee-pain,Orthopedics / MSK,msk-knee-pain-r111,red_flags,neurovascular symptoms,111,"numbness, tingling, foot pulseless","neuro,msk,high_safety"
msk-knee-pain,Orthopedics / MSK,msk-knee-pain-r112,red_flags,locking that prevents walking,112,locked knee,"msk,high_safety"
msk-knee-pain,Orthopedics / MSK,msk-knee-pain-r113,red_flags,severe deformity,113,"deformity, angulation","msk,high_safety"
msk-knee-pain,Orthopedics / MSK,msk-knee-pain-r114,red_flags,open wound near the joint,114,"open wound, laceration","msk,high_safety"
msk-knee-pain,Orthopedics / MSK,msk-knee-pain-p115,plan_phrases,activity modification discussed,115,"activity modification, reduced weight bearing","plan,msk"
msk-knee-pain,Orthopedics / MSK,msk-knee-pain-p116,plan_phrases,analgesia plan discussed as per clinician plan,116,"pain relief, analgesia","plan,msk"
msk-knee-pain,Orthopedics / MSK,msk-knee-pain-p117,plan_phrases,physiotherapy referral discussed as per clinician plan,117,"physiotherapy, knee rehab","plan,msk"
msk-knee-pain,Orthopedics / MSK,msk-knee-pain-p118,plan_phrases,RICE protocol discussed,118,"rest, ice, compression, elevation, RICE","plan,msk"
msk-knee-pain,Orthopedics / MSK,msk-knee-pain-p119,plan_phrases,return precautions discussed,119,"return precautions, warning signs","plan,msk"
msk-knee-pain,Orthopedics / MSK,msk-knee-pain-p120,plan_phrases,follow-up arranged,120,next appointment,"plan,msk"
msk-knee-pain,Orthopedics / MSK,msk-knee-pain-p121,plan_phrases,patient questions addressed,121,questions answered,plan
msk-knee-pain,Orthopedics / MSK,msk-knee-pain-f122,follow_up,1-2 weeks if not improving,122,1-2 weeks,"followup,msk"
msk-knee-pain,Orthopedics / MSK,msk-knee-pain-f123,follow_up,sooner if worsening,123,"sooner, PRN","followup,msk"
msk-knee-pain,Orthopedics / MSK,msk-knee-pain-f124,follow_up,sooner if unable to bear weight,124,unable to bear weight,"followup,msk,high_safety"
msk-shoulder-pain,Orthopedics / MSK,msk-shoulder-pain-s125,symptoms,shoulder pain,125,shoulder pain,"msk,pain"
msk-shoulder-pain,Orthopedics / MSK,msk-shoulder-pain-s126,symptoms,limited overhead activity,126,"limited overhead activity, reaching up",msk
msk-shoulder-pain,Orthopedics / MSK,msk-shoulder-pain-s127,symptoms,weakness reported,127,shoulder weakness,msk
msk-shoulder-pain,Orthopedics / MSK,msk-shoulder-pain-s128,symptoms,night pain,128,"night pain, pain lying on shoulder","msk,pain"
msk-shoulder-pain,Orthopedics / MSK,msk-shoulder-pain-s129,symptoms,trauma history,129,"trauma, injury, fall",msk
msk-shoulder-pain,Orthopedics / MSK,msk-shoulder-pain-s130,symptoms,instability symptoms,130,"instability, shoulder slipping out",msk
msk-shoulder-pain,Orthopedics / MSK,msk-shoulder-pain-s131,symptoms,pain with specific movements,131,"pain with lifting, throwing, reaching","msk,pain"
msk-shoulder-pain,Orthopedics / MSK,msk-shoulder-pain-s132,symptoms,onset and duration documented,132,"onset, duration","general,msk"
msk-shoulder-pain,Orthopedics / MSK,msk-shoulder-pain-r133,relevant_negatives,no neurovascular symptoms reported,133,"no numbness, no tingling in arm","neuro,msk"
msk-shoulder-pain,Orthopedics / MSK,msk-shoulder-pain-r134,relevant_negatives,no fever reported,134,no fever,acute
msk-shoulder-pain,Orthopedics / MSK,msk-shoulder-pain-r135,relevant_negatives,no trauma reported,135,no trauma,msk
msk-shoulder-pain,Orthopedics / MSK,msk-shoulder-pain-r136,relevant_negatives,no neck pain reported,136,no neck pain,"msk,neuro"
msk-shoulder-pain,Orthopedics / MSK,msk-shoulder-pain-r137,relevant_negatives,no bilateral symptoms reported,137,no both sides,msk
msk-shoulder-pain,Orthopedics / MSK,msk-shoulder-pain-e138,exam_findings,shoulder range of motion documented if assessed,138,"ROM, abduction, flexion, rotation",msk
msk-shoulder-pain,Orthopedics / MSK,msk-shoulder-pain-e139,exam_findings,Neer test documented if assessed,139,"Neer test, impingement",msk
msk-shoulder-pain,Orthopedics / MSK,msk-shoulder-pain-e140,exam_findings,Hawkins-Kennedy test documented if assessed,140,"Hawkins, impingement",msk
msk-shoulder-pain,Orthopedics / MSK,msk-shoulder-pain-e141,exam_findings,rotator cuff strength documented if assessed,141,"rotator cuff, supraspinatus, empty can",msk
msk-shoulder-pain,Orthopedics / MSK,msk-shoulder-pain-e142,exam_findings,drop arm test documented if assessed,142,"drop arm test, rotator cuff tear",msk
msk-shoulder-pain,Orthopedics / MSK,msk-shoulder-pain-e143,exam_findings,apprehension and relocation test if assessed,143,"apprehension, instability, shoulder",msk
msk-shoulder-pain,Orthopedics / MSK,msk-shoulder-pain-e144,exam_findings,acromioclavicular joint tenderness if assessed,144,AC joint tenderness,msk
msk-shoulder-pain,Orthopedics / MSK,msk-shoulder-pain-r145,red_flags,trauma with deformity,145,"trauma, deformity, dislocation","msk,high_safety"
msk-shoulder-pain,Orthopedics / MSK,msk-shoulder-pain-r146,red_flags,neurovascular symptoms,146,"numbness, tingling, weak pulse","neuro,msk,high_safety"
msk-shoulder-pain,Orthopedics / MSK,msk-shoulder-pain-r147,red_flags,severe weakness,147,"severe weakness, unable to lift arm","msk,high_safety"
msk-shoulder-pain,Orthopedics / MSK,msk-shoulder-pain-r148,red_flags,fever,148,"fever, pyrexia","acute,high_safety"
msk-shoulder-pain,Orthopedics / MSK,msk-shoulder-pain-r149,red_flags,redness or swelling over joint,149,"hot joint, septic joint concern","msk,high_safety"
msk-shoulder-pain,Orthopedics / MSK,msk-shoulder-pain-r150,red_flags,history of dislocation with new injury,150,recurrent dislocation,"msk,high_safety"
msk-shoulder-pain,Orthopedics / MSK,msk-shoulder-pain-p151,plan_phrases,activity modification discussed,151,"activity modification, rest from overhead activity","plan,msk"
msk-shoulder-pain,Orthopedics / MSK,msk-shoulder-pain-p152,plan_phrases,analgesia plan discussed as per clinician plan,152,"pain relief, analgesia","plan,msk"
msk-shoulder-pain,Orthopedics / MSK,msk-shoulder-pain-p153,plan_phrases,physiotherapy referral discussed as per clinician plan,153,"physiotherapy, shoulder rehab","plan,msk"
msk-shoulder-pain,Orthopedics / MSK,msk-shoulder-pain-p154,plan_phrases,ice and heat therapy discussed,154,"ice, heat, cold pack","plan,msk"
msk-shoulder-pain,Orthopedics / MSK,msk-shoulder-pain-p155,plan_phrases,return precautions discussed,155,"return precautions, warning signs","plan,msk"
msk-shoulder-pain,Orthopedics / MSK,msk-shoulder-pain-p156,plan_phrases,follow-up arranged,156,next appointment,"plan,msk"
msk-shoulder-pain,Orthopedics / MSK,msk-shoulder-pain-p157,plan_phrases,patient questions addressed,157,questions answered,plan
msk-shoulder-pain,Orthopedics / MSK,msk-shoulder-pain-f158,follow_up,2 weeks if not improving,158,2 weeks,"followup,msk"
msk-shoulder-pain,Orthopedics / MSK,msk-shoulder-pain-f159,follow_up,sooner if worsening,159,"sooner, PRN","followup,msk"
msk-shoulder-pain,Orthopedics / MSK,msk-shoulder-pain-f160,follow_up,sooner if severe weakness or deformity,160,severe weakness or deformity,"followup,msk,high_safety"
msk-hip-pain,Orthopedics / MSK,msk-hip-pain-s161,symptoms,hip pain,161,hip pain,"msk,pain"
msk-hip-pain,Orthopedics / MSK,msk-hip-pain-s162,symptoms,groin pain,162,groin pain,"msk,pain"
msk-hip-pain,Orthopedics / MSK,msk-hip-pain-s163,symptoms,lateral hip pain,163,"lateral hip pain, trochanteric pain","msk,pain"
msk-hip-pain,Orthopedics / MSK,msk-hip-pain-s164,symptoms,limp,164,"limp, antalgic gait","msk,gait"
msk-hip-pain,Orthopedics / MSK,msk-hip-pain-s165,symptoms,pain with walking,165,"pain walking, difficulty walking","msk,pain,gait"
msk-hip-pain,Orthopedics / MSK,msk-hip-pain-s166,symptoms,trauma history,166,"trauma, fall, injury",msk
msk-hip-pain,Orthopedics / MSK,msk-hip-pain-s167,symptoms,stiffness,167,"hip stiffness, reduced movement",msk
msk-hip-pain,Orthopedics / MSK,msk-hip-pain-s168,symptoms,onset and duration documented,168,"onset, duration","general,msk"
msk-hip-pain,Orthopedics / MSK,msk-hip-pain-r169,relevant_negatives,no inability to bear weight reported,169,able to weight bear,"msk,gait"
msk-hip-pain,Orthopedics / MSK,msk-hip-pain-r170,relevant_negatives,no fever reported,170,no fever,acute
msk-hip-pain,Orthopedics / MSK,msk-hip-pain-r171,relevant_negatives,no trauma reported,171,no trauma,msk
msk-hip-pain,Orthopedics / MSK,msk-hip-pain-r172,relevant_negatives,no knee pain reported,172,no knee pain,msk
msk-hip-pain,Orthopedics / MSK,msk-hip-pain-r173,relevant_negatives,no groin swelling reported,173,"no groin swelling, no hernia","general,msk"
msk-hip-pain,Orthopedics / MSK,msk-hip-pain-e174,exam_findings,gait documented,174,"gait, antalgic gait, Trendelenburg gait","msk,gait"
msk-hip-pain,Orthopedics / MSK,msk-hip-pain-e175,exam_findings,hip range of motion documented if assessed,175,"hip ROM, flexion, abduction, rotation",msk
msk-hip-pain,Orthopedics / MSK,msk-hip-pain-e176,exam_findings,hip flexion documented if assessed,176,"hip flexion, fixed flexion deformity",msk
msk-hip-pain,Orthopedics / MSK,msk-hip-pain-e177,exam_findings,internal and external rotation documented if assessed,177,"hip rotation, IR, ER",msk
msk-hip-pain,Orthopedics / MSK,msk-hip-pain-e178,exam_findings,greater trochanter tenderness if assessed,178,trochanteric tenderness,msk
msk-hip-pain,Orthopedics / MSK,msk-hip-pain-e179,exam_findings,Thomas test documented if assessed,179,"Thomas test, hip flexor tightness",msk
msk-hip-pain,Orthopedics / MSK,msk-hip-pain-e180,exam_findings,Trendelenburg sign documented if assessed,180,"Trendelenburg sign, gluteal weakness",msk
msk-hip-pain,Orthopedics / MSK,msk-hip-pain-r181,red_flags,inability to bear weight,181,unable to weight bear,"msk,gait,high_safety"
msk-hip-pain,Orthopedics / MSK,msk-hip-pain-r182,red_flags,trauma especially in elderly,182,"trauma, fall","msk,high_safety"
msk-hip-pain,Orthopedics / MSK,msk-hip-pain-r183,red_flags,fever,183,"fever, pyrexia","acute,high_safety"
msk-hip-pain,Orthopedics / MSK,msk-hip-pain-r184,red_flags,severe night pain,184,"night pain, waking","msk,high_safety"
msk-hip-pain,Orthopedics / MSK,msk-hip-pain-r185,red_flags,neurovascular symptoms,185,"numbness, tingling, weak pulse","neuro,msk,high_safety"
msk-hip-pain,Orthopedics / MSK,msk-hip-pain-r186,red_flags,sudden onset of severe pain,186,sudden severe pain,"msk,high_safety"
msk-hip-pain,Orthopedics / MSK,msk-hip-pain-p187,plan_phrases,activity modification discussed,187,"activity modification, walking aids","plan,msk"
msk-hip-pain,Orthopedics / MSK,msk-hip-pain-p188,plan_phrases,analgesia plan discussed as per clinician plan,188,"pain relief, analgesia","plan,msk"
msk-hip-pain,Orthopedics / MSK,msk-hip-pain-p189,plan_phrases,physiotherapy referral discussed as per clinician plan,189,"physiotherapy, hip rehab","plan,msk"
msk-hip-pain,Orthopedics / MSK,msk-hip-pain-p190,plan_phrases,walking aid discussed,190,"walking aid, cane, walker","plan,msk"
msk-hip-pain,Orthopedics / MSK,msk-hip-pain-p191,plan_phrases,return precautions discussed,191,"return precautions, warning signs","plan,msk"
msk-hip-pain,Orthopedics / MSK,msk-hip-pain-p192,plan_phrases,follow-up arranged,192,next appointment,"plan,msk"
msk-hip-pain,Orthopedics / MSK,msk-hip-pain-p193,plan_phrases,patient questions addressed,193,questions answered,plan
msk-hip-pain,Orthopedics / MSK,msk-hip-pain-f194,follow_up,2-4 weeks if not improving,194,2-4 weeks,"followup,msk"
msk-hip-pain,Orthopedics / MSK,msk-hip-pain-f195,follow_up,sooner if worsening,195,"sooner, PRN","followup,msk"
msk-hip-pain,Orthopedics / MSK,msk-hip-pain-f196,follow_up,sooner if unable to bear weight,196,unable to bear weight,"followup,msk,gait,high_safety"
msk-ankle-pain,Orthopedics / MSK,msk-ankle-pain-s197,symptoms,ankle pain,197,ankle pain,"msk,pain"
msk-ankle-pain,Orthopedics / MSK,msk-ankle-pain-s198,symptoms,foot pain,198,foot pain,"msk,pain"
msk-ankle-pain,Orthopedics / MSK,msk-ankle-pain-s199,symptoms,swelling,199,ankle swelling,msk
msk-ankle-pain,Orthopedics / MSK,msk-ankle-pain-s200,symptoms,bruising,200,"bruising, ecchymosis","msk,dermatology"
msk-ankle-pain,Orthopedics / MSK,msk-ankle-pain-s201,symptoms,twisting injury,201,"twisting injury, rolled ankle",msk
msk-ankle-pain,Orthopedics / MSK,msk-ankle-pain-s202,symptoms,pain on weight-bearing,202,"pain standing, pain walking","msk,pain,gait"
msk-ankle-pain,Orthopedics / MSK,msk-ankle-pain-s203,symptoms,onset and duration documented,203,"onset, duration","general,msk"
msk-ankle-pain,Orthopedics / MSK,msk-ankle-pain-s204,symptoms,previous ankle injuries,204,"previous sprain, recurrent sprain",msk
msk-ankle-pain,Orthopedics / MSK,msk-ankle-pain-r205,relevant_negatives,no numbness or tingling reported,205,"no numbness, no tingling","neuro,msk"
msk-ankle-pain,Orthopedics / MSK,msk-ankle-pain-r206,relevant_negatives,no open wound reported,206,"no open wound, no laceration","msk,dermatology"
msk-ankle-pain,Orthopedics / MSK,msk-ankle-pain-r207,relevant_negatives,no inability to bear weight reported,207,able to weight bear,"msk,gait"
msk-ankle-pain,Orthopedics / MSK,msk-ankle-pain-r208,relevant_negatives,no fever reported,208,no fever,acute
msk-ankle-pain,Orthopedics / MSK,msk-ankle-pain-r209,relevant_negatives,no locking reported,209,no locking,msk
msk-ankle-pain,Orthopedics / MSK,msk-ankle-pain-e210,exam_findings,gait and weight-bearing status documented,210,"gait, weight-bearing, non-weight bearing","msk,gait"
msk-ankle-pain,Orthopedics / MSK,msk-ankle-pain-e211,exam_findings,tenderness location documented if assessed,211,"tenderness location, medial, lateral",msk
msk-ankle-pain,Orthopedics / MSK,msk-ankle-pain-e212,exam_findings,range of motion documented if assessed,212,"ankle ROM, dorsiflexion, plantarflexion",msk
msk-ankle-pain,Orthopedics / MSK,msk-ankle-pain-e213,exam_findings,swelling documented if assessed,213,"swelling, edema",msk
msk-ankle-pain,Orthopedics / MSK,msk-ankle-pain-e214,exam_findings,anterior drawer test documented if assessed,214,"anterior drawer, ATFL, ankle stability",msk
msk-ankle-pain,Orthopedics / MSK,msk-ankle-pain-e215,exam_findings,talar tilt test documented if assessed,215,"talar tilt, inversion stress",msk
msk-ankle-pain,Orthopedics / MSK,msk-ankle-pain-e216,exam_findings,neurovascular status documented if assessed,216,"neurovascular status, pulses, sensation","neuro,msk"
msk-ankle-pain,Orthopedics / MSK,msk-ankle-pain-r217,red_flags,inability to bear weight,217,unable to weight bear,"msk,gait,high_safety"
msk-ankle-pain,Orthopedics / MSK,msk-ankle-pain-r218,red_flags,deformity,218,"deformity, angulation","msk,high_safety"
msk-ankle-pain,Orthopedics / MSK,msk-ankle-pain-r219,red_flags,open wound,219,"open fracture, laceration","msk,dermatology,high_safety"
msk-ankle-pain,Orthopedics / MSK,msk-ankle-pain-r220,red_flags,neurovascular symptoms,220,"numbness, tingling, pulseless foot","neuro,msk,high_safety"
msk-ankle-pain,Orthopedics / MSK,msk-ankle-pain-r221,red_flags,fever with hot joint,221,"hot joint, septic","msk,high_safety"
msk-ankle-pain,Orthopedics / MSK,msk-ankle-pain-p222,plan_phrases,RICE protocol discussed,222,"rest, ice, compression, elevation","plan,msk"
msk-ankle-pain,Orthopedics / MSK,msk-ankle-pain-p223,plan_phrases,activity modification discussed,223,"activity modification, reduced weight bearing","plan,msk"
msk-ankle-pain,Orthopedics / MSK,msk-ankle-pain-p224,plan_phrases,analgesia plan discussed as per clinician plan,224,"pain relief, analgesia","plan,msk"
msk-ankle-pain,Orthopedics / MSK,msk-ankle-pain-p225,plan_phrases,physiotherapy referral discussed as per clinician plan,225,"physiotherapy, ankle rehab","plan,msk"
msk-ankle-pain,Orthopedics / MSK,msk-ankle-pain-p226,plan_phrases,return precautions discussed,226,"return precautions, warning signs","plan,msk"
msk-ankle-pain,Orthopedics / MSK,msk-ankle-pain-p227,plan_phrases,follow-up arranged,227,next appointment,"plan,msk"
msk-ankle-pain,Orthopedics / MSK,msk-ankle-pain-p228,plan_phrases,patient questions addressed,228,questions answered,plan
msk-ankle-pain,Orthopedics / MSK,msk-ankle-pain-f229,follow_up,1-2 weeks if not improving,229,1-2 weeks,"followup,msk"
msk-ankle-pain,Orthopedics / MSK,msk-ankle-pain-f230,follow_up,sooner if worsening,230,"sooner, PRN","followup,msk"
msk-ankle-pain,Orthopedics / MSK,msk-ankle-pain-f231,follow_up,sooner if unable to weight bear after 24 hours,231,unable to weight bear,"followup,msk,gait,high_safety"
msk-wrist-hand-pain,Orthopedics / MSK,msk-wrist-hand-pain-s232,symptoms,wrist pain,232,wrist pain,"msk,pain"
msk-wrist-hand-pain,Orthopedics / MSK,msk-wrist-hand-pain-s233,symptoms,hand pain,233,hand pain,"msk,pain"
msk-wrist-hand-pain,Orthopedics / MSK,msk-wrist-hand-pain-s234,symptoms,swelling,234,"wrist swelling, hand swelling",msk
msk-wrist-hand-pain,Orthopedics / MSK,msk-wrist-hand-pain-s235,symptoms,trauma history,235,"trauma, fall on outstretched hand",msk
msk-wrist-hand-pain,Orthopedics / MSK,msk-wrist-hand-pain-s236,symptoms,grip difficulty,236,"grip difficulty, weak grip",msk
msk-wrist-hand-pain,Orthopedics / MSK,msk-wrist-hand-pain-s237,symptoms,numbness or tingling reported,237,"numbness, tingling in fingers","neuro,msk"
msk-wrist-hand-pain,Orthopedics / MSK,msk-wrist-hand-pain-s238,symptoms,worse at night,238,"night pain, night symptoms","msk,pain"
msk-wrist-hand-pain,Orthopedics / MSK,msk-wrist-hand-pain-s239,symptoms,onset and duration documented,239,"onset, duration","general,msk"
msk-wrist-hand-pain,Orthopedics / MSK,msk-wrist-hand-pain-r240,relevant_negatives,no deformity reported,240,no deformity,msk
msk-wrist-hand-pain,Orthopedics / MSK,msk-wrist-hand-pain-r241,relevant_negatives,no open wound reported,241,"no open wound, no laceration","msk,dermatology"
msk-wrist-hand-pain,Orthopedics / MSK,msk-wrist-hand-pain-r242,relevant_negatives,no fever reported,242,no fever,acute
msk-wrist-hand-pain,Orthopedics / MSK,msk-wrist-hand-pain-r243,relevant_negatives,no bilateral numbness reported,243,no both hands,"neuro,msk"
msk-wrist-hand-pain,Orthopedics / MSK,msk-wrist-hand-pain-e244,exam_findings,range of motion documented if assessed,244,"wrist ROM, flexion, extension",msk
msk-wrist-hand-pain,Orthopedics / MSK,msk-wrist-hand-pain-e245,exam_findings,tenderness location documented if assessed,245,"tenderness location, anatomical snuffbox",msk
msk-wrist-hand-pain,Orthopedics / MSK,msk-wrist-hand-pain-e246,exam_findings,grip strength documented if assessed,246,"grip strength, grip",msk
msk-wrist-hand-pain,Orthopedics / MSK,msk-wrist-hand-pain-e247,exam_findings,neurovascular status documented if assessed,247,"neurovascular status, pulses, sensation","neuro,msk"
msk-wrist-hand-pain,Orthopedics / MSK,msk-wrist-hand-pain-e248,exam_findings,Tinel sign documented if assessed,248,"Tinel sign, wrist, carpal tunnel","neuro,msk"
msk-wrist-hand-pain,Orthopedics / MSK,msk-wrist-hand-pain-e249,exam_findings,Phalen test documented if assessed,249,"Phalen test, carpal tunnel","neuro,msk"
msk-wrist-hand-pain,Orthopedics / MSK,msk-wrist-hand-pain-e250,exam_findings,Finkelstein test documented if assessed,250,"Finkelstein, De Quervain",msk
msk-wrist-hand-pain,Orthopedics / MSK,msk-wrist-hand-pain-r251,red_flags,deformity,251,"deformity, angulation","msk,high_safety"
msk-wrist-hand-pain,Orthopedics / MSK,msk-wrist-hand-pain-r252,red_flags,open wound,252,"open wound, laceration","msk,dermatology,high_safety"
msk-wrist-hand-pain,Orthopedics / MSK,msk-wrist-hand-pain-r253,red_flags,neurovascular symptoms,253,"numbness, tingling, color change","neuro,msk,high_safety"
msk-wrist-hand-pain,Orthopedics / MSK,msk-wrist-hand-pain-r254,red_flags,severe swelling,254,severe swelling,"msk,high_safety"
msk-wrist-hand-pain,Orthopedics / MSK,msk-wrist-hand-pain-r255,red_flags,finger color change,255,"finger color, white, blue, cold","vascular,msk,high_safety"
msk-wrist-hand-pain,Orthopedics / MSK,msk-wrist-hand-pain-r256,red_flags,fever,256,"fever, pyrexia","acute,high_safety"
msk-wrist-hand-pain,Orthopedics / MSK,msk-wrist-hand-pain-p257,plan_phrases,activity modification discussed,257,"activity modification, splint, rest","plan,msk"
msk-wrist-hand-pain,Orthopedics / MSK,msk-wrist-hand-pain-p258,plan_phrases,analgesia plan discussed as per clinician plan,258,"pain relief, analgesia","plan,msk"
msk-wrist-hand-pain,Orthopedics / MSK,msk-wrist-hand-pain-p259,plan_phrases,splinting discussed if clinically indicated,259,"splint, wrist splint, brace","plan,msk"
msk-wrist-hand-pain,Orthopedics / MSK,msk-wrist-hand-pain-p260,plan_phrases,physiotherapy referral discussed as per clinician plan,260,"physiotherapy, hand therapy","plan,msk"
msk-wrist-hand-pain,Orthopedics / MSK,msk-wrist-hand-pain-p261,plan_phrases,return precautions discussed,261,"return precautions, warning signs","plan,msk"
msk-wrist-hand-pain,Orthopedics / MSK,msk-wrist-hand-pain-p262,plan_phrases,follow-up arranged,262,next appointment,"plan,msk"
msk-wrist-hand-pain,Orthopedics / MSK,msk-wrist-hand-pain-p263,plan_phrases,patient questions addressed,263,questions answered,plan
msk-wrist-hand-pain,Orthopedics / MSK,msk-wrist-hand-pain-f264,follow_up,2 weeks if not improving,264,2 weeks,"followup,msk"
msk-wrist-hand-pain,Orthopedics / MSK,msk-wrist-hand-pain-f265,follow_up,sooner if worsening,265,"sooner, PRN","followup,msk"
msk-wrist-hand-pain,Orthopedics / MSK,msk-wrist-hand-pain-f266,follow_up,sooner if neurovascular symptoms develop,266,neurovascular symptoms,"followup,msk,neuro,high_safety"
msk-acute-sprain,Orthopedics / MSK,msk-acute-sprain-s267,symptoms,twisting injury,267,"twisting injury, mechanism",msk
msk-acute-sprain,Orthopedics / MSK,msk-acute-sprain-s268,symptoms,swelling,268,"swelling, edema",msk
msk-acute-sprain,Orthopedics / MSK,msk-acute-sprain-s269,symptoms,bruising,269,"bruising, ecchymosis","msk,dermatology"
msk-acute-sprain,Orthopedics / MSK,msk-acute-sprain-s270,symptoms,pain on movement,270,"pain on movement, pain with activity","msk,pain"
msk-acute-sprain,Orthopedics / MSK,msk-acute-sprain-s271,symptoms,pain on weight-bearing,271,pain weight-bearing,"msk,pain,gait"
msk-acute-sprain,Orthopedics / MSK,msk-acute-sprain-s272,symptoms,injury mechanism documented,272,"mechanism of injury, how it happened",msk
msk-acute-sprain,Orthopedics / MSK,msk-acute-sprain-s273,symptoms,time since injury documented,273,"time since injury, acute","msk,acute"
msk-acute-sprain,Orthopedics / MSK,msk-acute-sprain-s274,symptoms,previous similar injury,274,"previous sprain, recurrent injury",msk
msk-acute-sprain,Orthopedics / MSK,msk-acute-sprain-r275,relevant_negatives,no open wound reported,275,"no open wound, no laceration","msk,dermatology"
msk-acute-sprain,Orthopedics / MSK,msk-acute-sprain-r276,relevant_negatives,no neurovascular symptoms reported,276,"no numbness, no tingling","neuro,msk"
msk-acute-sprain,Orthopedics / MSK,msk-acute-sprain-r277,relevant_negatives,no inability to bear weight reported,277,able to weight bear,"msk,gait"
msk-acute-sprain,Orthopedics / MSK,msk-acute-sprain-r278,relevant_negatives,no deformity reported,278,no deformity,msk
msk-acute-sprain,Orthopedics / MSK,msk-acute-sprain-r279,relevant_negatives,no snapping or popping sensation reported,279,"no pop, no snap",msk
msk-acute-sprain,Orthopedics / MSK,msk-acute-sprain-e280,exam_findings,range of motion documented if assessed,280,"ROM, limited movement",msk
msk-acute-sprain,Orthopedics / MSK,msk-acute-sprain-e281,exam_findings,tenderness location documented if assessed,281,"tenderness location, point tenderness",msk
msk-acute-sprain,Orthopedics / MSK,msk-acute-sprain-e282,exam_findings,swelling documented if assessed,282,"swelling on exam, edema",msk
msk-acute-sprain,Orthopedics / MSK,msk-acute-sprain-e283,exam_findings,ligament stress tests documented if assessed,283,"ligament stress, stability",msk
msk-acute-sprain,Orthopedics / MSK,msk-acute-sprain-e284,exam_findings,neurovascular status documented if assessed,284,"neurovascular, pulses, sensation","neuro,msk"
msk-acute-sprain,Orthopedics / MSK,msk-acute-sprain-e285,exam_findings,gait and weight-bearing status documented,285,"gait, weight-bearing","msk,gait"
msk-acute-sprain,Orthopedics / MSK,msk-acute-sprain-r286,red_flags,inability to bear weight,286,unable to weight bear,"msk,gait,high_safety"
msk-acute-sprain,Orthopedics / MSK,msk-acute-sprain-r287,red_flags,deformity,287,"deformity, angulation","msk,high_safety"
msk-acute-sprain,Orthopedics / MSK,msk-acute-sprain-r288,red_flags,neurovascular symptoms,288,"numbness, tingling","neuro,msk,high_safety"
msk-acute-sprain,Orthopedics / MSK,msk-acute-sprain-r289,red_flags,open wound,289,"open wound, laceration, open fracture concern","msk,dermatology,high_safety"
msk-acute-sprain,Orthopedics / MSK,msk-acute-sprain-r290,red_flags,severe swelling within minutes,290,rapid swelling,"msk,high_safety"
msk-acute-sprain,Orthopedics / MSK,msk-acute-sprain-p291,plan_phrases,RICE protocol discussed,291,"rest, ice, compression, elevation","plan,msk"
msk-acute-sprain,Orthopedics / MSK,msk-acute-sprain-p292,plan_phrases,activity modification discussed,292,activity modification,"plan,msk"
msk-acute-sprain,Orthopedics / MSK,msk-acute-sprain-p293,plan_phrases,analgesia plan discussed as per clinician plan,293,"pain relief, analgesia","plan,msk"
msk-acute-sprain,Orthopedics / MSK,msk-acute-sprain-p294,plan_phrases,return precautions discussed,294,"return precautions, warning signs","plan,msk"
msk-acute-sprain,Orthopedics / MSK,msk-acute-sprain-p295,plan_phrases,follow-up arranged,295,next appointment,"plan,msk"
msk-acute-sprain,Orthopedics / MSK,msk-acute-sprain-p296,plan_phrases,patient questions addressed,296,questions answered,plan
msk-acute-sprain,Orthopedics / MSK,msk-acute-sprain-f297,follow_up,1 week if not improving,297,1 week,"followup,msk"
msk-acute-sprain,Orthopedics / MSK,msk-acute-sprain-f298,follow_up,sooner if worsening,298,"sooner, PRN","followup,msk"
msk-acute-sprain,Orthopedics / MSK,msk-acute-sprain-f299,follow_up,sooner if unable to bear weight after 48 hours,299,unable to weight bear,"followup,msk,gait,high_safety"
msk-fracture-followup,Orthopedics / MSK,msk-fracture-followup-s300,symptoms,fracture follow-up,300,"fracture follow-up, fracture review","msk,fracture"
msk-fracture-followup,Orthopedics / MSK,msk-fracture-followup-s301,symptoms,pain improving,301,"pain improving, better","msk,pain"
msk-fracture-followup,Orthopedics / MSK,msk-fracture-followup-s302,symptoms,pain persistent,302,"pain persistent, same","msk,pain"
msk-fracture-followup,Orthopedics / MSK,msk-fracture-followup-s303,symptoms,swelling improving,303,swelling improving,msk
msk-fracture-followup,Orthopedics / MSK,msk-fracture-followup-s304,symptoms,swelling persistent,304,swelling persistent,msk
msk-fracture-followup,Orthopedics / MSK,msk-fracture-followup-s305,symptoms,cast or splint status documented,305,"cast, splint, slab, condition","msk,fracture"
msk-fracture-followup,Orthopedics / MSK,msk-fracture-followup-s306,symptoms,wound status if relevant,306,"wound status, surgical wound","msk,fracture"
msk-fracture-followup,Orthopedics / MSK,msk-fracture-followup-s307,symptoms,mobility status documented,307,"mobility, walking, moving","msk,gait"
msk-fracture-followup,Orthopedics / MSK,msk-fracture-followup-s308,symptoms,neurovascular symptoms,308,"numbness, tingling","neuro,msk,fracture"
msk-fracture-followup,Orthopedics / MSK,msk-fracture-followup-e309,exam_findings,neurovascular status documented if assessed,309,"neurovascular status, pulses, sensation","neuro,msk"
msk-fracture-followup,Orthopedics / MSK,msk-fracture-followup-e310,exam_findings,x-ray reviewed if available,310,"x-ray reviewed, imaging reviewed","msk,imaging"
msk-fracture-followup,Orthopedics / MSK,msk-fracture-followup-e311,exam_findings,weight-bearing status documented,311,"weight-bearing status, WBAT, NWB","msk,gait"
msk-fracture-followup,Orthopedics / MSK,msk-fracture-followup-e312,exam_findings,cast condition documented if assessed,312,"cast condition, intact, loose, wet",msk
msk-fracture-followup,Orthopedics / MSK,msk-fracture-followup-e313,exam_findings,swelling documented if assessed,313,"swelling, edema on exam",msk
msk-fracture-followup,Orthopedics / MSK,msk-fracture-followup-e314,exam_findings,wound inspection if surgical,314,"wound inspection, surgical incision",msk
msk-fracture-followup,Orthopedics / MSK,msk-fracture-followup-e315,exam_findings,range of motion documented if assessed,315,"ROM, joint mobilization",msk
msk-fracture-followup,Orthopedics / MSK,msk-fracture-followup-r316,red_flags,worsening pain,316,worsening pain,"msk,pain,high_safety"
msk-fracture-followup,Orthopedics / MSK,msk-fracture-followup-r317,red_flags,new numbness or tingling,317,"numbness, tingling","neuro,msk,high_safety"
msk-fracture-followup,Orthopedics / MSK,msk-fracture-followup-r318,red_flags,cast tightness,318,"cast tightness, compartment syndrome","msk,high_safety"
msk-fracture-followup,Orthopedics / MSK,msk-fracture-followup-r319,red_flags,color change of digits,319,"finger color change, dusky digits","vascular,msk,high_safety"
msk-fracture-followup,Orthopedics / MSK,msk-fracture-followup-r320,red_flags,wound discharge or bleeding,320,"wound discharge, bleeding","msk,high_safety"
msk-fracture-followup,Orthopedics / MSK,msk-fracture-followup-r321,red_flags,fever,321,"fever, pyrexia","acute,msk,high_safety"
msk-fracture-followup,Orthopedics / MSK,msk-fracture-followup-p322,plan_phrases,analgesia plan discussed as per clinician plan,322,"pain relief, analgesia","plan,msk"
msk-fracture-followup,Orthopedics / MSK,msk-fracture-followup-p323,plan_phrases,cast or splint care discussed,323,"cast care, splint care, keep dry","plan,msk,fracture"
msk-fracture-followup,Orthopedics / MSK,msk-fracture-followup-p324,plan_phrases,weight-bearing instructions discussed,324,"weight-bearing, WBAT, NWB as per plan","plan,msk,gait"
msk-fracture-followup,Orthopedics / MSK,msk-fracture-followup-p325,plan_phrases,follow-up arranged with orthopedics,325,"follow-up, ortho appointment","plan,msk,fracture"
msk-fracture-followup,Orthopedics / MSK,msk-fracture-followup-p326,plan_phrases,return precautions discussed,326,"return precautions, warning signs","plan,msk"
msk-fracture-followup,Orthopedics / MSK,msk-fracture-followup-p327,plan_phrases,patient questions addressed,327,questions answered,plan
msk-fracture-followup,Orthopedics / MSK,msk-fracture-followup-f328,follow_up,4-6 weeks for repeat imaging,328,"4-6 weeks, repeat x-ray","followup,msk,fracture"
msk-fracture-followup,Orthopedics / MSK,msk-fracture-followup-f329,follow_up,sooner if concerns,329,"sooner, PRN","followup,msk"
msk-fracture-followup,Orthopedics / MSK,msk-fracture-followup-f330,follow_up,sooner if cast problems or wound issues,330,"cast problems, wound issues","followup,msk,fracture"
msk-post-op-followup,Orthopedics / MSK,msk-post-op-followup-s331,symptoms,post-operative follow-up,331,"post-op follow-up, surgical follow-up","msk,postop"
msk-post-op-followup,Orthopedics / MSK,msk-post-op-followup-s332,symptoms,pain level documented,332,"pain level, pain score","msk,pain"
msk-post-op-followup,Orthopedics / MSK,msk-post-op-followup-s333,symptoms,wound status documented,333,"wound status, surgical wound","msk,postop"
msk-post-op-followup,Orthopedics / MSK,msk-post-op-followup-s334,symptoms,swelling documented,334,"swelling, edema",msk
msk-post-op-followup,Orthopedics / MSK,msk-post-op-followup-s335,symptoms,fever reported,335,"fever, pyrexia","acute,postop"
msk-post-op-followup,Orthopedics / MSK,msk-post-op-followup-s336,symptoms,mobility status documented,336,"mobility, walking, moving","msk,gait"
msk-post-op-followup,Orthopedics / MSK,msk-post-op-followup-s337,symptoms,physiotherapy progress documented,337,"physiotherapy progress, PT, rehab","msk,postop"
msk-post-op-followup,Orthopedics / MSK,msk-post-op-followup-s338,symptoms,return to work or activities documented,338,"return to work, activity level","msk,postop"
msk-post-op-followup,Orthopedics / MSK,msk-post-op-followup-r339,relevant_negatives,no wound discharge reported,339,"no wound discharge, no pus","msk,postop"
msk-post-op-followup,Orthopedics / MSK,msk-post-op-followup-r340,relevant_negatives,no fever reported,340,no fever,"acute,postop"
msk-post-op-followup,Orthopedics / MSK,msk-post-op-followup-r341,relevant_negatives,no calf pain or swelling reported if relevant,341,"no calf pain, no DVT symptoms","msk,vascular,postop"
msk-post-op-followup,Orthopedics / MSK,msk-post-op-followup-r342,relevant_negatives,no chest pain or SOB reported if relevant,342,"no chest pain, no SOB","cardiac,respiratory,postop"
msk-post-op-followup,Orthopedics / MSK,msk-post-op-followup-e343,exam_findings,wound inspection documented if assessed,343,"wound inspection, surgical incision","msk,postop"
msk-post-op-followup,Orthopedics / MSK,msk-post-op-followup-e344,exam_findings,wound healing documented if assessed,344,"wound healing, healing well, clean, dry","msk,postop"
msk-post-op-followup,Orthopedics / MSK,msk-post-op-followup-e345,exam_findings,swelling documented if assessed,345,"swelling on exam, edema",msk
msk-post-op-followup,Orthopedics / MSK,msk-post-op-followup-e346,exam_findings,range of motion documented if assessed,346,"ROM, joint mobilization",msk
msk-post-op-followup,Orthopedics / MSK,msk-post-op-followup-e347,exam_findings,neurovascular status documented if assessed,347,"neurovascular status, pulses, sensation","neuro,msk"
msk-post-op-followup,Orthopedics / MSK,msk-post-op-followup-e348,exam_findings,weight-bearing status documented,348,"weight-bearing status, WBAT, NWB","msk,gait,postop"
msk-post-op-followup,Orthopedics / MSK,msk-post-op-followup-r349,red_flags,fever,349,"fever, pyrexia","acute,postop,high_safety"
msk-post-op-followup,Orthopedics / MSK,msk-post-op-followup-r350,red_flags,wound discharge,350,"wound discharge, pus, drainage","msk,postop,high_safety"
msk-post-op-followup,Orthopedics / MSK,msk-post-op-followup-r351,red_flags,increasing redness around wound,351,"wound redness, cellulitis","msk,dermatology,postop,high_safety"
msk-post-op-followup,Orthopedics / MSK,msk-post-op-followup-r352,red_flags,worsening pain,352,worsening pain,"msk,pain,high_safety"
msk-post-op-followup,Orthopedics / MSK,msk-post-op-followup-r353,red_flags,calf swelling or pain,353,"calf pain, DVT symptoms","msk,vascular,postop,high_safety"
msk-post-op-followup,Orthopedics / MSK,msk-post-op-followup-r354,red_flags,shortness of breath,354,"SOB, pulmonary embolus","respiratory,postop,high_safety"
msk-post-op-followup,Orthopedics / MSK,msk-post-op-followup-p355,plan_phrases,wound care discussed,355,"wound care, keeping wound clean and dry","plan,msk,postop"
msk-post-op-followup,Orthopedics / MSK,msk-post-op-followup-p356,plan_phrases,analgesia plan discussed as per clinician plan,356,"pain relief, analgesia","plan,msk"
msk-post-op-followup,Orthopedics / MSK,msk-post-op-followup-p357,plan_phrases,physiotherapy and rehab plan discussed,357,"physiotherapy, rehabilitation","plan,msk,postop"
msk-post-op-followup,Orthopedics / MSK,msk-post-op-followup-p358,plan_phrases,activity restrictions discussed,358,"activity restrictions, lifting, driving","plan,msk,postop"
msk-post-op-followup,Orthopedics / MSK,msk-post-op-followup-p359,plan_phrases,DVT prophylaxis discussed as per clinician plan,359,"DVT prophylaxis, blood thinners","plan,msk,postop,vascular"
msk-post-op-followup,Orthopedics / MSK,msk-post-op-followup-p360,plan_phrases,return precautions discussed,360,"return precautions, warning signs","plan,msk"
msk-post-op-followup,Orthopedics / MSK,msk-post-op-followup-p361,plan_phrases,follow-up arranged,361,next appointment,"plan,msk,postop"
msk-post-op-followup,Orthopedics / MSK,msk-post-op-followup-p362,plan_phrases,patient questions addressed,362,questions answered,plan
msk-post-op-followup,Orthopedics / MSK,msk-post-op-followup-f363,follow_up,2 weeks for suture removal,363,"2 weeks, suture removal","followup,msk,postop"
msk-post-op-followup,Orthopedics / MSK,msk-post-op-followup-f364,follow_up,6 weeks for reassessment,364,6 weeks,"followup,msk,postop"
msk-post-op-followup,Orthopedics / MSK,msk-post-op-followup-f365,follow_up,sooner if concerns,365,"sooner, PRN","followup,msk"
msk-post-op-followup,Orthopedics / MSK,msk-post-op-followup-f366,follow_up,sooner if wound issues or fever,366,wound issues or fever,"followup,msk,postop"
msk-osteoarthritis-followup,Orthopedics / MSK,msk-osteoarthritis-followup-s367,symptoms,chronic joint pain,367,chronic joint pain,"msk,pain,chronic"
msk-osteoarthritis-followup,Orthopedics / MSK,msk-osteoarthritis-followup-s368,symptoms,stiffness,368,joint stiffness,msk
msk-osteoarthritis-followup,Orthopedics / MSK,msk-osteoarthritis-followup-s369,symptoms,pain with activity,369,"pain with activity, movement-related pain","msk,pain"
msk-osteoarthritis-followup,Orthopedics / MSK,msk-osteoarthritis-followup-s370,symptoms,reduced function,370,"reduced function, difficulty with daily activities","msk,functional"
msk-osteoarthritis-followup,Orthopedics / MSK,msk-osteoarthritis-followup-s371,symptoms,swelling,371,joint swelling,msk
msk-osteoarthritis-followup,Orthopedics / MSK,msk-osteoarthritis-followup-s372,symptoms,walking limitation,372,"walking limitation, limited walking distance","msk,gait"
msk-osteoarthritis-followup,Orthopedics / MSK,msk-osteoarthritis-followup-s373,symptoms,sleep disturbance due to pain,373,"sleep disturbance, nighttime pain","msk,pain"
msk-osteoarthritis-followup,Orthopedics / MSK,msk-osteoarthritis-followup-s374,symptoms,analgesia use documented,374,"current pain relief, analgesia use",msk
msk-osteoarthritis-followup,Orthopedics / MSK,msk-osteoarthritis-followup-s375,symptoms,impact on quality of life documented,375,"QOL impact, activities affected","msk,functional"
msk-osteoarthritis-followup,Orthopedics / MSK,msk-osteoarthritis-followup-e376,exam_findings,range of motion documented if assessed,376,"ROM, restricted range",msk
msk-osteoarthritis-followup,Orthopedics / MSK,msk-osteoarthritis-followup-e377,exam_findings,joint tenderness documented if assessed,377,joint tenderness,msk
msk-osteoarthritis-followup,Orthopedics / MSK,msk-osteoarthritis-followup-e378,exam_findings,crepitus documented if assessed,378,"crepitus, grating sensation",msk
msk-osteoarthritis-followup,Orthopedics / MSK,msk-osteoarthritis-followup-e379,exam_findings,gait documented,379,"gait, antalgic gait, limp","msk,gait"
msk-osteoarthritis-followup,Orthopedics / MSK,msk-osteoarthritis-followup-e380,exam_findings,deformity documented if assessed,380,"joint deformity, varus, valgus",msk
msk-osteoarthritis-followup,Orthopedics / MSK,msk-osteoarthritis-followup-e381,exam_findings,effusion documented if assessed,381,"joint effusion, swelling on exam",msk
msk-osteoarthritis-followup,Orthopedics / MSK,msk-osteoarthritis-followup-p382,plan_phrases,lifestyle and exercise discussion documented,382,"lifestyle, exercise, activity","plan,msk,chronic"
msk-osteoarthritis-followup,Orthopedics / MSK,msk-osteoarthritis-followup-p383,plan_phrases,weight management discussed if applicable,383,"weight loss, BMI","plan,msk,chronic"
msk-osteoarthritis-followup,Orthopedics / MSK,msk-osteoarthritis-followup-p384,plan_phrases,physiotherapy referral discussed as per clinician plan,384,"physiotherapy, strengthening","plan,msk"
msk-osteoarthritis-followup,Orthopedics / MSK,msk-osteoarthritis-followup-p385,plan_phrases,analgesia plan discussed as per clinician plan,385,"pain relief, analgesia","plan,msk"
msk-osteoarthritis-followup,Orthopedics / MSK,msk-osteoarthritis-followup-p386,plan_phrases,joint protection advice discussed,386,"joint protection, pacing activities","plan,msk"
msk-osteoarthritis-followup,Orthopedics / MSK,msk-osteoarthritis-followup-p387,plan_phrases,walking aid discussed if applicable,387,"walking aid, cane, walker","plan,msk,gait"
msk-osteoarthritis-followup,Orthopedics / MSK,msk-osteoarthritis-followup-p388,plan_phrases,follow-up arranged,388,next appointment,"plan,msk,chronic"
msk-osteoarthritis-followup,Orthopedics / MSK,msk-osteoarthritis-followup-p389,plan_phrases,patient questions addressed,389,questions answered,plan
msk-osteoarthritis-followup,Orthopedics / MSK,msk-osteoarthritis-followup-f390,follow_up,3-6 months,390,3-6 months,"followup,msk,chronic"
msk-osteoarthritis-followup,Orthopedics / MSK,msk-osteoarthritis-followup-f391,follow_up,sooner if worsening,391,"sooner, PRN","followup,msk"
msk-osteoarthritis-followup,Orthopedics / MSK,msk-osteoarthritis-followup-f392,follow_up,sooner if acute swelling or trauma,392,acute swelling or trauma,"followup,msk"
msk-sports-injury,Orthopedics / MSK,msk-sports-injury-s393,symptoms,sports-related injury,393,"sports injury, athletic injury","msk,sports"
msk-sports-injury,Orthopedics / MSK,msk-sports-injury-s394,symptoms,mechanism documented,394,"mechanism of injury, how it happened","msk,sports"
msk-sports-injury,Orthopedics / MSK,msk-sports-injury-s395,symptoms,pain during activity,395,pain during activity,"msk,pain,sports"
msk-sports-injury,Orthopedics / MSK,msk-sports-injury-s396,symptoms,swelling,396,swelling,msk
msk-sports-injury,Orthopedics / MSK,msk-sports-injury-s397,symptoms,instability,397,"instability, feeling unstable","msk,sports"
msk-sports-injury,Orthopedics / MSK,msk-sports-injury-s398,symptoms,reduced performance,398,"reduced performance, decreased function","msk,sports"
msk-sports-injury,Orthopedics / MSK,msk-sports-injury-s399,symptoms,specific sport and position documented,399,"sport, position, activity","msk,sports"
msk-sports-injury,Orthopedics / MSK,msk-sports-injury-s400,symptoms,injury timing documented,400,"injury timing, acute or overuse","msk,sports,acute"
msk-sports-injury,Orthopedics / MSK,msk-sports-injury-s401,symptoms,previous similar injuries,401,"previous injury, recurrence","msk,sports"
msk-sports-injury,Orthopedics / MSK,msk-sports-injury-r402,relevant_negatives,no neurovascular symptoms reported,402,"no numbness, no tingling","neuro,msk"
msk-sports-injury,Orthopedics / MSK,msk-sports-injury-r403,relevant_negatives,no deformity reported,403,no deformity,msk
msk-sports-injury,Orthopedics / MSK,msk-sports-injury-r404,relevant_negatives,no fever reported,404,no fever,acute
msk-sports-injury,Orthopedics / MSK,msk-sports-injury-r405,relevant_negatives,no head injury reported if relevant,405,"no head injury, no concussion","neuro,sports"
msk-sports-injury,Orthopedics / MSK,msk-sports-injury-e406,exam_findings,range of motion documented if assessed,406,"ROM, joint movement",msk
msk-sports-injury,Orthopedics / MSK,msk-sports-injury-e407,exam_findings,strength documented if assessed,407,"strength, power, MRC",msk
msk-sports-injury,Orthopedics / MSK,msk-sports-injury-e408,exam_findings,functional limitation documented if assessed,408,"functional limitation, sport-specific test","msk,sports"
msk-sports-injury,Orthopedics / MSK,msk-sports-injury-e409,exam_findings,tenderness documented if assessed,409,tenderness location,msk
msk-sports-injury,Orthopedics / MSK,msk-sports-injury-e410,exam_findings,swelling documented if assessed,410,"swelling, effusion",msk
msk-sports-injury,Orthopedics / MSK,msk-sports-injury-e411,exam_findings,ligament stability tests documented if assessed,411,"ligament tests, stability",msk
msk-sports-injury,Orthopedics / MSK,msk-sports-injury-r412,red_flags,inability to bear weight,412,unable to weight bear,"msk,gait,high_safety"
msk-sports-injury,Orthopedics / MSK,msk-sports-injury-r413,red_flags,deformity,413,"deformity, angulation","msk,high_safety"
msk-sports-injury,Orthopedics / MSK,msk-sports-injury-r414,red_flags,severe swelling,414,severe swelling,"msk,high_safety"
msk-sports-injury,Orthopedics / MSK,msk-sports-injury-r415,red_flags,neurovascular symptoms,415,"numbness, tingling","neuro,msk,high_safety"
msk-sports-injury,Orthopedics / MSK,msk-sports-injury-r416,red_flags,head injury if relevant,416,"head injury, concussion","neuro,sports,high_safety"
msk-sports-injury,Orthopedics / MSK,msk-sports-injury-p417,plan_phrases,RICE protocol discussed,417,"rest, ice, compression, elevation","plan,msk,sports"
msk-sports-injury,Orthopedics / MSK,msk-sports-injury-p418,plan_phrases,activity modification and rest discussed,418,"activity modification, rest from sport","plan,msk,sports"
msk-sports-injury,Orthopedics / MSK,msk-sports-injury-p419,plan_phrases,analgesia plan discussed as per clinician plan,419,"pain relief, analgesia","plan,msk"
msk-sports-injury,Orthopedics / MSK,msk-sports-injury-p420,plan_phrases,physiotherapy referral discussed as per clinician plan,420,"physiotherapy, sports rehab","plan,msk,sports"
msk-sports-injury,Orthopedics / MSK,msk-sports-injury-p421,plan_phrases,graded return to sport discussed,421,"return to sport, graded activity","plan,msk,sports"
msk-sports-injury,Orthopedics / MSK,msk-sports-injury-p422,plan_phrases,follow-up arranged,422,next appointment,"plan,msk,sports"
msk-sports-injury,Orthopedics / MSK,msk-sports-injury-p423,plan_phrases,patient questions addressed,423,questions answered,plan
msk-sports-injury,Orthopedics / MSK,msk-sports-injury-f424,follow_up,1-2 weeks if not improving,424,1-2 weeks,"followup,msk,sports"
msk-sports-injury,Orthopedics / MSK,msk-sports-injury-f425,follow_up,sooner if worsening,425,"sooner, PRN","followup,msk"
msk-sports-injury,Orthopedics / MSK,msk-sports-injury-f426,follow_up,clearance for return to sport,426,return to sport clearance,"followup,msk,sports"
ent-ear-pain,ENT,ent-ear-pain-s1,symptoms,ear pain,1,"ear pain, earache, otalgia",ent
ent-ear-pain,ENT,ent-ear-pain-s2,symptoms,unilateral ear pain,2,"unilateral ear pain, one ear",ent
ent-ear-pain,ENT,ent-ear-pain-s3,symptoms,bilateral ear pain,3,"bilateral ear pain, both ears",ent
ent-ear-pain,ENT,ent-ear-pain-s4,symptoms,fever,4,"fever, pyrexia, temperature",acute
ent-ear-pain,ENT,ent-ear-pain-s5,symptoms,ear discharge,5,"ear discharge, otorrhea, pus from ear",ent
ent-ear-pain,ENT,ent-ear-pain-s6,symptoms,hearing change,6,"hearing change, hearing loss, muffled hearing",ent
ent-ear-pain,ENT,ent-ear-pain-s7,symptoms,blocked ear sensation,7,"blocked ear, ear fullness, clogged ear",ent
ent-ear-pain,ENT,ent-ear-pain-s8,symptoms,itching,8,"itching, itch, pruritus",ent
ent-ear-pain,ENT,ent-ear-pain-s9,symptoms,recent URTI symptoms,9,"URTI, cold, runny nose",acute
ent-ear-pain,ENT,ent-ear-pain-s10,symptoms,swimming or water exposure,10,"swimming, water in ear",ent
ent-ear-pain,ENT,ent-ear-pain-s11,symptoms,duration documented,11,"duration, how long",general
ent-ear-pain,ENT,ent-ear-pain-s12,symptoms,pain severity documented,12,"pain severity, pain scale, 1-10",general
ent-ear-pain,ENT,ent-ear-pain-n13,relevant_negatives,no ear discharge reported,13,"no ear discharge, no otorrhea",ent
ent-ear-pain,ENT,ent-ear-pain-n14,relevant_negatives,no hearing loss reported,14,"no hearing loss, hearing normal",ent
ent-ear-pain,ENT,ent-ear-pain-n15,relevant_negatives,no dizziness reported,15,"no dizziness, no vertigo",ent
ent-ear-pain,ENT,ent-ear-pain-n16,relevant_negatives,no mastoid swelling reported,16,no mastoid swelling,ent
ent-ear-pain,ENT,ent-ear-pain-n17,relevant_negatives,no facial weakness reported,17,"no facial weakness, no facial droop",ent
ent-ear-pain,ENT,ent-ear-pain-n18,relevant_negatives,no severe headache reported,18,no severe headache,neuro
ent-ear-pain,ENT,ent-ear-pain-n19,relevant_negatives,no fever reported,19,no fever,acute
ent-ear-pain,ENT,ent-ear-pain-e20,exam_findings,otoscopy documented if assessed,20,"otoscopy, ear canal, tympanic membrane","ent,ear,exam"
ent-ear-pain,ENT,ent-ear-pain-e21,exam_findings,ear canal appearance documented if assessed,21,"ear canal, external auditory meatus","ent,ear,exam"
ent-ear-pain,ENT,ent-ear-pain-e22,exam_findings,tympanic membrane appearance documented if assessed,22,"TM, tympanic membrane, eardrum","ent,ear,exam"
ent-ear-pain,ENT,ent-ear-pain-e23,exam_findings,external ear tenderness documented if assessed,23,"external ear tenderness, pinna tenderness","ent,ear,exam"
ent-ear-pain,ENT,ent-ear-pain-e24,exam_findings,mastoid tenderness assessed if relevant,24,"mastoid tenderness, mastoiditis","ent,ear,exam"
ent-ear-pain,ENT,ent-ear-pain-e25,exam_findings,temperature recorded if measured,25,"temperature, fever, febrile","vitals,ent"
ent-ear-pain,ENT,ent-ear-pain-e26,exam_findings,cervical lymph nodes documented if assessed,26,"cervical LNs, lymphadenopathy","ent,exam"
ent-ear-pain,ENT,ent-ear-pain-r27,red_flags,mastoid swelling,27,"mastoid swelling, postauricular swelling","ent,ear,high_safety"
ent-ear-pain,ENT,ent-ear-pain-r28,red_flags,facial weakness,28,"facial weakness, facial palsy","ent,neuro,high_safety"
ent-ear-pain,ENT,ent-ear-pain-r29,red_flags,severe headache,29,severe headache,"neuro,high_safety"
ent-ear-pain,ENT,ent-ear-pain-r30,red_flags,persistent high fever,30,persistent high fever,"acute,high_safety"
ent-ear-pain,ENT,ent-ear-pain-r31,red_flags,immunocompromised state,31,"immunocompromised, immunocompromise","chronic,high_safety"
ent-ear-pain,ENT,ent-ear-pain-r32,red_flags,severe dizziness or vertigo,32,"severe dizziness, severe vertigo","ent,neuro,high_safety"
ent-ear-pain,ENT,ent-ear-pain-p33,plan_phrases,management plan discussed,33,"management plan, treatment plan",plan
ent-ear-pain,ENT,ent-ear-pain-p34,plan_phrases,symptom care discussed as per clinician plan,34,"symptom care, symptomatic treatment",plan
ent-ear-pain,ENT,ent-ear-pain-p35,plan_phrases,return precautions discussed,35,"return precautions, warning signs","plan,ent,high_safety"
ent-ear-pain,ENT,ent-ear-pain-p36,plan_phrases,ear care advice discussed,36,"ear care, keep ear dry, water precautions",plan
ent-ear-pain,ENT,ent-ear-pain-p37,plan_phrases,follow-up arranged,37,"follow-up, next visit",plan
ent-ear-pain,ENT,ent-ear-pain-p38,plan_phrases,patient questions addressed,38,"questions answered, concerns addressed",plan
ent-ear-pain,ENT,ent-ear-pain-f39,follow_up,1 week if not improving,39,"1 week, 7 days","followup,ent"
ent-ear-pain,ENT,ent-ear-pain-f40,follow_up,sooner if worsening,40,"sooner, PRN","followup,ent"
ent-ear-pain,ENT,ent-ear-pain-f41,follow_up,sooner if red flag symptoms develop,41,red flags develop,"followup,ent,high_safety"
ent-hearing-complaint,ENT,ent-hearing-complaint-s1,symptoms,reduced hearing,1,"reduced hearing, hearing loss, decreased hearing",ent
ent-hearing-complaint,ENT,ent-hearing-complaint-s2,symptoms,sudden hearing change,2,"sudden hearing loss, acute hearing loss",ent
ent-hearing-complaint,ENT,ent-hearing-complaint-s3,symptoms,gradual hearing change,3,"gradual hearing loss, progressive hearing loss",ent
ent-hearing-complaint,ENT,ent-hearing-complaint-s4,symptoms,unilateral hearing complaint,4,"unilateral hearing loss, one ear",ent
ent-hearing-complaint,ENT,ent-hearing-complaint-s5,symptoms,bilateral hearing complaint,5,"bilateral hearing loss, both ears",ent
ent-hearing-complaint,ENT,ent-hearing-complaint-s6,symptoms,tinnitus,6,"tinnitus, ringing in ears",ent
ent-hearing-complaint,ENT,ent-hearing-complaint-s7,symptoms,ear fullness,7,"ear fullness, blocked ear, aural fullness",ent
ent-hearing-complaint,ENT,ent-hearing-complaint-s8,symptoms,ear pain,8,"ear pain, earache",ent
ent-hearing-complaint,ENT,ent-hearing-complaint-s9,symptoms,ear discharge,9,"ear discharge, otorrhea",ent
ent-hearing-complaint,ENT,ent-hearing-complaint-s10,symptoms,noise exposure history documented,10,"noise exposure, loud noise, occupational noise",ent
ent-hearing-complaint,ENT,ent-hearing-complaint-s11,symptoms,duration documented,11,"duration, how long, since when",general
ent-hearing-complaint,ENT,ent-hearing-complaint-n12,relevant_negatives,no dizziness reported,12,"no dizziness, no vertigo",ent
ent-hearing-complaint,ENT,ent-hearing-complaint-n13,relevant_negatives,no neurological symptoms reported,13,"no neuro symptoms, no focal neurology",neuro
ent-hearing-complaint,ENT,ent-hearing-complaint-n14,relevant_negatives,no ear pain reported,14,no ear pain,ent
ent-hearing-complaint,ENT,ent-hearing-complaint-n15,relevant_negatives,no ear discharge reported,15,no ear discharge,ent
ent-hearing-complaint,ENT,ent-hearing-complaint-n16,relevant_negatives,no recent trauma reported,16,"no trauma, no head injury","ent,neuro"
ent-hearing-complaint,ENT,ent-hearing-complaint-n17,relevant_negatives,no tinnitus reported,17,no tinnitus,ent
ent-hearing-complaint,ENT,ent-hearing-complaint-e18,exam_findings,otoscopy documented if assessed,18,"otoscopy, ear canal, tympanic membrane","ent,ear,exam"
ent-hearing-complaint,ENT,ent-hearing-complaint-e19,exam_findings,tympanic membrane appearance documented if assessed,19,"TM, eardrum, intact, perforation","ent,ear,exam"
ent-hearing-complaint,ENT,ent-hearing-complaint-e20,exam_findings,hearing screen or audiology result reviewed if available,20,"hearing test, audiogram, audiology","ent,ear,exam"
ent-hearing-complaint,ENT,ent-hearing-complaint-e21,exam_findings,whisper test or tuning fork test documented if assessed,21,"tuning fork, Rinne, Weber","ent,exam"
ent-hearing-complaint,ENT,ent-hearing-complaint-e22,exam_findings,impacted wax documented if present,22,"earwax, cerumen, impacted wax","ent,ear,exam"
ent-hearing-complaint,ENT,ent-hearing-complaint-r23,red_flags,sudden hearing loss,23,"sudden hearing loss, acute sensorineural","ent,ear,high_safety"
ent-hearing-complaint,ENT,ent-hearing-complaint-r24,red_flags,neurological symptoms,24,"focal neuro, weak arm, facial numbness","neuro,high_safety"
ent-hearing-complaint,ENT,ent-hearing-complaint-r25,red_flags,severe vertigo,25,"severe vertigo, disabling dizziness","ent,neuro,high_safety"
ent-hearing-complaint,ENT,ent-hearing-complaint-r26,red_flags,head trauma,26,"head trauma, head injury","neuro,high_safety"
ent-hearing-complaint,ENT,ent-hearing-complaint-p27,plan_phrases,management plan discussed,27,management plan,plan
ent-hearing-complaint,ENT,ent-hearing-complaint-p28,plan_phrases,hearing aid evaluation discussed as per clinician plan,28,"hearing aid, amplification","plan,ent"
ent-hearing-complaint,ENT,ent-hearing-complaint-p29,plan_phrases,ENT referral discussed as per clinician plan,29,"ENT referral, specialist referral","plan,ent"
ent-hearing-complaint,ENT,ent-hearing-complaint-p30,plan_phrases,audiology referral discussed as per clinician plan,30,"audiology, hearing test appointment","plan,ent"
ent-hearing-complaint,ENT,ent-hearing-complaint-p31,plan_phrases,return precautions discussed,31,"return precautions, warning signs","plan,ent,high_safety"
ent-hearing-complaint,ENT,ent-hearing-complaint-p32,plan_phrases,patient questions addressed,32,"questions answered, concerns addressed",plan
ent-hearing-complaint,ENT,ent-hearing-complaint-f33,follow_up,2 weeks to review test results,33,"2 weeks, audiology results","followup,ent"
ent-hearing-complaint,ENT,ent-hearing-complaint-f34,follow_up,sooner if worsening,34,"sooner, PRN","followup,ent"
ent-hearing-complaint,ENT,ent-hearing-complaint-f35,follow_up,sooner if sudden change,35,sudden worsening,"followup,ent,high_safety"
ent-tinnitus,ENT,ent-tinnitus-s1,symptoms,tinnitus,1,"tinnitus, ringing in ears",ent
ent-tinnitus,ENT,ent-tinnitus-s2,symptoms,unilateral tinnitus,2,"unilateral tinnitus, one ear ringing",ent
ent-tinnitus,ENT,ent-tinnitus-s3,symptoms,bilateral tinnitus,3,"bilateral tinnitus, both ears ringing",ent
ent-tinnitus,ENT,ent-tinnitus-s4,symptoms,pulsatile tinnitus,4,"pulsatile tinnitus, pulse-synchronous, whooshing",ent
ent-tinnitus,ENT,ent-tinnitus-s5,symptoms,hearing change,5,"hearing change, hearing loss, muffled",ent
ent-tinnitus,ENT,ent-tinnitus-s6,symptoms,dizziness or vertigo,6,"dizziness, vertigo, spinning","ent,neuro"
ent-tinnitus,ENT,ent-tinnitus-s7,symptoms,noise exposure,7,"noise exposure, loud noise, acoustic trauma",ent
ent-tinnitus,ENT,ent-tinnitus-s8,symptoms,medication history reviewed if relevant,8,"medication review, ototoxic drugs",ent
ent-tinnitus,ENT,ent-tinnitus-s9,symptoms,ear fullness,9,"ear fullness, blocked ear",ent
ent-tinnitus,ENT,ent-tinnitus-s10,symptoms,headache,10,headache,neuro
ent-tinnitus,ENT,ent-tinnitus-s11,symptoms,duration documented,11,"duration, how long, when started",general
ent-tinnitus,ENT,ent-tinnitus-s12,symptoms,impact on sleep or concentration,12,"sleep disturbance, concentration difficulty, quality of life",general
ent-tinnitus,ENT,ent-tinnitus-e13,exam_findings,otoscopy documented if assessed,13,"otoscopy, ear canal, tympanic membrane","ent,ear,exam"
ent-tinnitus,ENT,ent-tinnitus-e14,exam_findings,tympanic membrane appearance documented if assessed,14,"TM, eardrum, normal","ent,ear,exam"
ent-tinnitus,ENT,ent-tinnitus-e15,exam_findings,hearing screen documented if assessed,15,"hearing screen, whispered voice, tuning fork","ent,exam"
ent-tinnitus,ENT,ent-tinnitus-e16,exam_findings,cervical auscultation for bruit if relevant,16,"carotid bruit, cervical bruit","ent,exam"
ent-tinnitus,ENT,ent-tinnitus-e17,exam_findings,neurological examination documented if indicated,17,"neuro exam, cranial nerves","ent,neuro,exam"
ent-tinnitus,ENT,ent-tinnitus-p18,plan_phrases,management plan discussed,18,management plan,plan
ent-tinnitus,ENT,ent-tinnitus-p19,plan_phrases,tinnitus management strategies discussed as per clinician plan,19,"tinnitus management, sound therapy, habituation",plan
ent-tinnitus,ENT,ent-tinnitus-p20,plan_phrases,hearing assessment discussed as per clinician plan,20,"hearing test, audiology",plan
ent-tinnitus,ENT,ent-tinnitus-p21,plan_phrases,return precautions discussed,21,"return precautions, warning signs","plan,ent,high_safety"
ent-tinnitus,ENT,ent-tinnitus-p22,plan_phrases,patient questions addressed,22,"questions answered, concerns addressed",plan
ent-tinnitus,ENT,ent-tinnitus-p23,plan_phrases,stress management discussed if relevant,23,"stress reduction, relaxation","plan,ent"
ent-tinnitus,ENT,ent-tinnitus-f24,follow_up,4-6 weeks if persistent,24,"4-6 weeks, 1 month","followup,ent"
ent-tinnitus,ENT,ent-tinnitus-f25,follow_up,sooner if worsening,25,"sooner, PRN","followup,ent"
ent-tinnitus,ENT,ent-tinnitus-f26,follow_up,sooner if new symptoms develop,26,"new symptoms, new onset","followup,ent,high_safety"
ent-dizziness-vertigo,ENT,ent-dizziness-vertigo-s1,symptoms,dizziness,1,"dizziness, lightheadedness",ent
ent-dizziness-vertigo,ENT,ent-dizziness-vertigo-s2,symptoms,vertigo,2,"vertigo, spinning sensation","ent,neuro"
ent-dizziness-vertigo,ENT,ent-dizziness-vertigo-s3,symptoms,spinning sensation,3,"spinning, room spinning","ent,neuro"
ent-dizziness-vertigo,ENT,ent-dizziness-vertigo-s4,symptoms,lightheadedness,4,"lightheadedness, feeling faint","ent,neuro"
ent-dizziness-vertigo,ENT,ent-dizziness-vertigo-s5,symptoms,positional symptoms,5,"positional, triggered by head movement, BPPV","ent,neuro"
ent-dizziness-vertigo,ENT,ent-dizziness-vertigo-s6,symptoms,nausea or vomiting,6,"nausea, vomiting, feeling sick","gi,ent"
ent-dizziness-vertigo,ENT,ent-dizziness-vertigo-s7,symptoms,hearing symptoms,7,"hearing loss, hearing change","ent,ear"
ent-dizziness-vertigo,ENT,ent-dizziness-vertigo-s8,symptoms,tinnitus,8,"tinnitus, ringing in ears",ent
ent-dizziness-vertigo,ENT,ent-dizziness-vertigo-s9,symptoms,headache,9,headache,neuro
ent-dizziness-vertigo,ENT,ent-dizziness-vertigo-s10,symptoms,duration of episodes documented,10,"duration of episode, seconds, minutes, hours",general
ent-dizziness-vertigo,ENT,ent-dizziness-vertigo-s11,symptoms,onset pattern documented,11,"onset, sudden, gradual","general,ent"
ent-dizziness-vertigo,ENT,ent-dizziness-vertigo-s12,symptoms,history of similar episodes,12,"previous episodes, recurrent, past vertigo","ent,neuro"
ent-dizziness-vertigo,ENT,ent-dizziness-vertigo-n13,relevant_negatives,no syncope reported,13,"no syncope, no fainting",cardiac
ent-dizziness-vertigo,ENT,ent-dizziness-vertigo-n14,relevant_negatives,no focal neurological symptoms reported,14,"no focal symptoms, no weakness, no numbness",neuro
ent-dizziness-vertigo,ENT,ent-dizziness-vertigo-n15,relevant_negatives,no chest pain reported,15,"no chest pain, no CP",cardiac
ent-dizziness-vertigo,ENT,ent-dizziness-vertigo-n16,relevant_negatives,no new weakness reported,16,"no new weakness, no limb weakness",neuro
ent-dizziness-vertigo,ENT,ent-dizziness-vertigo-n17,relevant_negatives,no headache reported,17,no headache,neuro
ent-dizziness-vertigo,ENT,ent-dizziness-vertigo-n18,relevant_negatives,no palpitations reported,18,no palpitations,cardiac
ent-dizziness-vertigo,ENT,ent-dizziness-vertigo-e19,exam_findings,neurological examination documented if assessed,19,"neurological exam, cranial nerves","neuro,exam"
ent-dizziness-vertigo,ENT,ent-dizziness-vertigo-e20,exam_findings,ear examination documented if assessed,20,"otoscopy, ear exam","ent,ear,exam"
ent-dizziness-vertigo,ENT,ent-dizziness-vertigo-e21,exam_findings,positional testing documented if assessed,21,"Dix-Hallpike, positional testing, Hallpike","ent,neuro,exam"
ent-dizziness-vertigo,ENT,ent-dizziness-vertigo-e22,exam_findings,nystagmus documented if observed,22,"nystagmus, eye movement","neuro,exam"
ent-dizziness-vertigo,ENT,ent-dizziness-vertigo-e23,exam_findings,gait assessment documented if assessed,23,"gait, walking, tandem gait","neuro,exam"
ent-dizziness-vertigo,ENT,ent-dizziness-vertigo-e24,exam_findings,balance assessment documented if assessed,24,"balance, Romberg test","neuro,exam"
ent-dizziness-vertigo,ENT,ent-dizziness-vertigo-e25,exam_findings,hearing screen documented if assessed,25,"hearing screen, tuning fork","ent,exam"
ent-dizziness-vertigo,ENT,ent-dizziness-vertigo-e26,exam_findings,vitals recorded if measured,26,"vitals, BP, HR","vitals,exam"
ent-dizziness-vertigo,ENT,ent-dizziness-vertigo-r27,red_flags,focal neurological symptoms,27,"focal neuro symptoms, unilateral weakness","neuro,high_safety"
ent-dizziness-vertigo,ENT,ent-dizziness-vertigo-r28,red_flags,severe headache,28,"severe headache, thunderclap headache","neuro,high_safety"
ent-dizziness-vertigo,ENT,ent-dizziness-vertigo-r29,red_flags,new weakness,29,"new weakness, limb weakness","neuro,high_safety"
ent-dizziness-vertigo,ENT,ent-dizziness-vertigo-r30,red_flags,syncope,30,"syncope, fainting, loss of consciousness","cardiac,high_safety"
ent-dizziness-vertigo,ENT,ent-dizziness-vertigo-r31,red_flags,chest pain,31,"chest pain, CP","cardiac,high_safety"
ent-dizziness-vertigo,ENT,ent-dizziness-vertigo-r32,red_flags,persistent vomiting,32,"persistent vomiting, unable to keep fluids","gi,high_safety"
ent-dizziness-vertigo,ENT,ent-dizziness-vertigo-p33,plan_phrases,management plan discussed,33,management plan,plan
ent-dizziness-vertigo,ENT,ent-dizziness-vertigo-p34,plan_phrases,vestibular rehabilitation discussed as per clinician plan,34,"vestibular rehab, balance exercises",plan
ent-dizziness-vertigo,ENT,ent-dizziness-vertigo-p35,plan_phrases,positional maneuver discussed as per clinician plan,35,"Epley maneuver, repositioning","plan,ent"
ent-dizziness-vertigo,ENT,ent-dizziness-vertigo-p36,plan_phrases,fall prevention advice discussed,36,"fall prevention, safety at home",plan
ent-dizziness-vertigo,ENT,ent-dizziness-vertigo-p37,plan_phrases,return precautions discussed,37,"return precautions, warning signs","plan,ent,high_safety"
ent-dizziness-vertigo,ENT,ent-dizziness-vertigo-p38,plan_phrases,patient questions addressed,38,"questions answered, concerns addressed",plan
ent-dizziness-vertigo,ENT,ent-dizziness-vertigo-f39,follow_up,1-2 weeks if not improving,39,1-2 weeks,"followup,ent"
ent-dizziness-vertigo,ENT,ent-dizziness-vertigo-f40,follow_up,sooner if worsening,40,"sooner, PRN","followup,ent"
ent-dizziness-vertigo,ENT,ent-dizziness-vertigo-f41,follow_up,sooner if red flag symptoms develop,41,red flags develop,"followup,ent,high_safety"
ent-nasal-congestion,ENT,ent-nasal-congestion-s1,symptoms,nasal congestion,1,"nasal congestion, blocked nose, stuffy nose",ent
ent-nasal-congestion,ENT,ent-nasal-congestion-s2,symptoms,runny nose,2,"runny nose, rhinorrhea, watery discharge",ent
ent-nasal-congestion,ENT,ent-nasal-congestion-s3,symptoms,sneezing,3,"sneezing, sneeze",ent
ent-nasal-congestion,ENT,ent-nasal-congestion-s4,symptoms,postnasal drip,4,"postnasal drip, catarrh","ent,nasal,throat"
ent-nasal-congestion,ENT,ent-nasal-congestion-s5,symptoms,reduced smell,5,"reduced smell, anosmia, hyposmia",ent
ent-nasal-congestion,ENT,ent-nasal-congestion-s6,symptoms,facial pressure,6,"facial pressure, sinus pressure",ent
ent-nasal-congestion,ENT,ent-nasal-congestion-s7,symptoms,allergy triggers,7,"allergy triggers, pollen, dust, pets",ent
ent-nasal-congestion,ENT,ent-nasal-congestion-s8,symptoms,seasonal pattern,8,"seasonal, spring, hay fever",ent
ent-nasal-congestion,ENT,ent-nasal-congestion-s9,symptoms,eye symptoms,9,"itchy eyes, watery eyes, conjunctival symptoms",ophth
ent-nasal-congestion,ENT,ent-nasal-congestion-s10,symptoms,duration documented,10,"duration, how long, chronic",general
ent-nasal-congestion,ENT,ent-nasal-congestion-s11,symptoms,previous treatment tried,11,"previous treatment, antihistamines, nasal spray",ent
ent-nasal-congestion,ENT,ent-nasal-congestion-n12,relevant_negatives,no epistaxis reported,12,"no epistaxis, no nosebleed",ent
ent-nasal-congestion,ENT,ent-nasal-congestion-n13,relevant_negatives,no severe facial pain reported,13,no severe facial pain,"ent,nasal"
ent-nasal-congestion,ENT,ent-nasal-congestion-n14,relevant_negatives,no fever reported,14,no fever,acute
ent-nasal-congestion,ENT,ent-nasal-congestion-n15,relevant_negatives,no purulent nasal discharge reported,15,"no purulent discharge, no green discharge",ent
ent-nasal-congestion,ENT,ent-nasal-congestion-n16,relevant_negatives,no headache reported,16,no headache,neuro
ent-nasal-congestion,ENT,ent-nasal-congestion-e17,exam_findings,nasal examination documented if assessed,17,"nasal exam, nasal cavity, mucosa","ent,nasal,exam"
ent-nasal-congestion,ENT,ent-nasal-congestion-e18,exam_findings,nasal mucosa appearance documented if assessed,18,"nasal mucosa, congested, pale, swollen","ent,nasal,exam"
ent-nasal-congestion,ENT,ent-nasal-congestion-e19,exam_findings,throat examination documented if assessed,19,"oropharynx, postnasal drip visible","ent,throat,exam"
ent-nasal-congestion,ENT,ent-nasal-congestion-e20,exam_findings,allergic shiners or nasal crease documented if present,20,"allergic shiners, allergic crease, Dennie-Morgan","ent,nasal,exam"
ent-nasal-congestion,ENT,ent-nasal-congestion-e21,exam_findings,ear examination documented if relevant,21,"otoscopy, ear exam","ent,ear,exam"
ent-nasal-congestion,ENT,ent-nasal-congestion-r22,red_flags,unilateral obstruction,22,unilateral nasal obstruction,"ent,nasal,high_safety"
ent-nasal-congestion,ENT,ent-nasal-congestion-r23,red_flags,recurrent epistaxis,23,"recurrent nosebleed, frequent epistaxis","ent,nasal,high_safety"
ent-nasal-congestion,ENT,ent-nasal-congestion-r24,red_flags,facial swelling,24,"facial swelling, periorbital edema","ent,high_safety"
ent-nasal-congestion,ENT,ent-nasal-congestion-r25,red_flags,severe headache,25,severe headache,"neuro,high_safety"
ent-nasal-congestion,ENT,ent-nasal-congestion-r26,red_flags,visual symptoms,26,"vision change, double vision","ophth,high_safety"
ent-nasal-congestion,ENT,ent-nasal-congestion-p27,plan_phrases,management plan discussed,27,management plan,plan
ent-nasal-congestion,ENT,ent-nasal-congestion-p28,plan_phrases,allergen avoidance advice discussed,28,"allergen avoidance, trigger avoidance",plan
ent-nasal-congestion,ENT,ent-nasal-congestion-p29,plan_phrases,nasal care discussed as per clinician plan,29,"nasal spray, saline rinse, nasal hygiene",plan
ent-nasal-congestion,ENT,ent-nasal-congestion-p30,plan_phrases,return precautions discussed,30,"return precautions, warning signs","plan,ent,high_safety"
ent-nasal-congestion,ENT,ent-nasal-congestion-p31,plan_phrases,patient questions addressed,31,"questions answered, concerns addressed",plan
ent-nasal-congestion,ENT,ent-nasal-congestion-f32,follow_up,2-4 weeks if not improving,32,2-4 weeks,"followup,ent"
ent-nasal-congestion,ENT,ent-nasal-congestion-f33,follow_up,sooner if worsening,33,"sooner, PRN","followup,ent"
ent-nasal-congestion,ENT,ent-nasal-congestion-f34,follow_up,sooner if red flag symptoms develop,34,red flags develop,"followup,ent,high_safety"
ent-sinus-symptoms,ENT,ent-sinus-symptoms-s1,symptoms,facial pressure,1,"facial pressure, sinus pressure, sinus pain",ent
ent-sinus-symptoms,ENT,ent-sinus-symptoms-s2,symptoms,nasal congestion,2,"nasal congestion, blocked nose",ent
ent-sinus-symptoms,ENT,ent-sinus-symptoms-s3,symptoms,purulent nasal discharge reported,3,"purulent discharge, green discharge, thick discharge",ent
ent-sinus-symptoms,ENT,ent-sinus-symptoms-s4,symptoms,postnasal drip,4,"postnasal drip, catarrh","ent,nasal,throat"
ent-sinus-symptoms,ENT,ent-sinus-symptoms-s5,symptoms,headache,5,"headache, frontal headache, sinus headache",neuro
ent-sinus-symptoms,ENT,ent-sinus-symptoms-s6,symptoms,reduced smell,6,"reduced smell, anosmia, hyposmia",ent
ent-sinus-symptoms,ENT,ent-sinus-symptoms-s7,symptoms,dental pain,7,"dental pain, tooth pain, maxillary toothache",ent
ent-sinus-symptoms,ENT,ent-sinus-symptoms-s8,symptoms,fever,8,"fever, pyrexia, temperature",acute
ent-sinus-symptoms,ENT,ent-sinus-symptoms-s9,symptoms,duration documented,9,"duration, acute, subacute, chronic",general
ent-sinus-symptoms,ENT,ent-sinus-symptoms-s10,symptoms,cough,10,cough,respiratory
ent-sinus-symptoms,ENT,ent-sinus-symptoms-s11,symptoms,fatigue or malaise,11,"fatigue, malaise, feeling unwell",general
ent-sinus-symptoms,ENT,ent-sinus-symptoms-s12,symptoms,previous treatment tried,12,"previous treatment, antibiotics, nasal spray",ent
ent-sinus-symptoms,ENT,ent-sinus-symptoms-n13,relevant_negatives,no visual symptoms reported,13,"no vision change, no double vision",ophth
ent-sinus-symptoms,ENT,ent-sinus-symptoms-n14,relevant_negatives,no facial swelling reported,14,no facial swelling,ent
ent-sinus-symptoms,ENT,ent-sinus-symptoms-n15,relevant_negatives,no severe headache reported,15,no severe headache,neuro
ent-sinus-symptoms,ENT,ent-sinus-symptoms-n16,relevant_negatives,no dental pain reported,16,no dental pain,dental
ent-sinus-symptoms,ENT,ent-sinus-symptoms-n17,relevant_negatives,no fever reported,17,no fever,acute
ent-sinus-symptoms,ENT,ent-sinus-symptoms-e18,exam_findings,nasal examination documented if assessed,18,"nasal exam, nasal cavity, discharge","ent,nasal,exam"
ent-sinus-symptoms,ENT,ent-sinus-symptoms-e19,exam_findings,sinus tenderness documented if assessed,19,"sinus tenderness, sinus palpation","ent,nasal,exam"
ent-sinus-symptoms,ENT,ent-sinus-symptoms-e20,exam_findings,throat examination documented if assessed,20,"oropharynx, postnasal drip","ent,throat,exam"
ent-sinus-symptoms,ENT,ent-sinus-symptoms-e21,exam_findings,dental examination documented if relevant,21,"dental exam, tooth, gums","dental,exam"
ent-sinus-symptoms,ENT,ent-sinus-symptoms-e22,exam_findings,temperature recorded if measured,22,"temperature, fever, febrile","vitals,exam"
ent-sinus-symptoms,ENT,ent-sinus-symptoms-r23,red_flags,visual symptoms,23,"vision change, double vision, periorbital swelling","ophth,high_safety"
ent-sinus-symptoms,ENT,ent-sinus-symptoms-r24,red_flags,facial swelling,24,"facial swelling, periorbital edema","ent,high_safety"
ent-sinus-symptoms,ENT,ent-sinus-symptoms-r25,red_flags,severe headache,25,"severe headache, thunderclap","neuro,high_safety"
ent-sinus-symptoms,ENT,ent-sinus-symptoms-r26,red_flags,altered mental status,26,"confusion, altered consciousness","neuro,high_safety"
ent-sinus-symptoms,ENT,ent-sinus-symptoms-r27,red_flags,immunocompromised state,27,"immunocompromised, diabetes, chemotherapy","chronic,high_safety"
ent-sinus-symptoms,ENT,ent-sinus-symptoms-p28,plan_phrases,management plan discussed,28,management plan,plan
ent-sinus-symptoms,ENT,ent-sinus-symptoms-p29,plan_phrases,symptom care discussed as per clinician plan,29,"symptom care, symptomatic treatment",plan
ent-sinus-symptoms,ENT,ent-sinus-symptoms-p30,plan_phrases,return precautions discussed,30,"return precautions, warning signs","plan,ent,high_safety"
ent-sinus-symptoms,ENT,ent-sinus-symptoms-p31,plan_phrases,patient questions addressed,31,"questions answered, concerns addressed",plan
ent-sinus-symptoms,ENT,ent-sinus-symptoms-f32,follow_up,1-2 weeks if not improving,32,1-2 weeks,"followup,ent"
ent-sinus-symptoms,ENT,ent-sinus-symptoms-f33,follow_up,sooner if worsening,33,"sooner, PRN","followup,ent"
ent-sinus-symptoms,ENT,ent-sinus-symptoms-f34,follow_up,sooner if red flag symptoms develop,34,red flags develop,"followup,ent,high_safety"
ent-sore-throat,ENT,ent-sore-throat-s1,symptoms,sore throat,1,"sore throat, pharyngitis, pain in throat",ent
ent-sore-throat,ENT,ent-sore-throat-s2,symptoms,painful swallowing,2,"painful swallowing, odynophagia, dysphagia",ent
ent-sore-throat,ENT,ent-sore-throat-s3,symptoms,fever,3,"fever, pyrexia, high temperature",acute
ent-sore-throat,ENT,ent-sore-throat-s4,symptoms,cough,4,cough,respiratory
ent-sore-throat,ENT,ent-sore-throat-s5,symptoms,voice change,5,"voice change, hoarseness, loss of voice",ent
ent-sore-throat,ENT,ent-sore-throat-s6,symptoms,runny nose,6,"runny nose, rhinorrhea, nasal congestion","ent,nasal"
ent-sore-throat,ENT,ent-sore-throat-s7,symptoms,ear pain,7,"ear pain, earache, referred pain",ent
ent-sore-throat,ENT,ent-sore-throat-s8,symptoms,headache,8,headache,neuro
ent-sore-throat,ENT,ent-sore-throat-s9,symptoms,lymph node tenderness reported,9,"lymph node tenderness, swollen glands",ent
ent-sore-throat,ENT,ent-sore-throat-s10,symptoms,reduced oral intake,10,"reduced intake, not eating, not drinking","gi,general"
ent-sore-throat,ENT,ent-sore-throat-s11,symptoms,duration documented,11,"duration, how long",general
ent-sore-throat,ENT,ent-sore-throat-n12,relevant_negatives,no drooling reported,12,no drooling,"ent,throat,high_safety"
ent-sore-throat,ENT,ent-sore-throat-n13,relevant_negatives,no breathing difficulty reported,13,"no breathing difficulty, no stridor",respiratory
ent-sore-throat,ENT,ent-sore-throat-n14,relevant_negatives,no neck swelling reported,14,no neck swelling,ent
ent-sore-throat,ENT,ent-sore-throat-n15,relevant_negatives,no trismus reported,15,"no trismus, no difficulty opening mouth","ent,throat"
ent-sore-throat,ENT,ent-sore-throat-n16,relevant_negatives,no ear pain reported,16,no ear pain,ent
ent-sore-throat,ENT,ent-sore-throat-n17,relevant_negatives,no rash reported,17,no rash,derm
ent-sore-throat,ENT,ent-sore-throat-e18,exam_findings,throat examination documented if assessed,18,"throat exam, oropharynx, tonsils","ent,throat,exam"
ent-sore-throat,ENT,ent-sore-throat-e19,exam_findings,tonsillar swelling documented if assessed,19,"tonsillar swelling, tonsil size, hypertrophy","ent,throat,exam"
ent-sore-throat,ENT,ent-sore-throat-e20,exam_findings,tonsillar exudate documented if assessed,20,"exudate, pus on tonsils, white patches","ent,throat,exam"
ent-sore-throat,ENT,ent-sore-throat-e21,exam_findings,uvula and soft palate documented if assessed,21,"uvula, soft palate, erythema","ent,throat,exam"
ent-sore-throat,ENT,ent-sore-throat-e22,exam_findings,cervical lymph nodes documented if assessed,22,"cervical LNs, lymphadenopathy, neck nodes","ent,exam"
ent-sore-throat,ENT,ent-sore-throat-e23,exam_findings,temperature recorded if measured,23,"temperature, fever, febrile","vitals,exam"
ent-sore-throat,ENT,ent-sore-throat-e24,exam_findings,skin examination for rash if assessed,24,"rash, scarlatiniform, scarlet fever",derm
ent-sore-throat,ENT,ent-sore-throat-e25,exam_findings,ear examination documented if assessed,25,"otoscopy, ear exam","ent,ear,exam"
ent-sore-throat,ENT,ent-sore-throat-r26,red_flags,drooling,26,"drooling, unable to swallow saliva","ent,throat,high_safety"
ent-sore-throat,ENT,ent-sore-throat-r27,red_flags,stridor,27,"stridor, noisy breathing","respiratory,high_safety"
ent-sore-throat,ENT,ent-sore-throat-r28,red_flags,breathing difficulty,28,"breathing difficulty, respiratory distress",respiratory
ent-sore-throat,ENT,ent-sore-throat-r29,red_flags,trismus,29,"trismus, difficulty opening mouth","ent,throat,high_safety"
ent-sore-throat,ENT,ent-sore-throat-r30,red_flags,neck swelling,30,"neck swelling, anterior neck swelling",ent
ent-sore-throat,ENT,ent-sore-throat-r31,red_flags,severe dehydration,31,"severe dehydration, unable to drink","gi,high_safety"
ent-sore-throat,ENT,ent-sore-throat-i32,investigations,rapid strep test result reviewed if done,32,"rapid strep, rapid antigen test",investigations
ent-sore-throat,ENT,ent-sore-throat-i33,investigations,throat culture result reviewed if done,33,"throat swab, culture, GAS culture",investigations
ent-sore-throat,ENT,ent-sore-throat-i34,investigations,CBC with differential reviewed if done,34,"CBC, WBC, white cell count",investigations
ent-sore-throat,ENT,ent-sore-throat-p35,plan_phrases,management plan discussed,35,management plan,plan
ent-sore-throat,ENT,ent-sore-throat-p36,plan_phrases,symptom care discussed as per clinician plan,36,"symptom care, analgesia, throat lozenges",plan
ent-sore-throat,ENT,ent-sore-throat-p37,plan_phrases,hydration and rest advised,37,"hydration, rest, fluid intake",plan
ent-sore-throat,ENT,ent-sore-throat-p38,plan_phrases,return precautions discussed,38,"return precautions, difficulty breathing","plan,ent,high_safety"
ent-sore-throat,ENT,ent-sore-throat-p39,plan_phrases,patient questions addressed,39,"questions answered, concerns addressed",plan
ent-sore-throat,ENT,ent-sore-throat-f40,follow_up,sooner if worsening,40,"sooner, PRN","followup,ent"
ent-sore-throat,ENT,ent-sore-throat-f41,follow_up,sooner if red flag symptoms develop,41,red flags develop,"followup,ent,high_safety"
ent-voice-complaint,ENT,ent-voice-complaint-s1,symptoms,hoarseness,1,"hoarseness, croaky voice, rough voice",ent
ent-voice-complaint,ENT,ent-voice-complaint-s2,symptoms,voice change,2,"voice change, voice quality change",ent
ent-voice-complaint,ENT,ent-voice-complaint-s3,symptoms,loss of voice,3,"loss of voice, aphonia","ent,throat"
ent-voice-complaint,ENT,ent-voice-complaint-s4,symptoms,throat discomfort,4,"throat discomfort, throat irritation, tickle",ent
ent-voice-complaint,ENT,ent-voice-complaint-s5,symptoms,cough,5,cough,respiratory
ent-voice-complaint,ENT,ent-voice-complaint-s6,symptoms,reflux symptoms reported if relevant,6,"reflux, GERD, heartburn, acid","gi,ent"
ent-voice-complaint,ENT,ent-voice-complaint-s7,symptoms,voice overuse history,7,"voice overuse, singing, shouting, public speaking",ent
ent-voice-complaint,ENT,ent-voice-complaint-s8,symptoms,smoking history documented if relevant,8,"smoking, tobacco, pack years",respiratory
ent-voice-complaint,ENT,ent-voice-complaint-s9,symptoms,duration documented,9,"duration, how long, acute, chronic",general
ent-voice-complaint,ENT,ent-voice-complaint-s10,symptoms,sore throat,10,sore throat,ent
ent-voice-complaint,ENT,ent-voice-complaint-s11,symptoms,difficulty swallowing,11,"difficulty swallowing, dysphagia","ent,throat"
ent-voice-complaint,ENT,ent-voice-complaint-n12,relevant_negatives,no breathing difficulty reported,12,no breathing difficulty,respiratory
ent-voice-complaint,ENT,ent-voice-complaint-n13,relevant_negatives,no swallowing difficulty reported,13,"no swallowing difficulty, no dysphagia","ent,throat"
ent-voice-complaint,ENT,ent-voice-complaint-n14,relevant_negatives,no hemoptysis reported,14,"no hemoptysis, no coughing blood",respiratory
ent-voice-complaint,ENT,ent-voice-complaint-n15,relevant_negatives,no neck mass reported,15,"no neck mass, no neck lump",ent
ent-voice-complaint,ENT,ent-voice-complaint-n16,relevant_negatives,no ear pain reported,16,"no ear pain, no referred otalgia",ent
ent-voice-complaint,ENT,ent-voice-complaint-e17,exam_findings,throat examination documented if assessed,17,"throat exam, oropharynx","ent,throat,exam"
ent-voice-complaint,ENT,ent-voice-complaint-e18,exam_findings,laryngeal examination or VLS documented if assessed,18,"larynx, vocal cords, VLS, laryngoscopy","ent,throat,exam"
ent-voice-complaint,ENT,ent-voice-complaint-e19,exam_findings,neck examination documented if assessed,19,"neck exam, neck palpation, thyroid","ent,exam"
ent-voice-complaint,ENT,ent-voice-complaint-e20,exam_findings,cervical lymph nodes documented if assessed,20,"cervical LNs, lymphadenopathy","ent,exam"
ent-voice-complaint,ENT,ent-voice-complaint-e21,exam_findings,ear examination documented if assessed,21,"otoscopy, ear exam","ent,ear,exam"
ent-voice-complaint,ENT,ent-voice-complaint-r22,red_flags,persistent hoarseness,22,"persistent hoarseness, more than 3 weeks","ent,throat,high_safety"
ent-voice-complaint,ENT,ent-voice-complaint-r23,red_flags,hemoptysis,23,"hemoptysis, coughing blood",respiratory
ent-voice-complaint,ENT,ent-voice-complaint-r24,red_flags,dysphagia,24,"dysphagia, difficulty swallowing","ent,throat,high_safety"
ent-voice-complaint,ENT,ent-voice-complaint-r25,red_flags,neck mass,25,"neck mass, neck lump, thyroid swelling",ent
ent-voice-complaint,ENT,ent-voice-complaint-r26,red_flags,breathing difficulty,26,"breathing difficulty, stridor",respiratory
ent-voice-complaint,ENT,ent-voice-complaint-r27,red_flags,smoking history with persistent symptoms,27,smoking with persistent hoarseness,"respiratory,high_safety"
ent-voice-complaint,ENT,ent-voice-complaint-p28,plan_phrases,management plan discussed,28,management plan,plan
ent-voice-complaint,ENT,ent-voice-complaint-p29,plan_phrases,vocal hygiene advice discussed,29,"vocal hygiene, voice rest, hydration",plan
ent-voice-complaint,ENT,ent-voice-complaint-p30,plan_phrases,reflux management discussed if applicable,30,"reflux management, GERD, PPI","plan,gi,ent"
ent-voice-complaint,ENT,ent-voice-complaint-p31,plan_phrases,ENT referral discussed as per clinician plan,31,"ENT referral, laryngology","plan,ent"
ent-voice-complaint,ENT,ent-voice-complaint-p32,plan_phrases,return precautions discussed,32,"return precautions, worsening symptoms","plan,ent,high_safety"
ent-voice-complaint,ENT,ent-voice-complaint-p33,plan_phrases,patient questions addressed,33,"questions answered, concerns addressed",plan
ent-voice-complaint,ENT,ent-voice-complaint-f34,follow_up,2 weeks if not improving,34,2 weeks,"followup,ent"
ent-voice-complaint,ENT,ent-voice-complaint-f35,follow_up,sooner if worsening,35,"sooner, PRN","followup,ent"
ent-voice-complaint,ENT,ent-voice-complaint-f36,follow_up,sooner if red flag symptoms develop,36,red flags develop,"followup,ent,high_safety"
derm-rash,Dermatology,derm-rash-s1,symptoms,rash,1,"rash, skin eruption, skin rash",derm
derm-rash,Dermatology,derm-rash-s2,symptoms,itching,2,"itching, pruritus, itch",derm
derm-rash,Dermatology,derm-rash-s3,symptoms,pain,3,"pain, sore, tender",derm
derm-rash,Dermatology,derm-rash-s4,symptoms,burning sensation,4,"burning, stinging",derm
derm-rash,Dermatology,derm-rash-s5,symptoms,swelling,5,"swelling, edema",derm
derm-rash,Dermatology,derm-rash-s6,symptoms,fever,6,"fever, pyrexia, temperature",acute
derm-rash,Dermatology,derm-rash-s7,symptoms,duration documented,7,"duration, how long, when started",general
derm-rash,Dermatology,derm-rash-s8,symptoms,distribution documented,8,"distribution, location, body areas",derm
derm-rash,Dermatology,derm-rash-s9,symptoms,new medication exposure,9,"new medication, drug reaction, new drug","derm,pharm"
derm-rash,Dermatology,derm-rash-s10,symptoms,contact or exposure history,10,"contact history, exposure, allergen, irritant",derm
derm-rash,Dermatology,derm-rash-s11,symptoms,previous treatments tried,11,"previous treatment, creams, antihistamines",derm
derm-rash,Dermatology,derm-rash-n12,relevant_negatives,no fever reported,12,no fever,"acute,derm"
derm-rash,Dermatology,derm-rash-n13,relevant_negatives,no mucosal involvement reported,13,"no mucosal involvement, no oral lesions","derm,high_safety"
derm-rash,Dermatology,derm-rash-n14,relevant_negatives,no breathing difficulty reported,14,no breathing difficulty,"respiratory,high_safety"
derm-rash,Dermatology,derm-rash-n15,relevant_negatives,no facial or lip swelling reported,15,"no facial swelling, no lip swelling","derm,high_safety"
derm-rash,Dermatology,derm-rash-n16,relevant_negatives,no new medication reported,16,no new medication,"derm,pharm"
derm-rash,Dermatology,derm-rash-n17,relevant_negatives,no sick contacts reported,17,no sick contacts,"infectious,derm"
derm-rash,Dermatology,derm-rash-n18,relevant_negatives,no pain reported,18,no pain,general
derm-rash,Dermatology,derm-rash-e19,exam_findings,rash distribution documented if assessed,19,"rash distribution, body areas affected","derm,exam"
derm-rash,Dermatology,derm-rash-e20,exam_findings,morphology documented if assessed,20,"morphology, macules, papules, plaques","derm,exam"
derm-rash,Dermatology,derm-rash-e21,exam_findings,erythema documented if assessed,21,"erythema, redness","derm,exam"
derm-rash,Dermatology,derm-rash-e22,exam_findings,scaling documented if assessed,22,"scaling, desquamation, flaking","derm,exam"
derm-rash,Dermatology,derm-rash-e23,exam_findings,vesicles documented if assessed,23,"vesicles, blisters, bullae","derm,exam"
derm-rash,Dermatology,derm-rash-e24,exam_findings,pustules documented if assessed,24,"pustules, pus-filled lesions","derm,exam"
derm-rash,Dermatology,derm-rash-e25,exam_findings,excoriations documented if assessed,25,"excoriations, scratch marks","derm,exam"
derm-rash,Dermatology,derm-rash-e26,exam_findings,mucosal examination documented if assessed,26,"mucosal exam, oral mucosa","derm,exam"
derm-rash,Dermatology,derm-rash-r27,red_flags,mucosal involvement,27,"mucosal involvement, oral, genital","derm,high_safety"
derm-rash,Dermatology,derm-rash-r28,red_flags,facial or lip swelling,28,"facial swelling, lip swelling, periorbital","derm,high_safety"
derm-rash,Dermatology,derm-rash-r29,red_flags,breathing difficulty,29,"breathing difficulty, respiratory distress","respiratory,high_safety"
derm-rash,Dermatology,derm-rash-r30,red_flags,fever with rash,30,"fever with rash, sick with rash","acute,derm,high_safety"
derm-rash,Dermatology,derm-rash-r31,red_flags,rapidly spreading rash,31,"rapidly spreading, fast progression","derm,high_safety"
derm-rash,Dermatology,derm-rash-r32,red_flags,severe pain,32,severe pain,"derm,high_safety"
derm-rash,Dermatology,derm-rash-r33,red_flags,skin peeling or blistering,33,"skin peeling, blistering, Nikolsky sign","derm,high_safety"
derm-rash,Dermatology,derm-rash-r34,red_flags,immunocompromised state,34,immunocompromised,"chronic,high_safety"
derm-rash,Dermatology,derm-rash-p35,plan_phrases,management plan discussed,35,management plan,"plan,derm"
derm-rash,Dermatology,derm-rash-p36,plan_phrases,skin care advice discussed as per clinician plan,36,"skin care, emollients, moisturizer","plan,derm"
derm-rash,Dermatology,derm-rash-p37,plan_phrases,trigger avoidance discussed as per clinician plan,37,"trigger avoidance, avoid irritants","plan,derm"
derm-rash,Dermatology,derm-rash-p38,plan_phrases,return precautions discussed,38,"return precautions, warning signs","plan,derm,high_safety"
derm-rash,Dermatology,derm-rash-p39,plan_phrases,patient questions addressed,39,"questions answered, concerns addressed","plan,derm"
derm-rash,Dermatology,derm-rash-f40,follow_up,1 week if not improving,40,"1 week, 7 days","followup,derm"
derm-rash,Dermatology,derm-rash-f41,follow_up,sooner if worsening,41,"sooner, PRN","followup,derm"
derm-rash,Dermatology,derm-rash-f42,follow_up,sooner if red flag symptoms develop,42,red flags develop,"followup,derm,high_safety"
derm-acne,Dermatology,derm-acne-s1,symptoms,acne lesions,1,"acne, pimples, spots, zits",derm
derm-acne,Dermatology,derm-acne-s2,symptoms,facial involvement,2,"facial acne, face","derm,face"
derm-acne,Dermatology,derm-acne-s3,symptoms,chest or back involvement,3,"chest acne, back acne","derm,trunk"
derm-acne,Dermatology,derm-acne-s4,symptoms,painful lesions,4,"painful lesions, tender acne, cysts",derm
derm-acne,Dermatology,derm-acne-s5,symptoms,scarring concern,5,"scarring, acne scars, marks",derm
derm-acne,Dermatology,derm-acne-s6,symptoms,flare pattern documented,6,"flare pattern, cyclical, stress-related",derm
derm-acne,Dermatology,derm-acne-s7,symptoms,cosmetic or psychosocial concern documented,7,"cosmetic concern, self-esteem, appearance",derm
derm-acne,Dermatology,derm-acne-s8,symptoms,previous treatments documented,8,"previous treatment, creams, oral antibiotics, isotretinoin","derm,pharm"
derm-acne,Dermatology,derm-acne-s9,symptoms,duration documented,9,"duration, how long, since when",general
derm-acne,Dermatology,derm-acne-s10,symptoms,menstrual or hormonal factors documented if relevant,10,"menstrual flare, hormonal, cycle-related","derm,hormone"
derm-acne,Dermatology,derm-acne-n11,relevant_negatives,no systemic symptoms reported,11,"no systemic symptoms, well, no fever",general
derm-acne,Dermatology,derm-acne-n12,relevant_negatives,no new cosmetics or products reported,12,"no new products, no new cosmetics",derm
derm-acne,Dermatology,derm-acne-n13,relevant_negatives,no significant scarring reported,13,no scarring,derm
derm-acne,Dermatology,derm-acne-n14,relevant_negatives,no painful lesions reported,14,"no painful lesions, not tender",derm
derm-acne,Dermatology,derm-acne-n15,relevant_negatives,no facial swelling reported,15,no facial swelling,derm
derm-acne,Dermatology,derm-acne-e16,exam_findings,lesion type documented if assessed,16,"lesion type, comedones, papules, pustules, nodules","derm,exam"
derm-acne,Dermatology,derm-acne-e17,exam_findings,comedones documented if assessed,17,"comedones, blackheads, whiteheads","derm,exam"
derm-acne,Dermatology,derm-acne-e18,exam_findings,inflammatory papules and pustules documented if assessed,18,"inflammatory lesions, papules, pustules","derm,exam"
derm-acne,Dermatology,derm-acne-e19,exam_findings,nodular lesions documented if assessed,19,"nodular lesions, cysts, nodules","derm,exam"
derm-acne,Dermatology,derm-acne-e20,exam_findings,scarring documented if present,20,"scarring, atrophic, hypertrophic, ice pick","derm,exam"
derm-acne,Dermatology,derm-acne-e21,exam_findings,distribution documented if assessed,21,"distribution, face, chest, back","derm,exam"
derm-acne,Dermatology,derm-acne-r22,red_flags,severe cystic acne,22,"severe cystic acne, nodulocystic","derm,high_safety"
derm-acne,Dermatology,derm-acne-r23,red_flags,rapid worsening,23,"rapid worsening, sudden flare","derm,high_safety"
derm-acne,Dermatology,derm-acne-r24,red_flags,signs of infection if assessed,24,"signs of infection, hot, red, tender","derm,high_safety"
derm-acne,Dermatology,derm-acne-r25,red_flags,scarring with cosmetic concern,25,"scarring, cosmetic concern","derm,high_safety"
derm-acne,Dermatology,derm-acne-p26,plan_phrases,management plan discussed,26,management plan,"plan,derm"
derm-acne,Dermatology,derm-acne-p27,plan_phrases,skin care advice discussed as per clinician plan,27,"skin care, gentle cleansing, non-comedogenic","plan,derm"
derm-acne,Dermatology,derm-acne-p28,plan_phrases,dermatology referral discussed if clinically indicated,28,"dermatology referral, specialist","plan,derm"
derm-acne,Dermatology,derm-acne-p29,plan_phrases,return precautions discussed,29,"return precautions, warning signs","plan,derm,high_safety"
derm-acne,Dermatology,derm-acne-p30,plan_phrases,patient questions addressed,30,"questions answered, concerns addressed","plan,derm"
derm-acne,Dermatology,derm-acne-f31,follow_up,4-6 weeks to review response,31,4-6 weeks,"followup,derm"
derm-acne,Dermatology,derm-acne-f32,follow_up,sooner if worsening,32,"sooner, PRN","followup,derm"
derm-acne,Dermatology,derm-acne-f33,follow_up,sooner if severe flare or infection signs,33,"severe flare, infection signs","followup,derm,high_safety"
derm-eczema,Dermatology,derm-eczema-s1,symptoms,itching,1,"itching, pruritus, itchy skin",derm
derm-eczema,Dermatology,derm-eczema-s2,symptoms,dry skin,2,"dry skin, xerosis",derm
derm-eczema,Dermatology,derm-eczema-s3,symptoms,recurrent rash,3,"recurrent rash, flare, eczema flare",derm
derm-eczema,Dermatology,derm-eczema-s4,symptoms,flare pattern documented,4,"flare pattern, frequency, triggers",derm
derm-eczema,Dermatology,derm-eczema-s5,symptoms,trigger exposure documented,5,"trigger exposure, irritant, allergen, stress",derm
derm-eczema,Dermatology,derm-eczema-s6,symptoms,atopy history reviewed,6,"atopy history, asthma, hay fever, eczema",derm
derm-eczema,Dermatology,derm-eczema-s7,symptoms,allergy history reviewed,7,"allergy history, food allergy, environmental","derm,allergy"
derm-eczema,Dermatology,derm-eczema-s8,symptoms,sleep disturbance due to itch,8,"sleep disturbance, night waking, insomnia",derm
derm-eczema,Dermatology,derm-eczema-s9,symptoms,duration documented,9,"duration, how long, since when",general
derm-eczema,Dermatology,derm-eczema-s10,symptoms,previous treatments documented,10,"previous treatment, steroid creams, emollients","derm,pharm"
derm-eczema,Dermatology,derm-eczema-n11,relevant_negatives,no fever reported,11,no fever,"acute,derm"
derm-eczema,Dermatology,derm-eczema-n12,relevant_negatives,no discharge reported,12,"no discharge, no oozing, no weeping",derm
derm-eczema,Dermatology,derm-eczema-n13,relevant_negatives,no rapidly spreading redness reported,13,no rapidly spreading redness,"derm,high_safety"
derm-eczema,Dermatology,derm-eczema-n14,relevant_negatives,no new trigger identified reported,14,no new trigger identified,derm
derm-eczema,Dermatology,derm-eczema-n15,relevant_negatives,no sleep disturbance reported,15,no sleep disturbance,general
derm-eczema,Dermatology,derm-eczema-n16,relevant_negatives,no facial involvement reported,16,"no facial involvement, face spared",derm
derm-eczema,Dermatology,derm-eczema-e17,exam_findings,xerosis documented if assessed,17,"xerosis, dry skin","derm,exam"
derm-eczema,Dermatology,derm-eczema-e18,exam_findings,erythema documented if assessed,18,"erythema, redness","derm,exam"
derm-eczema,Dermatology,derm-eczema-e19,exam_findings,excoriations documented if assessed,19,"excoriations, scratch marks","derm,exam"
derm-eczema,Dermatology,derm-eczema-e20,exam_findings,lichenification documented if assessed,20,"lichenification, skin thickening","derm,exam"
derm-eczema,Dermatology,derm-eczema-e21,exam_findings,wetness or oozing documented if assessed,21,"wetness, oozing, weeping, exudate","derm,exam"
derm-eczema,Dermatology,derm-eczema-e22,exam_findings,distribution documented if assessed,22,"distribution, flexural, areas affected","derm,exam"
derm-eczema,Dermatology,derm-eczema-e23,exam_findings,fissures documented if assessed,23,"fissures, cracks, skin breakdown","derm,exam"
derm-eczema,Dermatology,derm-eczema-r24,red_flags,suspected infection features,24,"suspected infection, impetiginized, honey crusting","derm,high_safety"
derm-eczema,Dermatology,derm-eczema-r25,red_flags,severe widespread flare,25,"severe flare, widespread, erythroderma","derm,high_safety"
derm-eczema,Dermatology,derm-eczema-r26,red_flags,sleep disruption due to itch,26,"sleep disruption, severe itch","derm,high_safety"
derm-eczema,Dermatology,derm-eczema-r27,red_flags,facial or eye involvement if relevant,27,"facial eczema, eye involvement, periorbital","derm,high_safety"
derm-eczema,Dermatology,derm-eczema-r28,red_flags,immunocompromised state,28,immunocompromised,"chronic,high_safety"
derm-eczema,Dermatology,derm-eczema-p29,plan_phrases,management plan discussed,29,management plan,"plan,derm"
derm-eczema,Dermatology,derm-eczema-p30,plan_phrases,emollient and skin care advice discussed as per clinician plan,30,"emollient use, moisturizing, soap substitute","plan,derm"
derm-eczema,Dermatology,derm-eczema-p31,plan_phrases,trigger avoidance discussed as per clinician plan,31,"trigger avoidance, irritants, allergens","plan,derm"
derm-eczema,Dermatology,derm-eczema-p32,plan_phrases,return precautions discussed,32,"return precautions, infection signs","plan,derm,high_safety"
derm-eczema,Dermatology,derm-eczema-p33,plan_phrases,patient questions addressed,33,"questions answered, concerns addressed","plan,derm"
derm-eczema,Dermatology,derm-eczema-f34,follow_up,2-4 weeks to review response,34,2-4 weeks,"followup,derm"
derm-eczema,Dermatology,derm-eczema-f35,follow_up,sooner if worsening,35,"sooner, PRN","followup,derm"
derm-eczema,Dermatology,derm-eczema-f36,follow_up,sooner if infection or severe flare,36,"infection, severe flare","followup,derm,high_safety"
derm-fungal-infection,Dermatology,derm-fungal-infection-s1,symptoms,itchy rash,1,"itchy rash, fungal rash, ringworm",derm
derm-fungal-infection,Dermatology,derm-fungal-infection-s2,symptoms,ring-shaped lesion if described,2,"ring-shaped infection, annular rash, ringworm",derm
derm-fungal-infection,Dermatology,derm-fungal-infection-s3,symptoms,scaling,3,"scaling, flaking, desquamation",derm
derm-fungal-infection,Dermatology,derm-fungal-infection-s4,symptoms,groin involvement if described,4,"groin rash, jock itch, tinea cruris",derm
derm-fungal-infection,Dermatology,derm-fungal-infection-s5,symptoms,foot involvement if described,5,"foot rash, athlete foot, tinea pedis",derm
derm-fungal-infection,Dermatology,derm-fungal-infection-s6,symptoms,body involvement if described,6,"body rash, tinea corporis, ringworm body",derm
derm-fungal-infection,Dermatology,derm-fungal-infection-s7,symptoms,scalp involvement if described,7,"scalp rash, tinea capitis",derm
derm-fungal-infection,Dermatology,derm-fungal-infection-s8,symptoms,duration documented,8,"duration, how long",general
derm-fungal-infection,Dermatology,derm-fungal-infection-s9,symptoms,contact history documented,9,"contact history, pets, infected people, gym","derm,infectious"
derm-fungal-infection,Dermatology,derm-fungal-infection-s10,symptoms,previous treatment documented,10,"previous treatment, antifungals, creams","derm,pharm"
derm-fungal-infection,Dermatology,derm-fungal-infection-s11,symptoms,fever,11,fever,"acute,derm"
derm-fungal-infection,Dermatology,derm-fungal-infection-n12,relevant_negatives,no fever reported,12,no fever,"acute,derm"
derm-fungal-infection,Dermatology,derm-fungal-infection-n13,relevant_negatives,no rapidly spreading redness reported,13,no rapidly spreading redness,"derm,high_safety"
derm-fungal-infection,Dermatology,derm-fungal-infection-n14,relevant_negatives,no pain reported,14,no pain,general
derm-fungal-infection,Dermatology,derm-fungal-infection-n15,relevant_negatives,no discharge reported,15,"no discharge, no oozing",derm
derm-fungal-infection,Dermatology,derm-fungal-infection-n16,relevant_negatives,no facial swelling reported,16,no facial swelling,derm
derm-fungal-infection,Dermatology,derm-fungal-infection-n17,relevant_negatives,no similar lesions in contacts reported,17,no similar lesions in contacts,"derm,infectious"
derm-fungal-infection,Dermatology,derm-fungal-infection-e18,exam_findings,lesion distribution documented if assessed,18,"distribution, body sites, location","derm,exam"
derm-fungal-infection,Dermatology,derm-fungal-infection-e19,exam_findings,scaling border documented if assessed,19,"scaling border, annular, active edge","derm,exam"
derm-fungal-infection,Dermatology,derm-fungal-infection-e20,exam_findings,central clearing documented if assessed,20,"central clearing, healing center","derm,exam"
derm-fungal-infection,Dermatology,derm-fungal-infection-e21,exam_findings,nail changes documented if assessed,21,"nail changes, thickened nail, discolored nail","derm,exam"
derm-fungal-infection,Dermatology,derm-fungal-infection-e22,exam_findings,scalp examination documented if relevant,22,"scalp exam, hair loss, broken hairs","derm,exam"
derm-fungal-infection,Dermatology,derm-fungal-infection-i23,investigations,skin scraping result reviewed if done,23,"skin scraping, KOH preparation, fungal microscopy",investigations
derm-fungal-infection,Dermatology,derm-fungal-infection-i24,investigations,fungal culture result reviewed if done,24,"fungal culture, mycology culture",investigations
derm-fungal-infection,Dermatology,derm-fungal-infection-r25,red_flags,scalp involvement,25,"scalp involvement, tinea capitis","derm,high_safety"
derm-fungal-infection,Dermatology,derm-fungal-infection-r26,red_flags,extensive disease,26,"extensive disease, widespread","derm,high_safety"
derm-fungal-infection,Dermatology,derm-fungal-infection-r27,red_flags,immunocompromised state,27,immunocompromised,"chronic,high_safety"
derm-fungal-infection,Dermatology,derm-fungal-infection-r28,red_flags,secondary infection concern,28,"secondary infection, bacterial superinfection","derm,high_safety"
derm-fungal-infection,Dermatology,derm-fungal-infection-p29,plan_phrases,management plan discussed,29,management plan,"plan,derm"
derm-fungal-infection,Dermatology,derm-fungal-infection-p30,plan_phrases,treatment discussed as per clinician plan,30,"treatment, cream, oral medication","plan,derm"
derm-fungal-infection,Dermatology,derm-fungal-infection-p31,plan_phrases,hygiene advice discussed,31,"hygiene advice, keep dry, avoid sharing towels","plan,derm"
derm-fungal-infection,Dermatology,derm-fungal-infection-p32,plan_phrases,return precautions discussed,32,"return precautions, worsening","plan,derm,high_safety"
derm-fungal-infection,Dermatology,derm-fungal-infection-p33,plan_phrases,patient questions addressed,33,"questions answered, concerns addressed","plan,derm"
derm-fungal-infection,Dermatology,derm-fungal-infection-f34,follow_up,2-4 weeks to review response,34,2-4 weeks,"followup,derm"
derm-fungal-infection,Dermatology,derm-fungal-infection-f35,follow_up,sooner if worsening,35,"sooner, PRN","followup,derm"
derm-fungal-infection,Dermatology,derm-fungal-infection-f36,follow_up,sooner if spreading despite treatment,36,spreading despite treatment,"followup,derm,high_safety"
derm-urticaria,Dermatology,derm-urticaria-s1,symptoms,hives or wheals,1,"hives, wheals, urticaria, welts",derm
derm-urticaria,Dermatology,derm-urticaria-s2,symptoms,itching,2,"itching, pruritus",derm
derm-urticaria,Dermatology,derm-urticaria-s3,symptoms,episodic rash,3,"episodic rash, comes and goes, transient",derm
derm-urticaria,Dermatology,derm-urticaria-s4,symptoms,swelling,4,"swelling, angioedema, lip swelling","derm,allergy"
derm-urticaria,Dermatology,derm-urticaria-s5,symptoms,trigger exposure documented,5,"trigger exposure, food, medication, stress","derm,allergy"
derm-urticaria,Dermatology,derm-urticaria-s6,symptoms,food or medication exposure reviewed,6,"food, medication, new food, new drug","derm,pharm,allergy"
derm-urticaria,Dermatology,derm-urticaria-s7,symptoms,breathing symptoms reviewed,7,"breathing symptoms, wheeze, tight chest",respiratory
derm-urticaria,Dermatology,derm-urticaria-s8,symptoms,lip or tongue swelling reviewed,8,"lip swelling, tongue swelling","derm,allergy,high_safety"
derm-urticaria,Dermatology,derm-urticaria-s9,symptoms,duration of episodes documented,9,"duration, how long episodes last",general
derm-urticaria,Dermatology,derm-urticaria-s10,symptoms,previous treatments documented,10,"previous treatment, antihistamines, steroids","derm,pharm"
derm-urticaria,Dermatology,derm-urticaria-n11,relevant_negatives,no breathing difficulty reported,11,no breathing difficulty,"respiratory,high_safety"
derm-urticaria,Dermatology,derm-urticaria-n12,relevant_negatives,no lip or tongue swelling reported,12,"no lip swelling, no tongue swelling","derm,allergy,high_safety"
derm-urticaria,Dermatology,derm-urticaria-n13,relevant_negatives,no dizziness or syncope reported,13,"no dizziness, no fainting","cardiac,neuro,high_safety"
derm-urticaria,Dermatology,derm-urticaria-n14,relevant_negatives,no fever reported,14,no fever,"acute,derm"
derm-urticaria,Dermatology,derm-urticaria-n15,relevant_negatives,no facial swelling reported,15,no facial swelling,"derm,allergy"
derm-urticaria,Dermatology,derm-urticaria-n16,relevant_negatives,no new medication reported,16,no new medication,"derm,pharm"
derm-urticaria,Dermatology,derm-urticaria-e17,exam_findings,wheals documented if assessed,17,"wheals, hives, urticarial lesions","derm,exam"
derm-urticaria,Dermatology,derm-urticaria-e18,exam_findings,swelling documented if assessed,18,"swelling, angioedema, periorbital","derm,exam"
derm-urticaria,Dermatology,derm-urticaria-e19,exam_findings,distribution documented if assessed,19,"distribution, body areas","derm,exam"
derm-urticaria,Dermatology,derm-urticaria-e20,exam_findings,dermographism documented if assessed,20,"dermographism, skin writing","derm,exam"
derm-urticaria,Dermatology,derm-urticaria-e21,exam_findings,mucosal examination documented if assessed,21,"mucosal exam, oral mucosa, lips","derm,exam"
derm-urticaria,Dermatology,derm-urticaria-r22,red_flags,breathing difficulty,22,"breathing difficulty, wheezing","respiratory,high_safety"
derm-urticaria,Dermatology,derm-urticaria-r23,red_flags,lip or tongue swelling,23,"lip swelling, tongue swelling","derm,allergy,high_safety"
derm-urticaria,Dermatology,derm-urticaria-r24,red_flags,dizziness or syncope,24,"dizziness, syncope, hypotension","cardiac,neuro,high_safety"
derm-urticaria,Dermatology,derm-urticaria-r25,red_flags,widespread swelling,25,"widespread swelling, generalized angioedema","derm,allergy,high_safety"
derm-urticaria,Dermatology,derm-urticaria-p26,plan_phrases,management plan discussed,26,management plan,"plan,derm"
derm-urticaria,Dermatology,derm-urticaria-p27,plan_phrases,trigger avoidance discussed as per clinician plan,27,"trigger avoidance, food avoidance, allergen avoidance","plan,derm"
derm-urticaria,Dermatology,derm-urticaria-p28,plan_phrases,allergy action plan discussed if applicable,28,"allergy action plan, adrenaline autoinjector","plan,derm"
derm-urticaria,Dermatology,derm-urticaria-p29,plan_phrases,return precautions discussed,29,"return precautions, anaphylaxis signs","plan,derm,high_safety"
derm-urticaria,Dermatology,derm-urticaria-p30,plan_phrases,patient questions addressed,30,"questions answered, concerns addressed","plan,derm"
derm-urticaria,Dermatology,derm-urticaria-f31,follow_up,1-2 weeks if persistent,31,1-2 weeks,"followup,derm"
derm-urticaria,Dermatology,derm-urticaria-f32,follow_up,sooner if worsening,32,"sooner, PRN","followup,derm"
derm-urticaria,Dermatology,derm-urticaria-f33,follow_up,sooner if red flag symptoms develop,33,"red flags develop, breathing difficulty","followup,derm,high_safety"
derm-wound-review,Dermatology,derm-wound-review-s1,symptoms,wound review,1,"wound review, wound check, injury",derm
derm-wound-review,Dermatology,derm-wound-review-s2,symptoms,wound location documented,2,"wound location, body site",derm
derm-wound-review,Dermatology,derm-wound-review-s3,symptoms,wound duration documented,3,"wound duration, how long, age of wound",derm
derm-wound-review,Dermatology,derm-wound-review-s4,symptoms,pain,4,"pain, wound pain",derm
derm-wound-review,Dermatology,derm-wound-review-s5,symptoms,discharge,5,"discharge, drainage, pus",derm
derm-wound-review,Dermatology,derm-wound-review-s6,symptoms,bleeding,6,"bleeding, wound bleeding",derm
derm-wound-review,Dermatology,derm-wound-review-s7,symptoms,fever,7,"fever, pyrexia","acute,derm"
derm-wound-review,Dermatology,derm-wound-review-s8,symptoms,mechanism of injury documented if relevant,8,"mechanism, how wound happened",derm
derm-wound-review,Dermatology,derm-wound-review-s9,symptoms,tetanus status reviewed if relevant,9,"tetanus status, tetanus shot, vaccination","derm,vaccine"
derm-wound-review,Dermatology,derm-wound-review-n10,relevant_negatives,no fever reported,10,no fever,"acute,derm"
derm-wound-review,Dermatology,derm-wound-review-n11,relevant_negatives,no spreading redness reported,11,"no spreading redness, no lymphangitis","derm,high_safety"
derm-wound-review,Dermatology,derm-wound-review-n12,relevant_negatives,no increasing pain reported,12,"no increasing pain, pain stable",derm
derm-wound-review,Dermatology,derm-wound-review-n13,relevant_negatives,no foul discharge reported,13,"no foul discharge, no purulent drainage",derm
derm-wound-review,Dermatology,derm-wound-review-n14,relevant_negatives,no bleeding reported,14,"no bleeding, no active bleeding",derm
derm-wound-review,Dermatology,derm-wound-review-e15,exam_findings,wound size documented if assessed,15,"wound size, dimensions, length, width","derm,exam"
derm-wound-review,Dermatology,derm-wound-review-e16,exam_findings,wound edges documented if assessed,16,"wound edges, margins, wound bed","derm,exam"
derm-wound-review,Dermatology,derm-wound-review-e17,exam_findings,surrounding redness documented if assessed,17,"surrounding redness, erythema, cellulitis signs","derm,exam"
derm-wound-review,Dermatology,derm-wound-review-e18,exam_findings,swelling documented if assessed,18,"swelling, edema, fluctuance","derm,exam"
derm-wound-review,Dermatology,derm-wound-review-e19,exam_findings,discharge documented if assessed,19,"discharge, exudate, pus, serous","derm,exam"
derm-wound-review,Dermatology,derm-wound-review-e20,exam_findings,wound bed documentation if assessed,20,"wound bed, granulation, slough, necrotic","derm,exam"
derm-wound-review,Dermatology,derm-wound-review-e21,exam_findings,surrounding skin condition documented if assessed,21,"surrounding skin, maceration, excoriation","derm,exam"
derm-wound-review,Dermatology,derm-wound-review-i22,investigations,wound swab result reviewed if done,22,"wound swab, culture, sensitivities",investigations
derm-wound-review,Dermatology,derm-wound-review-r23,red_flags,spreading redness,23,"spreading redness, lymphangitis","derm,high_safety"
derm-wound-review,Dermatology,derm-wound-review-r24,red_flags,fever,24,fever with wound,"acute,derm,high_safety"
derm-wound-review,Dermatology,derm-wound-review-r25,red_flags,increasing pain,25,"increasing pain, worsening pain","derm,high_safety"
derm-wound-review,Dermatology,derm-wound-review-r26,red_flags,foul discharge,26,"foul discharge, purulent drainage","derm,high_safety"
derm-wound-review,Dermatology,derm-wound-review-r27,red_flags,necrosis or black discoloration,27,"necrosis, black discoloration, gangrene","derm,high_safety"
derm-wound-review,Dermatology,derm-wound-review-r28,red_flags,immunocompromised state,28,immunocompromised,"chronic,high_safety"
derm-wound-review,Dermatology,derm-wound-review-p29,plan_phrases,management plan discussed,29,management plan,"plan,derm"
derm-wound-review,Dermatology,derm-wound-review-p30,plan_phrases,wound care advice discussed as per clinician plan,30,"wound care, dressing, cleaning","plan,derm"
derm-wound-review,Dermatology,derm-wound-review-p31,plan_phrases,return precautions discussed,31,"return precautions, infection signs","plan,derm,high_safety"
derm-wound-review,Dermatology,derm-wound-review-p32,plan_phrases,patient questions addressed,32,"questions answered, concerns addressed","plan,derm"
derm-wound-review,Dermatology,derm-wound-review-f33,follow_up,1-3 days for wound check,33,"1-3 days, wound check","followup,derm"
derm-wound-review,Dermatology,derm-wound-review-f34,follow_up,sooner if worsening,34,"sooner, PRN","followup,derm"
derm-wound-review,Dermatology,derm-wound-review-f35,follow_up,sooner if signs of infection develop,35,"signs of infection, fever, redness","followup,derm,high_safety"
derm-skin-lesion-review,Dermatology,derm-skin-lesion-review-s1,symptoms,skin lesion,1,"skin lesion, mole, spot, growth",derm
derm-skin-lesion-review,Dermatology,derm-skin-lesion-review-s2,symptoms,duration documented,2,"duration, how long, since when",general
derm-skin-lesion-review,Dermatology,derm-skin-lesion-review-s3,symptoms,size change,3,"size change, growing, enlarging",derm
derm-skin-lesion-review,Dermatology,derm-skin-lesion-review-s4,symptoms,color change,4,"color change, darkening, fading",derm
derm-skin-lesion-review,Dermatology,derm-skin-lesion-review-s5,symptoms,bleeding,5,"bleeding, bleeding from lesion",derm
derm-skin-lesion-review,Dermatology,derm-skin-lesion-review-s6,symptoms,itching,6,"itching, pruritus",derm
derm-skin-lesion-review,Dermatology,derm-skin-lesion-review-s7,symptoms,pain,7,"pain, tender, sore",derm
derm-skin-lesion-review,Dermatology,derm-skin-lesion-review-s8,symptoms,non-healing lesion,8,"non-healing, ulcer, not healing",derm
derm-skin-lesion-review,Dermatology,derm-skin-lesion-review-s9,symptoms,sun exposure history documented if relevant,9,"sun exposure, UV, sunburn history","derm,lifestyle"
derm-skin-lesion-review,Dermatology,derm-skin-lesion-review-s10,symptoms,family history documented if relevant,10,"family history, skin cancer, melanoma","derm,genetics"
derm-skin-lesion-review,Dermatology,derm-skin-lesion-review-n11,relevant_negatives,no bleeding reported,11,no bleeding,derm
derm-skin-lesion-review,Dermatology,derm-skin-lesion-review-n12,relevant_negatives,no itching reported,12,no itching,derm
derm-skin-lesion-review,Dermatology,derm-skin-lesion-review-n13,relevant_negatives,no pain reported,13,no pain,general
derm-skin-lesion-review,Dermatology,derm-skin-lesion-review-n14,relevant_negatives,no size change reported,14,"no size change, stable size",derm
derm-skin-lesion-review,Dermatology,derm-skin-lesion-review-n15,relevant_negatives,no color change reported,15,"no color change, stable color",derm
derm-skin-lesion-review,Dermatology,derm-skin-lesion-review-n16,relevant_negatives,no ulceration reported,16,"no ulceration, intact skin",derm
derm-skin-lesion-review,Dermatology,derm-skin-lesion-review-e17,exam_findings,lesion size documented if assessed,17,"lesion size, measurements, dimensions","derm,exam"
derm-skin-lesion-review,Dermatology,derm-skin-lesion-review-e18,exam_findings,color documented if assessed,18,"color, pigmentation, variegation","derm,exam"
derm-skin-lesion-review,Dermatology,derm-skin-lesion-review-e19,exam_findings,border documented if assessed,19,"border, margin, irregular, well-defined","derm,exam"
derm-skin-lesion-review,Dermatology,derm-skin-lesion-review-e20,exam_findings,asymmetry documented if assessed,20,"asymmetry, shape","derm,exam"
derm-skin-lesion-review,Dermatology,derm-skin-lesion-review-e21,exam_findings,elevation or thickness documented if assessed,21,"elevation, thickness, raised","derm,exam"
derm-skin-lesion-review,Dermatology,derm-skin-lesion-review-e22,exam_findings,ulceration documented if assessed,22,"ulceration, erosion, crusting","derm,exam"
derm-skin-lesion-review,Dermatology,derm-skin-lesion-review-e23,exam_findings,surrounding skin examined if assessed,23,"surrounding skin, satellite lesions","derm,exam"
derm-skin-lesion-review,Dermatology,derm-skin-lesion-review-r24,red_flags,rapidly changing lesion,24,"rapidly changing, growing fast","derm,high_safety"
derm-skin-lesion-review,Dermatology,derm-skin-lesion-review-r25,red_flags,bleeding lesion,25,"bleeding lesion, ulceration","derm,high_safety"
derm-skin-lesion-review,Dermatology,derm-skin-lesion-review-r26,red_flags,irregular border,26,"irregular border, notched border","derm,high_safety"
derm-skin-lesion-review,Dermatology,derm-skin-lesion-review-r27,red_flags,multiple colors,27,"multiple colors, variegated color","derm,high_safety"
derm-skin-lesion-review,Dermatology,derm-skin-lesion-review-r28,red_flags,non-healing lesion,28,"non-healing, no improvement","derm,high_safety"
derm-skin-lesion-review,Dermatology,derm-skin-lesion-review-r29,red_flags,immunocompromised state,29,immunocompromised,"chronic,high_safety"
derm-skin-lesion-review,Dermatology,derm-skin-lesion-review-p30,plan_phrases,management plan discussed,30,management plan,"plan,derm"
derm-skin-lesion-review,Dermatology,derm-skin-lesion-review-p31,plan_phrases,dermatology referral discussed as per clinician plan,31,"dermatology referral, mole clinic, skin check","plan,derm"
derm-skin-lesion-review,Dermatology,derm-skin-lesion-review-p32,plan_phrases,return precautions discussed,32,"return precautions, lesion changes","plan,derm,high_safety"
derm-skin-lesion-review,Dermatology,derm-skin-lesion-review-p33,plan_phrases,sun protection advice discussed,33,"sun protection, sunscreen, UV protection","plan,derm"
derm-skin-lesion-review,Dermatology,derm-skin-lesion-review-p34,plan_phrases,patient questions addressed,34,"questions answered, concerns addressed","plan,derm"
derm-skin-lesion-review,Dermatology,derm-skin-lesion-review-f35,follow_up,3-6 months for monitoring,35,"3-6 months, lesion monitoring","followup,derm"
derm-skin-lesion-review,Dermatology,derm-skin-lesion-review-f36,follow_up,sooner if change in lesion,36,"sooner, PRN, change in lesion","followup,derm"
derm-skin-lesion-review,Dermatology,derm-skin-lesion-review-f37,follow_up,sooner if red flag symptoms develop,37,"red flags develop, urgency","followup,derm,high_safety"
derm-hair-loss,Dermatology,derm-hair-loss-s1,symptoms,hair loss,1,"hair loss, alopecia, balding",derm
derm-hair-loss,Dermatology,derm-hair-loss-s2,symptoms,diffuse hair shedding,2,"diffuse shedding, telogen effluvium, hair thinning",derm
derm-hair-loss,Dermatology,derm-hair-loss-s3,symptoms,patchy hair loss,3,"patchy hair loss, alopecia areata, bald patch",derm
derm-hair-loss,Dermatology,derm-hair-loss-s4,symptoms,scalp itching,4,"scalp itch, scalp pruritus",derm
derm-hair-loss,Dermatology,derm-hair-loss-s5,symptoms,scalp scaling,5,"scalp scaling, dandruff, seborrhea",derm
derm-hair-loss,Dermatology,derm-hair-loss-s6,symptoms,recent stress or illness history documented,6,"recent stress, illness, fever, surgery",derm
derm-hair-loss,Dermatology,derm-hair-loss-s7,symptoms,medication history reviewed,7,"medication review, drug-induced hair loss","derm,pharm"
derm-hair-loss,Dermatology,derm-hair-loss-s8,symptoms,family history documented if relevant,8,"family history, male pattern baldness, female pattern","derm,genetics"
derm-hair-loss,Dermatology,derm-hair-loss-s9,symptoms,menstrual or hormonal history documented if relevant,9,"menstrual history, hormonal, PCOS, menopause","derm,hormone"
derm-hair-loss,Dermatology,derm-hair-loss-s10,symptoms,duration documented,10,"duration, how long, gradual, sudden",general
derm-hair-loss,Dermatology,derm-hair-loss-n11,relevant_negatives,no scalp pain reported,11,no scalp pain,derm
derm-hair-loss,Dermatology,derm-hair-loss-n12,relevant_negatives,no scalp itching reported,12,"no scalp itch, no pruritus",derm
derm-hair-loss,Dermatology,derm-hair-loss-n13,relevant_negatives,no scalp scaling reported,13,"no scaling, no dandruff",derm
derm-hair-loss,Dermatology,derm-hair-loss-n14,relevant_negatives,no systemic symptoms reported,14,"no systemic symptoms, well",general
derm-hair-loss,Dermatology,derm-hair-loss-n15,relevant_negatives,no new medication reported,15,no new medication,"derm,pharm"
derm-hair-loss,Dermatology,derm-hair-loss-n16,relevant_negatives,no scarring reported if assessed,16,"no scarring, no skin changes","derm,exam"
derm-hair-loss,Dermatology,derm-hair-loss-e17,exam_findings,scalp examination documented if assessed,17,"scalp exam, scalp inspection","derm,exam"
derm-hair-loss,Dermatology,derm-hair-loss-e18,exam_findings,patch distribution documented if assessed,18,"patch distribution, pattern, location","derm,exam"
derm-hair-loss,Dermatology,derm-hair-loss-e19,exam_findings,scaling or inflammation documented if assessed,19,"scaling, inflammation, erythema","derm,exam"
derm-hair-loss,Dermatology,derm-hair-loss-e20,exam_findings,scarring features documented if assessed,20,"scarring, atrophic skin, follicular dropout","derm,exam"
derm-hair-loss,Dermatology,derm-hair-loss-e21,exam_findings,hair pull test documented if assessed,21,"hair pull test, traction","derm,exam"
derm-hair-loss,Dermatology,derm-hair-loss-e22,exam_findings,scalp dermoscopy findings documented if assessed,22,"dermoscopy, trichoscopy","derm,exam"
derm-hair-loss,Dermatology,derm-hair-loss-i23,investigations,thyroid function results reviewed if done,23,"thyroid function, TSH, T4",investigations
derm-hair-loss,Dermatology,derm-hair-loss-i24,investigations,iron studies reviewed if done,24,"iron studies, ferritin, iron deficiency",investigations
derm-hair-loss,Dermatology,derm-hair-loss-i25,investigations,vitamin D level reviewed if done,25,"vitamin D, vit D",investigations
derm-hair-loss,Dermatology,derm-hair-loss-r26,red_flags,scarring hair loss features,26,"scarring hair loss, atrophic scalp","derm,high_safety"
derm-hair-loss,Dermatology,derm-hair-loss-r27,red_flags,scalp infection concern,27,"scalp infection, pustules, drainage","derm,high_safety"
derm-hair-loss,Dermatology,derm-hair-loss-r28,red_flags,sudden patchy loss,28,"sudden patchy loss, alopecia areata","derm,high_safety"
derm-hair-loss,Dermatology,derm-hair-loss-r29,red_flags,systemic symptoms,29,"systemic symptoms, weight loss, fatigue","derm,high_safety"
derm-hair-loss,Dermatology,derm-hair-loss-p30,plan_phrases,management plan discussed,30,management plan,"plan,derm"
derm-hair-loss,Dermatology,derm-hair-loss-p31,plan_phrases,hair care advice discussed as per clinician plan,31,"hair care, gentle handling, avoid heat styling","plan,derm"
derm-hair-loss,Dermatology,derm-hair-loss-p32,plan_phrases,dermatology referral discussed as per clinician plan,32,"dermatology referral, hair clinic","plan,derm"
derm-hair-loss,Dermatology,derm-hair-loss-p33,plan_phrases,return precautions discussed,33,"return precautions, worsening","plan,derm,high_safety"
derm-hair-loss,Dermatology,derm-hair-loss-p34,plan_phrases,patient questions addressed,34,"questions answered, concerns addressed","plan,derm"
derm-hair-loss,Dermatology,derm-hair-loss-f35,follow_up,3 months to review response,35,3 months,"followup,derm"
derm-hair-loss,Dermatology,derm-hair-loss-f36,follow_up,sooner if worsening,36,"sooner, PRN","followup,derm"
derm-hair-loss,Dermatology,derm-hair-loss-f37,follow_up,sooner if new onset patchy loss,37,"new patches, worsening loss","followup,derm,high_safety"
ophth-red-eye,Ophthalmology,ophth-red-eye-s1,symptoms,red eye,1,"red eye, bloodshot eye",ophth
ophth-red-eye,Ophthalmology,ophth-red-eye-s2,symptoms,unilateral redness,2,"unilateral redness, one eye red",ophth
ophth-red-eye,Ophthalmology,ophth-red-eye-s3,symptoms,bilateral redness,3,"bilateral redness, both eyes red",ophth
ophth-red-eye,Ophthalmology,ophth-red-eye-s4,symptoms,itching,4,"itching, itchy eye, pruritus",ophth
ophth-red-eye,Ophthalmology,ophth-red-eye-s5,symptoms,burning sensation,5,"burning, stinging",ophth
ophth-red-eye,Ophthalmology,ophth-red-eye-s6,symptoms,foreign body sensation,6,"foreign body sensation, grit, sand",ophth
ophth-red-eye,Ophthalmology,ophth-red-eye-s7,symptoms,watery eye,7,"watery eye, tearing, epiphora",ophth
ophth-red-eye,Ophthalmology,ophth-red-eye-s8,symptoms,eye discharge,8,"eye discharge, sticky eye",ophth
ophth-red-eye,Ophthalmology,ophth-red-eye-s9,symptoms,photophobia,9,"photophobia, light sensitivity",ophth
ophth-red-eye,Ophthalmology,ophth-red-eye-s10,symptoms,blurred vision,10,"blurred vision, blurry",ophth
ophth-red-eye,Ophthalmology,ophth-red-eye-s11,symptoms,contact lens use documented,11,"contact lens use, CL, lens wear","ophth,lens"
ophth-red-eye,Ophthalmology,ophth-red-eye-s12,symptoms,duration documented,12,"duration, how long",general
ophth-red-eye,Ophthalmology,ophth-red-eye-n13,relevant_negatives,no vision change reported,13,"no vision change, vision normal",ophth
ophth-red-eye,Ophthalmology,ophth-red-eye-n14,relevant_negatives,no severe eye pain reported,14,no severe pain,ophth
ophth-red-eye,Ophthalmology,ophth-red-eye-n15,relevant_negatives,no photophobia reported,15,no photophobia,ophth
ophth-red-eye,Ophthalmology,ophth-red-eye-n16,relevant_negatives,no trauma reported,16,no trauma,ophth
ophth-red-eye,Ophthalmology,ophth-red-eye-n17,relevant_negatives,no contact lens use reported,17,no contact lens use,"ophth,lens"
ophth-red-eye,Ophthalmology,ophth-red-eye-n18,relevant_negatives,no headache or vomiting reported,18,"no headache, no vomiting",neuro
ophth-red-eye,Ophthalmology,ophth-red-eye-n19,relevant_negatives,no chemical exposure reported,19,no chemical exposure,ophth
ophth-red-eye,Ophthalmology,ophth-red-eye-e20,exam_findings,visual acuity documented if assessed,20,"visual acuity, VA, Snellen","ophth,exam"
ophth-red-eye,Ophthalmology,ophth-red-eye-e21,exam_findings,conjunctival injection documented if assessed,21,"conjunctival injection, redness pattern","ophth,exam"
ophth-red-eye,Ophthalmology,ophth-red-eye-e22,exam_findings,discharge documented if assessed,22,"discharge, mucus, pus, watery","ophth,exam"
ophth-red-eye,Ophthalmology,ophth-red-eye-e23,exam_findings,corneal appearance documented if assessed,23,"corneal appearance, clarity, opacity","ophth,exam"
ophth-red-eye,Ophthalmology,ophth-red-eye-e24,exam_findings,pupil findings documented if assessed,24,"pupil, shape, size, reaction","ophth,exam"
ophth-red-eye,Ophthalmology,ophth-red-eye-e25,exam_findings,eye movement documented if assessed,25,"eye movement, EOM, extraocular","ophth,exam"
ophth-red-eye,Ophthalmology,ophth-red-eye-e26,exam_findings,eyelid findings documented if assessed,26,"eyelid, swelling, crusting","ophth,exam"
ophth-red-eye,Ophthalmology,ophth-red-eye-r27,red_flags,painful red eye,27,painful red eye,"ophth,high_safety"
ophth-red-eye,Ophthalmology,ophth-red-eye-r28,red_flags,reduced vision,28,"reduced vision, vision loss","ophth,high_safety"
ophth-red-eye,Ophthalmology,ophth-red-eye-r29,red_flags,photophobia,29,photophobia,"ophth,high_safety"
ophth-red-eye,Ophthalmology,ophth-red-eye-r30,red_flags,contact lens use with red eye,30,contact lens with red eye,"ophth,lens,high_safety"
ophth-red-eye,Ophthalmology,ophth-red-eye-r31,red_flags,severe headache with visual symptoms,31,"severe headache, headache with vision change","neuro,high_safety"
ophth-red-eye,Ophthalmology,ophth-red-eye-r32,red_flags,trauma,32,"trauma, injury","ophth,high_safety"
ophth-red-eye,Ophthalmology,ophth-red-eye-r33,red_flags,chemical exposure,33,"chemical exposure, splash","ophth,high_safety"
ophth-red-eye,Ophthalmology,ophth-red-eye-r34,red_flags,abnormal pupil,34,"abnormal pupil, irregular shape","ophth,high_safety"
ophth-red-eye,Ophthalmology,ophth-red-eye-p35,plan_phrases,management plan discussed,35,management plan,"plan,ophth"
ophth-red-eye,Ophthalmology,ophth-red-eye-p36,plan_phrases,eye care advice discussed as per clinician plan,36,"eye care, eye hygiene, clean eye","plan,ophth"
ophth-red-eye,Ophthalmology,ophth-red-eye-p37,plan_phrases,return precautions discussed,37,"return precautions, warning signs","plan,ophth,high_safety"
ophth-red-eye,Ophthalmology,ophth-red-eye-p38,plan_phrases,patient questions addressed,38,"questions answered, concerns addressed","plan,ophth"
ophth-red-eye,Ophthalmology,ophth-red-eye-f39,follow_up,1-2 days if not improving,39,1-2 days,"followup,ophth"
ophth-red-eye,Ophthalmology,ophth-red-eye-f40,follow_up,sooner if worsening,40,"sooner, PRN","followup,ophth"
ophth-red-eye,Ophthalmology,ophth-red-eye-f41,follow_up,sooner if vision change or severe pain,41,"vision change, severe pain","followup,ophth,high_safety"
ophth-eye-pain,Ophthalmology,ophth-eye-pain-s1,symptoms,eye pain,1,"eye pain, painful eye",ophth
ophth-eye-pain,Ophthalmology,ophth-eye-pain-s2,symptoms,severe eye pain,2,"severe pain, sharp eye pain",ophth
ophth-eye-pain,Ophthalmology,ophth-eye-pain-s3,symptoms,foreign body sensation,3,"foreign body sensation, grit",ophth
ophth-eye-pain,Ophthalmology,ophth-eye-pain-s4,symptoms,photophobia,4,"photophobia, light sensitivity",ophth
ophth-eye-pain,Ophthalmology,ophth-eye-pain-s5,symptoms,redness,5,"redness, red eye",ophth
ophth-eye-pain,Ophthalmology,ophth-eye-pain-s6,symptoms,blurred vision,6,"blurred vision, blurry",ophth
ophth-eye-pain,Ophthalmology,ophth-eye-pain-s7,symptoms,headache,7,headache,neuro
ophth-eye-pain,Ophthalmology,ophth-eye-pain-s8,symptoms,nausea or vomiting,8,"nausea, vomiting","gi,neuro"
ophth-eye-pain,Ophthalmology,ophth-eye-pain-s9,symptoms,trauma history,9,"trauma history, eye injury",ophth
ophth-eye-pain,Ophthalmology,ophth-eye-pain-s10,symptoms,contact lens use documented,10,"contact lens use, lens wear","ophth,lens"
ophth-eye-pain,Ophthalmology,ophth-eye-pain-s11,symptoms,duration documented,11,"duration, how long",general
ophth-eye-pain,Ophthalmology,ophth-eye-pain-s12,symptoms,discharge,12,"discharge, tearing",ophth
ophth-eye-pain,Ophthalmology,ophth-eye-pain-n13,relevant_negatives,no vision change reported,13,"no vision change, vision normal",ophth
ophth-eye-pain,Ophthalmology,ophth-eye-pain-n14,relevant_negatives,no trauma reported,14,no trauma,ophth
ophth-eye-pain,Ophthalmology,ophth-eye-pain-n15,relevant_negatives,no chemical exposure reported,15,no chemical exposure,ophth
ophth-eye-pain,Ophthalmology,ophth-eye-pain-n16,relevant_negatives,no contact lens use reported,16,no contact lens use,"ophth,lens"
ophth-eye-pain,Ophthalmology,ophth-eye-pain-n17,relevant_negatives,no photophobia reported,17,no photophobia,ophth
ophth-eye-pain,Ophthalmology,ophth-eye-pain-n18,relevant_negatives,no headache reported,18,no headache,neuro
ophth-eye-pain,Ophthalmology,ophth-eye-pain-e19,exam_findings,visual acuity documented if assessed,19,"visual acuity, VA, Snellen","ophth,exam"
ophth-eye-pain,Ophthalmology,ophth-eye-pain-e20,exam_findings,pupil findings documented if assessed,20,"pupil, shape, size, reaction","ophth,exam"
ophth-eye-pain,Ophthalmology,ophth-eye-pain-e21,exam_findings,conjunctival injection documented if assessed,21,"conjunctival injection, redness","ophth,exam"
ophth-eye-pain,Ophthalmology,ophth-eye-pain-e22,exam_findings,corneal appearance documented if assessed,22,"corneal appearance, clarity","ophth,exam"
ophth-eye-pain,Ophthalmology,ophth-eye-pain-e23,exam_findings,eye movement documented if assessed,23,"eye movement, EOM","ophth,exam"
ophth-eye-pain,Ophthalmology,ophth-eye-pain-e24,exam_findings,intraocular pressure documented if assessed,24,"IOP, intraocular pressure, tonometry","ophth,exam"
ophth-eye-pain,Ophthalmology,ophth-eye-pain-r25,red_flags,severe eye pain,25,severe eye pain,"ophth,high_safety"
ophth-eye-pain,Ophthalmology,ophth-eye-pain-r26,red_flags,reduced vision,26,"reduced vision, vision loss","ophth,high_safety"
ophth-eye-pain,Ophthalmology,ophth-eye-pain-r27,red_flags,photophobia,27,photophobia,"ophth,high_safety"
ophth-eye-pain,Ophthalmology,ophth-eye-pain-r28,red_flags,abnormal pupil,28,abnormal pupil,"ophth,high_safety"
ophth-eye-pain,Ophthalmology,ophth-eye-pain-r29,red_flags,headache with nausea or vomiting,29,headache with vomiting,"neuro,high_safety"
ophth-eye-pain,Ophthalmology,ophth-eye-pain-r30,red_flags,trauma,30,trauma,"ophth,high_safety"
ophth-eye-pain,Ophthalmology,ophth-eye-pain-r31,red_flags,chemical exposure,31,chemical exposure,"ophth,high_safety"
ophth-eye-pain,Ophthalmology,ophth-eye-pain-r32,red_flags,contact lens use with eye pain,32,contact lens with pain,"ophth,lens,high_safety"
ophth-eye-pain,Ophthalmology,ophth-eye-pain-p33,plan_phrases,management plan discussed,33,management plan,"plan,ophth"
ophth-eye-pain,Ophthalmology,ophth-eye-pain-p34,plan_phrases,eye care advice discussed as per clinician plan,34,"eye care, eye rest","plan,ophth"
ophth-eye-pain,Ophthalmology,ophth-eye-pain-p35,plan_phrases,return precautions discussed,35,"return precautions, warning signs","plan,ophth,high_safety"
ophth-eye-pain,Ophthalmology,ophth-eye-pain-p36,plan_phrases,patient questions addressed,36,"questions answered, concerns addressed","plan,ophth"
ophth-eye-pain,Ophthalmology,ophth-eye-pain-f37,follow_up,1-2 days if not improving,37,1-2 days,"followup,ophth"
ophth-eye-pain,Ophthalmology,ophth-eye-pain-f38,follow_up,sooner if worsening,38,"sooner, PRN","followup,ophth"
ophth-eye-pain,Ophthalmology,ophth-eye-pain-f39,follow_up,sooner if vision change or severe pain,39,"vision change, severe pain","followup,ophth,high_safety"
ophth-vision-change,Ophthalmology,ophth-vision-change-s1,symptoms,blurred vision,1,"blurred vision, blurry vision",ophth
ophth-vision-change,Ophthalmology,ophth-vision-change-s2,symptoms,sudden vision change,2,"sudden vision change, acute vision loss",ophth
ophth-vision-change,Ophthalmology,ophth-vision-change-s3,symptoms,gradual vision change,3,"gradual vision change, progressive",ophth
ophth-vision-change,Ophthalmology,ophth-vision-change-s4,symptoms,floaters,4,"floaters, spots in vision",ophth
ophth-vision-change,Ophthalmology,ophth-vision-change-s5,symptoms,flashes,5,"flashes, flashing lights, photopsia",ophth
ophth-vision-change,Ophthalmology,ophth-vision-change-s6,symptoms,visual field concern,6,"visual field loss, peripheral vision, curtain",ophth
ophth-vision-change,Ophthalmology,ophth-vision-change-s7,symptoms,double vision,7,"double vision, diplopia",ophth
ophth-vision-change,Ophthalmology,ophth-vision-change-s8,symptoms,headache,8,headache,neuro
ophth-vision-change,Ophthalmology,ophth-vision-change-s9,symptoms,eye pain,9,eye pain,ophth
ophth-vision-change,Ophthalmology,ophth-vision-change-s10,symptoms,trauma history,10,"trauma history, eye injury",ophth
ophth-vision-change,Ophthalmology,ophth-vision-change-s11,symptoms,duration documented,11,"duration, how long",general
ophth-vision-change,Ophthalmology,ophth-vision-change-n12,relevant_negatives,no eye pain reported,12,no eye pain,ophth
ophth-vision-change,Ophthalmology,ophth-vision-change-n13,relevant_negatives,no trauma reported,13,no trauma,ophth
ophth-vision-change,Ophthalmology,ophth-vision-change-n14,relevant_negatives,no headache reported,14,no headache,neuro
ophth-vision-change,Ophthalmology,ophth-vision-change-n15,relevant_negatives,no floaters or flashes reported,15,"no floaters, no flashes",ophth
ophth-vision-change,Ophthalmology,ophth-vision-change-n16,relevant_negatives,no double vision reported,16,no double vision,ophth
ophth-vision-change,Ophthalmology,ophth-vision-change-n17,relevant_negatives,no neurological symptoms reported,17,"no focal weakness, no numbness",neuro
ophth-vision-change,Ophthalmology,ophth-vision-change-e18,exam_findings,visual acuity documented if assessed,18,"visual acuity, VA, Snellen","ophth,exam"
ophth-vision-change,Ophthalmology,ophth-vision-change-e19,exam_findings,pupil findings documented if assessed,19,"pupil, shape, size, reaction, RAPD","ophth,exam"
ophth-vision-change,Ophthalmology,ophth-vision-change-e20,exam_findings,eye movement documented if assessed,20,"eye movement, EOM, extraocular","ophth,exam"
ophth-vision-change,Ophthalmology,ophth-vision-change-e21,exam_findings,visual fields assessed if feasible,21,"visual fields, confrontation","ophth,exam"
ophth-vision-change,Ophthalmology,ophth-vision-change-e22,exam_findings,anterior segment examination documented if assessed,22,"anterior segment, cornea, anterior chamber","ophth,exam"
ophth-vision-change,Ophthalmology,ophth-vision-change-e23,exam_findings,ophthalmoscopy or fundus exam documented if assessed,23,"fundus exam, ophthalmoscopy, retina","ophth,exam"
ophth-vision-change,Ophthalmology,ophth-vision-change-r24,red_flags,sudden vision loss,24,"sudden vision loss, acute vision loss","ophth,high_safety"
ophth-vision-change,Ophthalmology,ophth-vision-change-r25,red_flags,flashes with floaters or curtain,25,"flashes, floaters, curtain, retinal detachment","ophth,high_safety"
ophth-vision-change,Ophthalmology,ophth-vision-change-r26,red_flags,visual field loss,26,"visual field loss, hemianopia, tunnel vision","ophth,high_safety"
ophth-vision-change,Ophthalmology,ophth-vision-change-r27,red_flags,neurological symptoms,27,"neuro symptoms, weakness","neuro,high_safety"
ophth-vision-change,Ophthalmology,ophth-vision-change-r28,red_flags,eye pain with vision change,28,eye pain with vision change,"ophth,high_safety"
ophth-vision-change,Ophthalmology,ophth-vision-change-r29,red_flags,trauma,29,trauma eye injury,"ophth,high_safety"
ophth-vision-change,Ophthalmology,ophth-vision-change-p30,plan_phrases,management plan discussed,30,management plan,"plan,ophth"
ophth-vision-change,Ophthalmology,ophth-vision-change-p31,plan_phrases,ophthalmology referral discussed as per clinician plan,31,ophthalmology referral,"plan,ophth"
ophth-vision-change,Ophthalmology,ophth-vision-change-p32,plan_phrases,return precautions discussed,32,"return precautions, warning signs","plan,ophth,high_safety"
ophth-vision-change,Ophthalmology,ophth-vision-change-p33,plan_phrases,patient questions addressed,33,"questions answered, concerns addressed","plan,ophth"
ophth-vision-change,Ophthalmology,ophth-vision-change-f34,follow_up,1-2 weeks if stable,34,1-2 weeks,"followup,ophth"
ophth-vision-change,Ophthalmology,ophth-vision-change-f35,follow_up,sooner if worsening,35,"sooner, PRN","followup,ophth"
ophth-vision-change,Ophthalmology,ophth-vision-change-f36,follow_up,sooner if vision change or new symptoms,36,"vision change, new symptoms","followup,ophth,high_safety"
ophth-eye-discharge,Ophthalmology,ophth-eye-discharge-s1,symptoms,eye discharge,1,"eye discharge, sticky eye, gummy eye",ophth
ophth-eye-discharge,Ophthalmology,ophth-eye-discharge-s2,symptoms,watery discharge,2,"watery discharge, tearing",ophth
ophth-eye-discharge,Ophthalmology,ophth-eye-discharge-s3,symptoms,sticky discharge,3,"sticky discharge, gluey, crusty",ophth
ophth-eye-discharge,Ophthalmology,ophth-eye-discharge-s4,symptoms,crusting,4,"crusting, eyelid crust, morning crust",ophth
ophth-eye-discharge,Ophthalmology,ophth-eye-discharge-s5,symptoms,redness,5,"redness, red eye",ophth
ophth-eye-discharge,Ophthalmology,ophth-eye-discharge-s6,symptoms,itching,6,"itching, itchy eye",ophth
ophth-eye-discharge,Ophthalmology,ophth-eye-discharge-s7,symptoms,eyelid swelling,7,"eyelid swelling, puffy eye",ophth
ophth-eye-discharge,Ophthalmology,ophth-eye-discharge-s8,symptoms,contact history,8,"contact history, infected person, family","ophth,infectious"
ophth-eye-discharge,Ophthalmology,ophth-eye-discharge-s9,symptoms,contact lens use documented,9,contact lens use,"ophth,lens"
ophth-eye-discharge,Ophthalmology,ophth-eye-discharge-s10,symptoms,duration documented,10,"duration, how long",general
ophth-eye-discharge,Ophthalmology,ophth-eye-discharge-n11,relevant_negatives,no vision change reported,11,no vision change,ophth
ophth-eye-discharge,Ophthalmology,ophth-eye-discharge-n12,relevant_negatives,no severe pain reported,12,no severe pain,ophth
ophth-eye-discharge,Ophthalmology,ophth-eye-discharge-n13,relevant_negatives,no photophobia reported,13,no photophobia,ophth
ophth-eye-discharge,Ophthalmology,ophth-eye-discharge-n14,relevant_negatives,no trauma reported,14,no trauma,ophth
ophth-eye-discharge,Ophthalmology,ophth-eye-discharge-n15,relevant_negatives,no contact lens use reported,15,no contact lens use,"ophth,lens"
ophth-eye-discharge,Ophthalmology,ophth-eye-discharge-e16,exam_findings,visual acuity documented if assessed,16,"visual acuity, VA","ophth,exam"
ophth-eye-discharge,Ophthalmology,ophth-eye-discharge-e17,exam_findings,discharge documented if assessed,17,"discharge, mucus, pus, watery","ophth,exam"
ophth-eye-discharge,Ophthalmology,ophth-eye-discharge-e18,exam_findings,eyelid findings documented if assessed,18,"eyelid, swelling, crusting","ophth,exam"
ophth-eye-discharge,Ophthalmology,ophth-eye-discharge-e19,exam_findings,conjunctival injection documented if assessed,19,"conjunctival injection, redness","ophth,exam"
ophth-eye-discharge,Ophthalmology,ophth-eye-discharge-e20,exam_findings,corneal appearance documented if assessed,20,"corneal appearance, clarity","ophth,exam"
ophth-eye-discharge,Ophthalmology,ophth-eye-discharge-e21,exam_findings,pupil findings documented if assessed,21,"pupil, shape, size, reaction","ophth,exam"
ophth-eye-discharge,Ophthalmology,ophth-eye-discharge-r22,red_flags,contact lens use,22,contact lens with discharge,"ophth,lens,high_safety"
ophth-eye-discharge,Ophthalmology,ophth-eye-discharge-r23,red_flags,severe pain,23,severe eye pain,"ophth,high_safety"
ophth-eye-discharge,Ophthalmology,ophth-eye-discharge-r24,red_flags,reduced vision,24,"reduced vision, vision loss","ophth,high_safety"
ophth-eye-discharge,Ophthalmology,ophth-eye-discharge-r25,red_flags,photophobia,25,photophobia,"ophth,high_safety"
ophth-eye-discharge,Ophthalmology,ophth-eye-discharge-r26,red_flags,corneal concern if assessed,26,"corneal concern, opacity, haze","ophth,high_safety"
ophth-eye-discharge,Ophthalmology,ophth-eye-discharge-p27,plan_phrases,management plan discussed,27,management plan,"plan,ophth"
ophth-eye-discharge,Ophthalmology,ophth-eye-discharge-p28,plan_phrases,eye hygiene advice discussed,28,"eye hygiene, clean eyelids, avoid touching","plan,ophth"
ophth-eye-discharge,Ophthalmology,ophth-eye-discharge-p29,plan_phrases,return precautions discussed,29,"return precautions, worsening","plan,ophth,high_safety"
ophth-eye-discharge,Ophthalmology,ophth-eye-discharge-p30,plan_phrases,patient questions addressed,30,"questions answered, concerns addressed","plan,ophth"
ophth-eye-discharge,Ophthalmology,ophth-eye-discharge-f31,follow_up,1-2 days if not improving,31,1-2 days,"followup,ophth"
ophth-eye-discharge,Ophthalmology,ophth-eye-discharge-f32,follow_up,sooner if worsening,32,"sooner, PRN","followup,ophth"
ophth-eye-discharge,Ophthalmology,ophth-eye-discharge-f33,follow_up,sooner if vision change or severe pain,33,"vision change, severe pain","followup,ophth,high_safety"
ophth-contact-lens-complaint,Ophthalmology,ophth-contact-lens-complaint-s1,symptoms,contact lens use,1,"contact lens use, lens wear","ophth,lens"
ophth-contact-lens-complaint,Ophthalmology,ophth-contact-lens-complaint-s2,symptoms,eye redness,2,"eye redness, red eye",ophth
ophth-contact-lens-complaint,Ophthalmology,ophth-contact-lens-complaint-s3,symptoms,eye pain,3,eye pain,ophth
ophth-contact-lens-complaint,Ophthalmology,ophth-contact-lens-complaint-s4,symptoms,foreign body sensation,4,"foreign body sensation, grit",ophth
ophth-contact-lens-complaint,Ophthalmology,ophth-contact-lens-complaint-s5,symptoms,photophobia,5,"photophobia, light sensitivity",ophth
ophth-contact-lens-complaint,Ophthalmology,ophth-contact-lens-complaint-s6,symptoms,blurred vision,6,"blurred vision, blurry",ophth
ophth-contact-lens-complaint,Ophthalmology,ophth-contact-lens-complaint-s7,symptoms,discharge,7,"discharge, tearing",ophth
ophth-contact-lens-complaint,Ophthalmology,ophth-contact-lens-complaint-s8,symptoms,lens hygiene history documented,8,"lens hygiene, cleaning, solution, overnight wear","ophth,lens"
ophth-contact-lens-complaint,Ophthalmology,ophth-contact-lens-complaint-s9,symptoms,duration of lens wear documented,9,"duration of wear, how long worn","ophth,lens"
ophth-contact-lens-complaint,Ophthalmology,ophth-contact-lens-complaint-s10,symptoms,duration of symptoms documented,10,"duration of symptoms, how long",general
ophth-contact-lens-complaint,Ophthalmology,ophth-contact-lens-complaint-n11,relevant_negatives,no trauma reported,11,no trauma,ophth
ophth-contact-lens-complaint,Ophthalmology,ophth-contact-lens-complaint-n12,relevant_negatives,no chemical exposure reported,12,no chemical exposure,ophth
ophth-contact-lens-complaint,Ophthalmology,ophth-contact-lens-complaint-n13,relevant_negatives,no vision change reported,13,no vision change,ophth
ophth-contact-lens-complaint,Ophthalmology,ophth-contact-lens-complaint-n14,relevant_negatives,no photophobia reported,14,no photophobia,ophth
ophth-contact-lens-complaint,Ophthalmology,ophth-contact-lens-complaint-n15,relevant_negatives,no severe pain reported,15,no severe pain,ophth
ophth-contact-lens-complaint,Ophthalmology,ophth-contact-lens-complaint-e16,exam_findings,visual acuity documented if assessed,16,"visual acuity, VA","ophth,exam"
ophth-contact-lens-complaint,Ophthalmology,ophth-contact-lens-complaint-e17,exam_findings,corneal appearance documented if assessed,17,"corneal appearance, clarity, staining","ophth,exam"
ophth-contact-lens-complaint,Ophthalmology,ophth-contact-lens-complaint-e18,exam_findings,conjunctival injection documented if assessed,18,"conjunctival injection, redness","ophth,exam"
ophth-contact-lens-complaint,Ophthalmology,ophth-contact-lens-complaint-e19,exam_findings,pupil findings documented if assessed,19,"pupil, shape, size, reaction","ophth,exam"
ophth-contact-lens-complaint,Ophthalmology,ophth-contact-lens-complaint-e20,exam_findings,eyelid findings documented if assessed,20,"eyelid, swelling","ophth,exam"
ophth-contact-lens-complaint,Ophthalmology,ophth-contact-lens-complaint-e21,exam_findings,fluorescein staining documented if assessed,21,"fluorescein, corneal staining, rose bengal","ophth,exam"
ophth-contact-lens-complaint,Ophthalmology,ophth-contact-lens-complaint-r22,red_flags,contact lens use with eye pain,22,contact lens with pain,"ophth,lens,high_safety"
ophth-contact-lens-complaint,Ophthalmology,ophth-contact-lens-complaint-r23,red_flags,reduced vision,23,"reduced vision, vision loss","ophth,high_safety"
ophth-contact-lens-complaint,Ophthalmology,ophth-contact-lens-complaint-r24,red_flags,photophobia,24,photophobia,"ophth,high_safety"
ophth-contact-lens-complaint,Ophthalmology,ophth-contact-lens-complaint-r25,red_flags,corneal opacity if assessed,25,"corneal opacity, corneal haze","ophth,high_safety"
ophth-contact-lens-complaint,Ophthalmology,ophth-contact-lens-complaint-r26,red_flags,severe redness,26,severe redness,"ophth,high_safety"
ophth-contact-lens-complaint,Ophthalmology,ophth-contact-lens-complaint-p27,plan_phrases,management plan discussed,27,management plan,"plan,ophth"
ophth-contact-lens-complaint,Ophthalmology,ophth-contact-lens-complaint-p28,plan_phrases,contact lens care advice discussed as per clinician plan,28,"lens care, hygiene, pause lens wear","plan,ophth,lens"
ophth-contact-lens-complaint,Ophthalmology,ophth-contact-lens-complaint-p29,plan_phrases,return precautions discussed,29,"return precautions, worsening","plan,ophth,high_safety"
ophth-contact-lens-complaint,Ophthalmology,ophth-contact-lens-complaint-p30,plan_phrases,patient questions addressed,30,"questions answered, concerns addressed","plan,ophth"
ophth-contact-lens-complaint,Ophthalmology,ophth-contact-lens-complaint-f31,follow_up,1-2 days if not improving,31,1-2 days,"followup,ophth"
ophth-contact-lens-complaint,Ophthalmology,ophth-contact-lens-complaint-f32,follow_up,sooner if worsening,32,"sooner, PRN","followup,ophth"
ophth-contact-lens-complaint,Ophthalmology,ophth-contact-lens-complaint-f33,follow_up,sooner if vision change or severe pain,33,"vision change, severe pain","followup,ophth,high_safety"
ophth-eye-trauma,Ophthalmology,ophth-eye-trauma-s1,symptoms,eye trauma,1,"eye trauma, eye injury",ophth
ophth-eye-trauma,Ophthalmology,ophth-eye-trauma-s2,symptoms,blunt trauma,2,"blunt trauma, hit eye, punch eye",ophth
ophth-eye-trauma,Ophthalmology,ophth-eye-trauma-s3,symptoms,foreign body exposure,3,"foreign body, something in eye",ophth
ophth-eye-trauma,Ophthalmology,ophth-eye-trauma-s4,symptoms,chemical exposure,4,"chemical exposure, splash, chemical injury",ophth
ophth-eye-trauma,Ophthalmology,ophth-eye-trauma-s5,symptoms,scratch injury,5,"scratch injury, fingernail, tree branch",ophth
ophth-eye-trauma,Ophthalmology,ophth-eye-trauma-s6,symptoms,pain,6,"pain, eye pain",ophth
ophth-eye-trauma,Ophthalmology,ophth-eye-trauma-s7,symptoms,redness,7,"redness, red eye",ophth
ophth-eye-trauma,Ophthalmology,ophth-eye-trauma-s8,symptoms,blurred vision,8,"blurred vision, blurry",ophth
ophth-eye-trauma,Ophthalmology,ophth-eye-trauma-s9,symptoms,photophobia,9,"photophobia, light sensitivity",ophth
ophth-eye-trauma,Ophthalmology,ophth-eye-trauma-s10,symptoms,bleeding,10,"bleeding, periorbital hematoma, black eye",ophth
ophth-eye-trauma,Ophthalmology,ophth-eye-trauma-s11,symptoms,mechanism of injury documented,11,"mechanism, how injury happened",ophth
ophth-eye-trauma,Ophthalmology,ophth-eye-trauma-s12,symptoms,tetanus status reviewed if relevant,12,"tetanus status, tetanus shot","ophth,vaccine"
ophth-eye-trauma,Ophthalmology,ophth-eye-trauma-n13,relevant_negatives,no vision change reported if applicable,13,"no vision change, vision normal",ophth
ophth-eye-trauma,Ophthalmology,ophth-eye-trauma-n14,relevant_negatives,no chemical exposure reported if applicable,14,no chemical exposure,ophth
ophth-eye-trauma,Ophthalmology,ophth-eye-trauma-n15,relevant_negatives,no double vision reported,15,no double vision,ophth
ophth-eye-trauma,Ophthalmology,ophth-eye-trauma-n16,relevant_negatives,no photophobia reported,16,no photophobia,ophth
ophth-eye-trauma,Ophthalmology,ophth-eye-trauma-n17,relevant_negatives,no foreign body sensation reported if applicable,17,no foreign body sensation,ophth
ophth-eye-trauma,Ophthalmology,ophth-eye-trauma-e18,exam_findings,visual acuity documented if assessed,18,"visual acuity, VA","ophth,exam"
ophth-eye-trauma,Ophthalmology,ophth-eye-trauma-e19,exam_findings,external injury documented if assessed,19,"external injury, eyelid laceration, swelling","ophth,exam"
ophth-eye-trauma,Ophthalmology,ophth-eye-trauma-e20,exam_findings,pupil findings documented if assessed,20,"pupil, shape, size, reaction","ophth,exam"
ophth-eye-trauma,Ophthalmology,ophth-eye-trauma-e21,exam_findings,eye movement documented if assessed,21,"eye movement, EOM","ophth,exam"
ophth-eye-trauma,Ophthalmology,ophth-eye-trauma-e22,exam_findings,conjunctival examination documented if assessed,22,"conjunctival injury, subconjunctival hemorrhage","ophth,exam"
ophth-eye-trauma,Ophthalmology,ophth-eye-trauma-e23,exam_findings,corneal examination documented if assessed,23,"corneal abrasion, corneal lesion","ophth,exam"
ophth-eye-trauma,Ophthalmology,ophth-eye-trauma-e24,exam_findings,anterior chamber depth documented if assessed,24,"anterior chamber, hyphema, depth","ophth,exam"
ophth-eye-trauma,Ophthalmology,ophth-eye-trauma-e25,exam_findings,fluorescein staining documented if assessed,25,"fluorescein, corneal staining","ophth,exam"
ophth-eye-trauma,Ophthalmology,ophth-eye-trauma-r26,red_flags,chemical exposure,26,"chemical exposure, alkali, acid","ophth,high_safety"
ophth-eye-trauma,Ophthalmology,ophth-eye-trauma-r27,red_flags,penetrating injury concern,27,"penetrating injury, globe rupture","ophth,high_safety"
ophth-eye-trauma,Ophthalmology,ophth-eye-trauma-r28,red_flags,reduced vision,28,reduced vision,"ophth,high_safety"
ophth-eye-trauma,Ophthalmology,ophth-eye-trauma-r29,red_flags,severe pain,29,severe pain,"ophth,high_safety"
ophth-eye-trauma,Ophthalmology,ophth-eye-trauma-r30,red_flags,abnormal pupil,30,"abnormal pupil, irregular shape","ophth,high_safety"
ophth-eye-trauma,Ophthalmology,ophth-eye-trauma-r31,red_flags,hyphema concern if assessed,31,"hyphema, blood in anterior chamber","ophth,high_safety"
ophth-eye-trauma,Ophthalmology,ophth-eye-trauma-p32,plan_phrases,management plan discussed,32,management plan,"plan,ophth"
ophth-eye-trauma,Ophthalmology,ophth-eye-trauma-p33,plan_phrases,eye care advice discussed as per clinician plan,33,"eye care, eye shield, rest","plan,ophth"
ophth-eye-trauma,Ophthalmology,ophth-eye-trauma-p34,plan_phrases,ophthalmology referral discussed as per clinician plan,34,"ophthalmology referral, eye casualty","plan,ophth"
ophth-eye-trauma,Ophthalmology,ophth-eye-trauma-p35,plan_phrases,return precautions discussed,35,"return precautions, worsening","plan,ophth,high_safety"
ophth-eye-trauma,Ophthalmology,ophth-eye-trauma-p36,plan_phrases,patient questions addressed,36,"questions answered, concerns addressed","plan,ophth"
ophth-eye-trauma,Ophthalmology,ophth-eye-trauma-f37,follow_up,1-2 days for follow-up,37,1-2 days,"followup,ophth"
ophth-eye-trauma,Ophthalmology,ophth-eye-trauma-f38,follow_up,sooner if worsening,38,"sooner, PRN","followup,ophth"
ophth-eye-trauma,Ophthalmology,ophth-eye-trauma-f39,follow_up,sooner if pain or vision change,39,"pain, vision change","followup,ophth,high_safety"
psych-anxiety,Psychiatry / Mental Health,psych-anxiety-s1,symptoms,anxiety symptoms,1,"anxiety, anxious",psych
psych-anxiety,Psychiatry / Mental Health,psych-anxiety-s2,symptoms,excessive worry,2,"excessive worry, persistent worry",psych
psych-anxiety,Psychiatry / Mental Health,psych-anxiety-s3,symptoms,restlessness,3,"restlessness, on edge",psych
psych-anxiety,Psychiatry / Mental Health,psych-anxiety-s4,symptoms,irritability,4,"irritability, easily annoyed",psych
psych-anxiety,Psychiatry / Mental Health,psych-anxiety-s5,symptoms,muscle tension,5,"muscle tension, tight muscles",psych
psych-anxiety,Psychiatry / Mental Health,psych-anxiety-s6,symptoms,poor concentration,6,"poor concentration, difficulty focusing",psych
psych-anxiety,Psychiatry / Mental Health,psych-anxiety-s7,symptoms,sleep disturbance,7,"sleep disturbance, insomnia",psych
psych-anxiety,Psychiatry / Mental Health,psych-anxiety-s8,symptoms,palpitations,8,"palpitations, racing heart",psych
psych-anxiety,Psychiatry / Mental Health,psych-anxiety-s9,symptoms,shortness of breath sensation,9,"shortness of breath sensation, smothering",psych
psych-anxiety,Psychiatry / Mental Health,psych-anxiety-s10,symptoms,avoidance behavior,10,"avoidance behavior, avoiding situations",psych
psych-anxiety,Psychiatry / Mental Health,psych-anxiety-s11,symptoms,functional impairment documented,11,"functional impairment, impact on daily life",psych
psych-anxiety,Psychiatry / Mental Health,psych-anxiety-s12,symptoms,duration documented,12,"duration, how long",general
psych-anxiety,Psychiatry / Mental Health,psych-anxiety-n13,relevant_negatives,no suicidal ideation reported if assessed,13,"no suicidal ideation, not suicidal","psych,risk"
psych-anxiety,Psychiatry / Mental Health,psych-anxiety-n14,relevant_negatives,no self-harm thoughts reported if assessed,14,"no self-harm, not self-harming","psych,risk"
psych-anxiety,Psychiatry / Mental Health,psych-anxiety-n15,relevant_negatives,no thoughts of harm to others reported if assessed,15,"no harm to others, no homicidal","psych,risk"
psych-anxiety,Psychiatry / Mental Health,psych-anxiety-n16,relevant_negatives,no psychotic symptoms reported if assessed,16,"no psychosis, no hallucinations, no delusions",psych
psych-anxiety,Psychiatry / Mental Health,psych-anxiety-n17,relevant_negatives,no substance misuse reported if assessed,17,"no substance misuse, no drugs, no alcohol","psych,substance"
psych-anxiety,Psychiatry / Mental Health,psych-anxiety-n18,relevant_negatives,no chest pain reported if relevant,18,no chest pain,"psych,cardiovascular"
psych-anxiety,Psychiatry / Mental Health,psych-anxiety-n19,relevant_negatives,no syncope reported if relevant,19,"no syncope, no fainting",psych
psych-anxiety,Psychiatry / Mental Health,psych-anxiety-e20,exam_findings,appearance documented if assessed,20,"appearance, grooming, dress","psych,MSE"
psych-anxiety,Psychiatry / Mental Health,psych-anxiety-e21,exam_findings,behavior documented if assessed,21,"behavior, agitation, eye contact","psych,MSE"
psych-anxiety,Psychiatry / Mental Health,psych-anxiety-e22,exam_findings,speech documented if assessed,22,"speech rate, volume, tone","psych,MSE"
psych-anxiety,Psychiatry / Mental Health,psych-anxiety-e23,exam_findings,mood documented if assessed,23,"mood, subjective","psych,MSE"
psych-anxiety,Psychiatry / Mental Health,psych-anxiety-e24,exam_findings,affect documented if assessed,24,"affect, range, reactivity","psych,MSE"
psych-anxiety,Psychiatry / Mental Health,psych-anxiety-e25,exam_findings,thought content documented if assessed,25,"thought content, rumination, worry themes","psych,MSE"
psych-anxiety,Psychiatry / Mental Health,psych-anxiety-e26,exam_findings,insight documented if assessed,26,"insight, awareness","psych,MSE"
psych-anxiety,Psychiatry / Mental Health,psych-anxiety-e27,exam_findings,judgment documented if assessed,27,"judgment, decision making","psych,MSE"
psych-anxiety,Psychiatry / Mental Health,psych-anxiety-e28,exam_findings,risk assessment documented if assessed,28,"risk assessment, safety","psych,MSE,risk"
psych-anxiety,Psychiatry / Mental Health,psych-anxiety-r29,red_flags,suicidal ideation,29,suicidal ideation,"psych,risk,high_safety"
psych-anxiety,Psychiatry / Mental Health,psych-anxiety-r30,red_flags,self-harm thoughts,30,self-harm thoughts,"psych,risk,high_safety"
psych-anxiety,Psychiatry / Mental Health,psych-anxiety-r31,red_flags,thoughts of harm to others,31,"harm to others, homicidal ideation","psych,risk,high_safety"
psych-anxiety,Psychiatry / Mental Health,psych-anxiety-r32,red_flags,psychotic symptoms,32,"psychosis, hallucinations, delusions","psych,high_safety"
psych-anxiety,Psychiatry / Mental Health,psych-anxiety-r33,red_flags,severe functional impairment,33,"severe impairment, cannot function","psych,high_safety"
psych-anxiety,Psychiatry / Mental Health,psych-anxiety-r34,red_flags,severe agitation,34,"severe agitation, acute distress","psych,high_safety"
psych-anxiety,Psychiatry / Mental Health,psych-anxiety-r35,red_flags,substance misuse concern,35,substance misuse,"psych,substance,high_safety"
psych-anxiety,Psychiatry / Mental Health,psych-anxiety-p36,plan_phrases,management plan discussed,36,management plan,"plan,psych"
psych-anxiety,Psychiatry / Mental Health,psych-anxiety-p37,plan_phrases,safety discussion documented as per clinician assessment,37,"safety discussion, safety plan","plan,psych,risk"
psych-anxiety,Psychiatry / Mental Health,psych-anxiety-p38,plan_phrases,support options discussed as per clinician plan,38,"support options, therapy, counseling","plan,psych"
psych-anxiety,Psychiatry / Mental Health,psych-anxiety-p39,plan_phrases,referral discussed as per clinician plan,39,"referral, mental health referral","plan,psych"
psych-anxiety,Psychiatry / Mental Health,psych-anxiety-p40,plan_phrases,patient questions addressed,40,"questions answered, concerns addressed","plan,psych"
psych-anxiety,Psychiatry / Mental Health,psych-anxiety-f41,follow_up,1-2 weeks,41,1-2 weeks,"followup,psych"
psych-anxiety,Psychiatry / Mental Health,psych-anxiety-f42,follow_up,sooner if worsening,42,"sooner, PRN","followup,psych"
psych-anxiety,Psychiatry / Mental Health,psych-anxiety-f43,follow_up,sooner if suicidal ideation or severe distress,43,"suicidal ideation, severe distress","followup,psych,risk,high_safety"
psych-low-mood,Psychiatry / Mental Health,psych-low-mood-s1,symptoms,low mood,1,"low mood, depressed, sad",psych
psych-low-mood,Psychiatry / Mental Health,psych-low-mood-s2,symptoms,loss of interest,2,"loss of interest, anhedonia",psych
psych-low-mood,Psychiatry / Mental Health,psych-low-mood-s3,symptoms,low energy,3,"low energy, fatigue",psych
psych-low-mood,Psychiatry / Mental Health,psych-low-mood-s4,symptoms,sleep disturbance,4,"sleep disturbance, insomnia, hypersomnia",psych
psych-low-mood,Psychiatry / Mental Health,psych-low-mood-s5,symptoms,appetite change,5,"appetite change, reduced appetite, overeating",psych
psych-low-mood,Psychiatry / Mental Health,psych-low-mood-s6,symptoms,concentration difficulty,6,"concentration difficulty, poor focus",psych
psych-low-mood,Psychiatry / Mental Health,psych-low-mood-s7,symptoms,guilt or worthlessness feelings documented if reported,7,"guilt, worthlessness, self-blame",psych
psych-low-mood,Psychiatry / Mental Health,psych-low-mood-s8,symptoms,tearfulness,8,"tearfulness, crying spells",psych
psych-low-mood,Psychiatry / Mental Health,psych-low-mood-s9,symptoms,reduced functioning,9,"reduced functioning, poor work, poor social",psych
psych-low-mood,Psychiatry / Mental Health,psych-low-mood-s10,symptoms,social withdrawal,10,"social withdrawal, isolation",psych
psych-low-mood,Psychiatry / Mental Health,psych-low-mood-s11,symptoms,duration documented,11,"duration, how long",general
psych-low-mood,Psychiatry / Mental Health,psych-low-mood-n12,relevant_negatives,no suicidal ideation reported if assessed,12,"no suicidal ideation, not suicidal","psych,risk"
psych-low-mood,Psychiatry / Mental Health,psych-low-mood-n13,relevant_negatives,no self-harm thoughts reported if assessed,13,no self-harm,"psych,risk"
psych-low-mood,Psychiatry / Mental Health,psych-low-mood-n14,relevant_negatives,no thoughts of harm to others reported if assessed,14,no harm to others,"psych,risk"
psych-low-mood,Psychiatry / Mental Health,psych-low-mood-n15,relevant_negatives,no psychotic symptoms reported if assessed,15,"no psychosis, no hallucinations",psych
psych-low-mood,Psychiatry / Mental Health,psych-low-mood-n16,relevant_negatives,no manic symptoms reported if assessed,16,"no mania, no elevated mood",psych
psych-low-mood,Psychiatry / Mental Health,psych-low-mood-n17,relevant_negatives,no substance misuse reported if assessed,17,no substance misuse,"psych,substance"
psych-low-mood,Psychiatry / Mental Health,psych-low-mood-e18,exam_findings,appearance documented if assessed,18,"appearance, grooming, dress","psych,MSE"
psych-low-mood,Psychiatry / Mental Health,psych-low-mood-e19,exam_findings,behavior documented if assessed,19,"behavior, psychomotor, eye contact","psych,MSE"
psych-low-mood,Psychiatry / Mental Health,psych-low-mood-e20,exam_findings,speech documented if assessed,20,"speech rate, volume, latency","psych,MSE"
psych-low-mood,Psychiatry / Mental Health,psych-low-mood-e21,exam_findings,mood documented if assessed,21,"mood, subjective","psych,MSE"
psych-low-mood,Psychiatry / Mental Health,psych-low-mood-e22,exam_findings,affect documented if assessed,22,"affect, range, reactivity","psych,MSE"
psych-low-mood,Psychiatry / Mental Health,psych-low-mood-e23,exam_findings,thought content documented if assessed,23,"thought content, hopelessness, guilt","psych,MSE"
psych-low-mood,Psychiatry / Mental Health,psych-low-mood-e24,exam_findings,cognition documented if assessed,24,"cognition, memory, concentration","psych,MSE"
psych-low-mood,Psychiatry / Mental Health,psych-low-mood-e25,exam_findings,insight documented if assessed,25,"insight, awareness of condition","psych,MSE"
psych-low-mood,Psychiatry / Mental Health,psych-low-mood-e26,exam_findings,risk assessment documented if assessed,26,"risk assessment, safety","psych,MSE,risk"
psych-low-mood,Psychiatry / Mental Health,psych-low-mood-r27,red_flags,suicidal ideation,27,suicidal ideation,"psych,risk,high_safety"
psych-low-mood,Psychiatry / Mental Health,psych-low-mood-r28,red_flags,self-harm thoughts,28,self-harm thoughts,"psych,risk,high_safety"
psych-low-mood,Psychiatry / Mental Health,psych-low-mood-r29,red_flags,thoughts of harm to others,29,harm to others,"psych,risk,high_safety"
psych-low-mood,Psychiatry / Mental Health,psych-low-mood-r30,red_flags,psychotic symptoms,30,"psychosis, hallucinations, delusions","psych,high_safety"
psych-low-mood,Psychiatry / Mental Health,psych-low-mood-r31,red_flags,severe functional decline,31,"severe decline, inability to function","psych,high_safety"
psych-low-mood,Psychiatry / Mental Health,psych-low-mood-r32,red_flags,inability to care for self,32,"inability to self-care, neglect","psych,high_safety"
psych-low-mood,Psychiatry / Mental Health,psych-low-mood-r33,red_flags,safeguarding concern,33,"safeguarding, vulnerable adult, child","psych,high_safety"
psych-low-mood,Psychiatry / Mental Health,psych-low-mood-p34,plan_phrases,management plan discussed,34,management plan,"plan,psych"
psych-low-mood,Psychiatry / Mental Health,psych-low-mood-p35,plan_phrases,safety discussion documented as per clinician assessment,35,"safety discussion, safety plan","plan,psych,risk"
psych-low-mood,Psychiatry / Mental Health,psych-low-mood-p36,plan_phrases,support options discussed as per clinician plan,36,"support options, therapy","plan,psych"
psych-low-mood,Psychiatry / Mental Health,psych-low-mood-p37,plan_phrases,referral discussed as per clinician plan,37,"referral, mental health, psychiatry, therapy","plan,psych"
psych-low-mood,Psychiatry / Mental Health,psych-low-mood-p38,plan_phrases,patient questions addressed,38,"questions answered, concerns addressed","plan,psych"
psych-low-mood,Psychiatry / Mental Health,psych-low-mood-f39,follow_up,1-2 weeks,39,1-2 weeks,"followup,psych"
psych-low-mood,Psychiatry / Mental Health,psych-low-mood-f40,follow_up,sooner if worsening,40,"sooner, PRN","followup,psych"
psych-low-mood,Psychiatry / Mental Health,psych-low-mood-f41,follow_up,sooner if suicidal ideation or severe distress,41,"suicidal ideation, severe distress","followup,psych,risk,high_safety"
psych-sleep-difficulty,Psychiatry / Mental Health,psych-sleep-difficulty-s1,symptoms,difficulty falling asleep,1,"difficulty falling asleep, initial insomnia","psych,sleep"
psych-sleep-difficulty,Psychiatry / Mental Health,psych-sleep-difficulty-s2,symptoms,frequent awakenings,2,"frequent awakenings, middle insomnia","psych,sleep"
psych-sleep-difficulty,Psychiatry / Mental Health,psych-sleep-difficulty-s3,symptoms,early morning waking,3,"early morning waking, terminal insomnia","psych,sleep"
psych-sleep-difficulty,Psychiatry / Mental Health,psych-sleep-difficulty-s4,symptoms,non-restorative sleep,4,"non-restorative sleep, unrefreshing sleep","psych,sleep"
psych-sleep-difficulty,Psychiatry / Mental Health,psych-sleep-difficulty-s5,symptoms,daytime sleepiness,5,"daytime sleepiness, hypersomnia","psych,sleep"
psych-sleep-difficulty,Psychiatry / Mental Health,psych-sleep-difficulty-s6,symptoms,fatigue,6,"fatigue, tired","psych,sleep"
psych-sleep-difficulty,Psychiatry / Mental Health,psych-sleep-difficulty-s7,symptoms,snoring reported if relevant,7,snoring,"psych,sleep"
psych-sleep-difficulty,Psychiatry / Mental Health,psych-sleep-difficulty-s8,symptoms,nightmares reported,8,"nightmares, bad dreams","psych,sleep"
psych-sleep-difficulty,Psychiatry / Mental Health,psych-sleep-difficulty-s9,symptoms,stress-related sleep disturbance,9,"stress-related sleep, worry at night","psych,sleep"
psych-sleep-difficulty,Psychiatry / Mental Health,psych-sleep-difficulty-s10,symptoms,screen or caffeine pattern documented if relevant,10,"screen use, caffeine, habits","psych,sleep"
psych-sleep-difficulty,Psychiatry / Mental Health,psych-sleep-difficulty-s11,symptoms,duration documented,11,"duration, how long",general
psych-sleep-difficulty,Psychiatry / Mental Health,psych-sleep-difficulty-n12,relevant_negatives,no suicidal ideation reported if assessed,12,no suicidal ideation,"psych,risk"
psych-sleep-difficulty,Psychiatry / Mental Health,psych-sleep-difficulty-n13,relevant_negatives,no self-harm thoughts reported if assessed,13,no self-harm,"psych,risk"
psych-sleep-difficulty,Psychiatry / Mental Health,psych-sleep-difficulty-n14,relevant_negatives,no psychotic symptoms reported if assessed,14,no psychosis,psych
psych-sleep-difficulty,Psychiatry / Mental Health,psych-sleep-difficulty-n15,relevant_negatives,no manic symptoms reported if assessed,15,"no mania, no elevated mood",psych
psych-sleep-difficulty,Psychiatry / Mental Health,psych-sleep-difficulty-n16,relevant_negatives,no substance misuse reported if assessed,16,no substance misuse,"psych,substance"
psych-sleep-difficulty,Psychiatry / Mental Health,psych-sleep-difficulty-n17,relevant_negatives,no excessive daytime sleep attacks reported if assessed,17,"no sleep attacks, no narcolepsy","psych,sleep"
psych-sleep-difficulty,Psychiatry / Mental Health,psych-sleep-difficulty-e18,exam_findings,mood documented if assessed,18,"mood, subjective","psych,MSE"
psych-sleep-difficulty,Psychiatry / Mental Health,psych-sleep-difficulty-e19,exam_findings,affect documented if assessed,19,"affect, range","psych,MSE"
psych-sleep-difficulty,Psychiatry / Mental Health,psych-sleep-difficulty-e20,exam_findings,anxiety symptoms documented if assessed,20,anxiety level,"psych,MSE"
psych-sleep-difficulty,Psychiatry / Mental Health,psych-sleep-difficulty-e21,exam_findings,sleep pattern documented,21,"sleep pattern, hours, schedule","psych,MSE"
psych-sleep-difficulty,Psychiatry / Mental Health,psych-sleep-difficulty-e22,exam_findings,daytime function documented,22,"daytime function, impact","psych,MSE"
psych-sleep-difficulty,Psychiatry / Mental Health,psych-sleep-difficulty-e23,exam_findings,risk assessment documented if assessed,23,"risk assessment, safety","psych,MSE,risk"
psych-sleep-difficulty,Psychiatry / Mental Health,psych-sleep-difficulty-r24,red_flags,suicidal ideation,24,suicidal ideation,"psych,risk,high_safety"
psych-sleep-difficulty,Psychiatry / Mental Health,psych-sleep-difficulty-r25,red_flags,severe functional impairment,25,severe impairment,"psych,high_safety"
psych-sleep-difficulty,Psychiatry / Mental Health,psych-sleep-difficulty-r26,red_flags,manic symptoms,26,"manic symptoms, reduced need for sleep","psych,high_safety"
psych-sleep-difficulty,Psychiatry / Mental Health,psych-sleep-difficulty-r27,red_flags,psychotic symptoms,27,psychosis,"psych,high_safety"
psych-sleep-difficulty,Psychiatry / Mental Health,psych-sleep-difficulty-r28,red_flags,substance misuse concern,28,substance misuse,"psych,substance,high_safety"
psych-sleep-difficulty,Psychiatry / Mental Health,psych-sleep-difficulty-r29,red_flags,sleep-related breathing concern if clinically relevant,29,"sleep apnea, breathing during sleep","psych,sleep,high_safety"
psych-sleep-difficulty,Psychiatry / Mental Health,psych-sleep-difficulty-p30,plan_phrases,management plan discussed,30,management plan,"plan,psych"
psych-sleep-difficulty,Psychiatry / Mental Health,psych-sleep-difficulty-p31,plan_phrases,sleep hygiene advice discussed as per clinician plan,31,"sleep hygiene, bedtime routine","plan,psych,sleep"
psych-sleep-difficulty,Psychiatry / Mental Health,psych-sleep-difficulty-p32,plan_phrases,referral discussed as per clinician plan,32,"referral, sleep clinic, psychology","plan,psych"
psych-sleep-difficulty,Psychiatry / Mental Health,psych-sleep-difficulty-p33,plan_phrases,patient questions addressed,33,"questions answered, concerns addressed","plan,psych"
psych-sleep-difficulty,Psychiatry / Mental Health,psych-sleep-difficulty-f34,follow_up,1-2 weeks to review response,34,1-2 weeks,"followup,psych"
psych-sleep-difficulty,Psychiatry / Mental Health,psych-sleep-difficulty-f35,follow_up,sooner if worsening,35,"sooner, PRN","followup,psych"
psych-stress-symptoms,Psychiatry / Mental Health,psych-stress-symptoms-s1,symptoms,stress-related symptoms,1,"stress, overwhelmed",psych
psych-stress-symptoms,Psychiatry / Mental Health,psych-stress-symptoms-s2,symptoms,work stress documented,2,"work stress, job stress, pressure",psych
psych-stress-symptoms,Psychiatry / Mental Health,psych-stress-symptoms-s3,symptoms,family or social stress documented,3,"family stress, relationship stress, social",psych
psych-stress-symptoms,Psychiatry / Mental Health,psych-stress-symptoms-s4,symptoms,adjustment difficulty,4,"adjustment difficulty, coping less",psych
psych-stress-symptoms,Psychiatry / Mental Health,psych-stress-symptoms-s5,symptoms,irritability,5,"irritability, short tempered",psych
psych-stress-symptoms,Psychiatry / Mental Health,psych-stress-symptoms-s6,symptoms,fatigue,6,"fatigue, exhaustion",psych
psych-stress-symptoms,Psychiatry / Mental Health,psych-stress-symptoms-s7,symptoms,sleep disturbance,7,"sleep disturbance, insomnia",psych
psych-stress-symptoms,Psychiatry / Mental Health,psych-stress-symptoms-s8,symptoms,poor concentration,8,"poor concentration, difficulty focusing",psych
psych-stress-symptoms,Psychiatry / Mental Health,psych-stress-symptoms-s9,symptoms,somatic symptoms documented if reported,9,"somatic symptoms, headache, stomach, tension",psych
psych-stress-symptoms,Psychiatry / Mental Health,psych-stress-symptoms-s10,symptoms,functional impact documented,10,"functional impact, work, social, home",psych
psych-stress-symptoms,Psychiatry / Mental Health,psych-stress-symptoms-s11,symptoms,duration documented,11,"duration, how long",general
psych-stress-symptoms,Psychiatry / Mental Health,psych-stress-symptoms-n12,relevant_negatives,no suicidal ideation reported if assessed,12,no suicidal ideation,"psych,risk"
psych-stress-symptoms,Psychiatry / Mental Health,psych-stress-symptoms-n13,relevant_negatives,no self-harm thoughts reported if assessed,13,no self-harm,"psych,risk"
psych-stress-symptoms,Psychiatry / Mental Health,psych-stress-symptoms-n14,relevant_negatives,no thoughts of harm to others reported if assessed,14,no harm to others,"psych,risk"
psych-stress-symptoms,Psychiatry / Mental Health,psych-stress-symptoms-n15,relevant_negatives,no psychotic symptoms reported if assessed,15,no psychosis,psych
psych-stress-symptoms,Psychiatry / Mental Health,psych-stress-symptoms-n16,relevant_negatives,no substance misuse reported if assessed,16,no substance misuse,"psych,substance"
psych-stress-symptoms,Psychiatry / Mental Health,psych-stress-symptoms-n17,relevant_negatives,no severe functional impairment reported if assessed,17,no severe impairment,psych
psych-stress-symptoms,Psychiatry / Mental Health,psych-stress-symptoms-e18,exam_findings,mood documented if assessed,18,"mood, subjective","psych,MSE"
psych-stress-symptoms,Psychiatry / Mental Health,psych-stress-symptoms-e19,exam_findings,affect documented if assessed,19,"affect, range","psych,MSE"
psych-stress-symptoms,Psychiatry / Mental Health,psych-stress-symptoms-e20,exam_findings,behavior documented if assessed,20,"behavior, agitation, eye contact","psych,MSE"
psych-stress-symptoms,Psychiatry / Mental Health,psych-stress-symptoms-e21,exam_findings,speech documented if assessed,21,"speech rate, volume","psych,MSE"
psych-stress-symptoms,Psychiatry / Mental Health,psych-stress-symptoms-e22,exam_findings,thought content documented if assessed,22,"thought content, stress themes, worry","psych,MSE"
psych-stress-symptoms,Psychiatry / Mental Health,psych-stress-symptoms-e23,exam_findings,risk assessment documented if assessed,23,"risk assessment, safety","psych,MSE,risk"
psych-stress-symptoms,Psychiatry / Mental Health,psych-stress-symptoms-e24,exam_findings,coping and supports documented if assessed,24,"coping, supports, social support","psych,MSE"
psych-stress-symptoms,Psychiatry / Mental Health,psych-stress-symptoms-r25,red_flags,suicidal ideation,25,suicidal ideation,"psych,risk,high_safety"
psych-stress-symptoms,Psychiatry / Mental Health,psych-stress-symptoms-r26,red_flags,self-harm thoughts,26,self-harm thoughts,"psych,risk,high_safety"
psych-stress-symptoms,Psychiatry / Mental Health,psych-stress-symptoms-r27,red_flags,thoughts of harm to others,27,harm to others,"psych,risk,high_safety"
psych-stress-symptoms,Psychiatry / Mental Health,psych-stress-symptoms-r28,red_flags,severe functional impairment,28,severe impairment,"psych,high_safety"
psych-stress-symptoms,Psychiatry / Mental Health,psych-stress-symptoms-r29,red_flags,safeguarding concern,29,"safeguarding, vulnerable","psych,high_safety"
psych-stress-symptoms,Psychiatry / Mental Health,psych-stress-symptoms-r30,red_flags,substance misuse concern,30,substance misuse,"psych,substance,high_safety"
psych-stress-symptoms,Psychiatry / Mental Health,psych-stress-symptoms-p31,plan_phrases,management plan discussed,31,management plan,"plan,psych"
psych-stress-symptoms,Psychiatry / Mental Health,psych-stress-symptoms-p32,plan_phrases,safety discussion documented as per clinician assessment,32,safety discussion,"plan,psych,risk"
psych-stress-symptoms,Psychiatry / Mental Health,psych-stress-symptoms-p33,plan_phrases,stress management strategies discussed as per clinician plan,33,"stress management, coping strategies","plan,psych"
psych-stress-symptoms,Psychiatry / Mental Health,psych-stress-symptoms-p34,plan_phrases,support options discussed as per clinician plan,34,"support, therapy, counseling","plan,psych"
psych-stress-symptoms,Psychiatry / Mental Health,psych-stress-symptoms-p35,plan_phrases,referral discussed as per clinician plan,35,"referral, mental health","plan,psych"
psych-stress-symptoms,Psychiatry / Mental Health,psych-stress-symptoms-p36,plan_phrases,patient questions addressed,36,"questions answered, concerns addressed","plan,psych"
psych-stress-symptoms,Psychiatry / Mental Health,psych-stress-symptoms-f37,follow_up,1-2 weeks,37,1-2 weeks,"followup,psych"
psych-stress-symptoms,Psychiatry / Mental Health,psych-stress-symptoms-f38,follow_up,sooner if worsening,38,"sooner, PRN","followup,psych"
psych-stress-symptoms,Psychiatry / Mental Health,psych-stress-symptoms-f39,follow_up,sooner if suicidal ideation or severe distress,39,"suicidal ideation, severe distress","followup,psych,risk,high_safety"
psych-panic-symptoms,Psychiatry / Mental Health,psych-panic-symptoms-s1,symptoms,panic episodes,1,"panic episodes, panic attacks",psych
psych-panic-symptoms,Psychiatry / Mental Health,psych-panic-symptoms-s2,symptoms,sudden intense anxiety,2,"sudden anxiety, acute anxiety",psych
psych-panic-symptoms,Psychiatry / Mental Health,psych-panic-symptoms-s3,symptoms,palpitations,3,"palpitations, racing heart",psych
psych-panic-symptoms,Psychiatry / Mental Health,psych-panic-symptoms-s4,symptoms,shortness of breath sensation,4,"shortness of breath, smothering",psych
psych-panic-symptoms,Psychiatry / Mental Health,psych-panic-symptoms-s5,symptoms,chest tightness,5,"chest tightness, chest pressure",psych
psych-panic-symptoms,Psychiatry / Mental Health,psych-panic-symptoms-s6,symptoms,trembling,6,"trembling, shaking",psych
psych-panic-symptoms,Psychiatry / Mental Health,psych-panic-symptoms-s7,symptoms,sweating,7,"sweating, perspiration",psych
psych-panic-symptoms,Psychiatry / Mental Health,psych-panic-symptoms-s8,symptoms,dizziness,8,"dizziness, lightheaded",psych
psych-panic-symptoms,Psychiatry / Mental Health,psych-panic-symptoms-s9,symptoms,fear of losing control,9,"fear losing control, derealization",psych
psych-panic-symptoms,Psychiatry / Mental Health,psych-panic-symptoms-s10,symptoms,avoidance after episodes,10,"avoidance, agoraphobia pattern",psych
psych-panic-symptoms,Psychiatry / Mental Health,psych-panic-symptoms-s11,symptoms,triggers documented if known,11,"triggers, situations, places",psych
psych-panic-symptoms,Psychiatry / Mental Health,psych-panic-symptoms-s12,symptoms,duration documented,12,"duration, how long",general
psych-panic-symptoms,Psychiatry / Mental Health,psych-panic-symptoms-n13,relevant_negatives,no syncope reported,13,"no syncope, no fainting",psych
psych-panic-symptoms,Psychiatry / Mental Health,psych-panic-symptoms-n14,relevant_negatives,no persistent chest pain reported if assessed,14,no persistent chest pain,"psych,cardiovascular"
psych-panic-symptoms,Psychiatry / Mental Health,psych-panic-symptoms-n15,relevant_negatives,no focal neurological symptoms reported if assessed,15,"no neuro symptoms, no focal weakness","psych,neuro"
psych-panic-symptoms,Psychiatry / Mental Health,psych-panic-symptoms-n16,relevant_negatives,no suicidal ideation reported if assessed,16,no suicidal ideation,"psych,risk"
psych-panic-symptoms,Psychiatry / Mental Health,psych-panic-symptoms-n17,relevant_negatives,no self-harm thoughts reported if assessed,17,no self-harm,"psych,risk"
psych-panic-symptoms,Psychiatry / Mental Health,psych-panic-symptoms-n18,relevant_negatives,no psychotic symptoms reported if assessed,18,no psychosis,psych
psych-panic-symptoms,Psychiatry / Mental Health,psych-panic-symptoms-e19,exam_findings,appearance documented if assessed,19,"appearance, grooming","psych,MSE"
psych-panic-symptoms,Psychiatry / Mental Health,psych-panic-symptoms-e20,exam_findings,behavior documented if assessed,20,"behavior, restlessness, agitation","psych,MSE"
psych-panic-symptoms,Psychiatry / Mental Health,psych-panic-symptoms-e21,exam_findings,speech documented if assessed,21,"speech rate, volume","psych,MSE"
psych-panic-symptoms,Psychiatry / Mental Health,psych-panic-symptoms-e22,exam_findings,mood and anxiety documented if assessed,22,"mood, anxiety level","psych,MSE"
psych-panic-symptoms,Psychiatry / Mental Health,psych-panic-symptoms-e23,exam_findings,affect documented if assessed,23,"affect, range","psych,MSE"
psych-panic-symptoms,Psychiatry / Mental Health,psych-panic-symptoms-e24,exam_findings,thought content documented if assessed,24,"thought content, panic themes","psych,MSE"
psych-panic-symptoms,Psychiatry / Mental Health,psych-panic-symptoms-e25,exam_findings,risk assessment documented if assessed,25,"risk assessment, safety","psych,MSE,risk"
psych-panic-symptoms,Psychiatry / Mental Health,psych-panic-symptoms-r26,red_flags,chest pain,26,chest pain,"psych,cardiovascular,high_safety"
psych-panic-symptoms,Psychiatry / Mental Health,psych-panic-symptoms-r27,red_flags,syncope,27,"syncope, fainting episodes","psych,high_safety"
psych-panic-symptoms,Psychiatry / Mental Health,psych-panic-symptoms-r28,red_flags,focal neurological symptoms,28,"focal neuro symptoms, weakness, numbness","psych,neuro,high_safety"
psych-panic-symptoms,Psychiatry / Mental Health,psych-panic-symptoms-r29,red_flags,suicidal ideation,29,suicidal ideation,"psych,risk,high_safety"
psych-panic-symptoms,Psychiatry / Mental Health,psych-panic-symptoms-r30,red_flags,self-harm thoughts,30,self-harm thoughts,"psych,risk,high_safety"
psych-panic-symptoms,Psychiatry / Mental Health,psych-panic-symptoms-r31,red_flags,severe functional impairment,31,severe impairment,"psych,high_safety"
psych-panic-symptoms,Psychiatry / Mental Health,psych-panic-symptoms-r32,red_flags,substance misuse concern,32,substance misuse,"psych,substance,high_safety"
psych-panic-symptoms,Psychiatry / Mental Health,psych-panic-symptoms-p33,plan_phrases,management plan discussed,33,management plan,"plan,psych"
psych-panic-symptoms,Psychiatry / Mental Health,psych-panic-symptoms-p34,plan_phrases,safety discussion documented as per clinician assessment,34,safety discussion,"plan,psych,risk"
psych-panic-symptoms,Psychiatry / Mental Health,psych-panic-symptoms-p35,plan_phrases,breathing and grounding techniques discussed as per clinician plan,35,"breathing, grounding, relaxation","plan,psych"
psych-panic-symptoms,Psychiatry / Mental Health,psych-panic-symptoms-p36,plan_phrases,support options discussed as per clinician plan,36,"support, therapy, counseling","plan,psych"
psych-panic-symptoms,Psychiatry / Mental Health,psych-panic-symptoms-p37,plan_phrases,referral discussed as per clinician plan,37,"referral, mental health, CBT, psychology","plan,psych"
psych-panic-symptoms,Psychiatry / Mental Health,psych-panic-symptoms-p38,plan_phrases,patient questions addressed,38,"questions answered, concerns addressed","plan,psych"
psych-panic-symptoms,Psychiatry / Mental Health,psych-panic-symptoms-f39,follow_up,1-2 weeks,39,1-2 weeks,"followup,psych"
psych-panic-symptoms,Psychiatry / Mental Health,psych-panic-symptoms-f40,follow_up,sooner if worsening,40,"sooner, PRN","followup,psych"
psych-panic-symptoms,Psychiatry / Mental Health,psych-panic-symptoms-f41,follow_up,sooner if suicidal ideation or severe distress,41,"suicidal ideation, severe distress","followup,psych,risk,high_safety"
psych-medication-followup,Psychiatry / Mental Health,psych-medication-followup-s1,symptoms,medication follow-up,1,"medication follow-up, medication review","psych,pharm"
psych-medication-followup,Psychiatry / Mental Health,psych-medication-followup-s2,symptoms,adherence discussed,2,"adherence, taking medication, compliance","psych,pharm"
psych-medication-followup,Psychiatry / Mental Health,psych-medication-followup-s3,symptoms,response to medication documented,3,"response, improvement, benefit","psych,pharm"
psych-medication-followup,Psychiatry / Mental Health,psych-medication-followup-s4,symptoms,side effects reviewed,4,"side effects, adverse effects, tolerability","psych,pharm"
psych-medication-followup,Psychiatry / Mental Health,psych-medication-followup-s5,symptoms,missed doses discussed,5,"missed doses, skipped doses, irregular","psych,pharm"
psych-medication-followup,Psychiatry / Mental Health,psych-medication-followup-s6,symptoms,patient concerns documented,6,"patient concerns, medication worry","psych,pharm"
psych-medication-followup,Psychiatry / Mental Health,psych-medication-followup-s7,symptoms,sleep or appetite or mood changes reviewed,7,"sleep, appetite, mood changes","psych,pharm"
psych-medication-followup,Psychiatry / Mental Health,psych-medication-followup-s8,symptoms,functional status reviewed,8,"functional status, work, social","psych,pharm"
psych-medication-followup,Psychiatry / Mental Health,psych-medication-followup-s9,symptoms,patient questions addressed,9,patient questions answered,"plan,psych"
psych-medication-followup,Psychiatry / Mental Health,psych-medication-followup-n10,relevant_negatives,no suicidal ideation reported if assessed,10,no suicidal ideation,"psych,risk"
psych-medication-followup,Psychiatry / Mental Health,psych-medication-followup-n11,relevant_negatives,no self-harm thoughts reported if assessed,11,no self-harm,"psych,risk"
psych-medication-followup,Psychiatry / Mental Health,psych-medication-followup-n12,relevant_negatives,no thoughts of harm to others reported if assessed,12,no harm to others,"psych,risk"
psych-medication-followup,Psychiatry / Mental Health,psych-medication-followup-n13,relevant_negatives,no severe side effects reported if assessed,13,no severe side effects,"psych,pharm"
psych-medication-followup,Psychiatry / Mental Health,psych-medication-followup-n14,relevant_negatives,no allergic reaction symptoms reported if assessed,14,"no allergic reaction, no rash, no angioedema","psych,pharm"
psych-medication-followup,Psychiatry / Mental Health,psych-medication-followup-n15,relevant_negatives,no substance misuse reported if assessed,15,no substance misuse,"psych,substance"
psych-medication-followup,Psychiatry / Mental Health,psych-medication-followup-e16,exam_findings,mood documented if assessed,16,"mood, subjective","psych,MSE"
psych-medication-followup,Psychiatry / Mental Health,psych-medication-followup-e17,exam_findings,affect documented if assessed,17,"affect, range","psych,MSE"
psych-medication-followup,Psychiatry / Mental Health,psych-medication-followup-e18,exam_findings,behavior documented if assessed,18,"behavior, engagement, eye contact","psych,MSE"
psych-medication-followup,Psychiatry / Mental Health,psych-medication-followup-e19,exam_findings,thought content documented if assessed,19,thought content,"psych,MSE"
psych-medication-followup,Psychiatry / Mental Health,psych-medication-followup-e20,exam_findings,risk assessment documented if assessed,20,"risk assessment, safety","psych,MSE,risk"
psych-medication-followup,Psychiatry / Mental Health,psych-medication-followup-e21,exam_findings,medication tolerability documented,21,"tolerability, tolerating well","psych,MSE,pharm"
psych-medication-followup,Psychiatry / Mental Health,psych-medication-followup-e22,exam_findings,adherence documented,22,"adherence, compliant, taking regularly","psych,MSE,pharm"
psych-medication-followup,Psychiatry / Mental Health,psych-medication-followup-i23,investigations,labs reviewed if ordered by clinician,23,"labs, blood tests, LFT, FBC","psych,investigations"
psych-medication-followup,Psychiatry / Mental Health,psych-medication-followup-i24,investigations,medication monitoring reviewed if applicable,24,"medication monitoring, therapeutic levels","psych,investigations"
psych-medication-followup,Psychiatry / Mental Health,psych-medication-followup-i25,investigations,previous notes reviewed if available,25,"previous notes, old records","psych,investigations"
psych-medication-followup,Psychiatry / Mental Health,psych-medication-followup-r26,red_flags,suicidal ideation,26,suicidal ideation,"psych,risk,high_safety"
psych-medication-followup,Psychiatry / Mental Health,psych-medication-followup-r27,red_flags,self-harm thoughts,27,self-harm thoughts,"psych,risk,high_safety"
psych-medication-followup,Psychiatry / Mental Health,psych-medication-followup-r28,red_flags,thoughts of harm to others,28,harm to others,"psych,risk,high_safety"
psych-medication-followup,Psychiatry / Mental Health,psych-medication-followup-r29,red_flags,severe side effects concern,29,"severe side effects, serious adverse","psych,pharm,high_safety"
psych-medication-followup,Psychiatry / Mental Health,psych-medication-followup-r30,red_flags,allergic reaction concern,30,"allergic reaction, rash, swelling","psych,pharm,high_safety"
psych-medication-followup,Psychiatry / Mental Health,psych-medication-followup-r31,red_flags,worsening symptoms,31,"worsening symptoms, deteriorating","psych,high_safety"
psych-medication-followup,Psychiatry / Mental Health,psych-medication-followup-r32,red_flags,severe agitation,32,"severe agitation, acute distress","psych,high_safety"
psych-medication-followup,Psychiatry / Mental Health,psych-medication-followup-r33,red_flags,psychotic symptoms,33,"psychosis, hallucinations","psych,high_safety"
psych-medication-followup,Psychiatry / Mental Health,psych-medication-followup-p34,plan_phrases,management plan discussed,34,management plan,"plan,psych"
psych-medication-followup,Psychiatry / Mental Health,psych-medication-followup-p35,plan_phrases,safety discussion documented as per clinician assessment,35,safety discussion,"plan,psych,risk"
psych-medication-followup,Psychiatry / Mental Health,psych-medication-followup-p36,plan_phrases,medication adherence discussed as per clinician plan,36,adherence discussed,"plan,psych,pharm"
psych-medication-followup,Psychiatry / Mental Health,psych-medication-followup-p37,plan_phrases,side effects reviewed as per clinician plan,37,side effects review,"plan,psych,pharm"
psych-medication-followup,Psychiatry / Mental Health,psych-medication-followup-p38,plan_phrases,medication adjustment discussed as per clinician plan,38,"medication adjustment, dose change, switch","plan,psych,pharm"
psych-medication-followup,Psychiatry / Mental Health,psych-medication-followup-p39,plan_phrases,referral discussed as per clinician plan,39,"referral, psychiatry","plan,psych"
psych-medication-followup,Psychiatry / Mental Health,psych-medication-followup-p40,plan_phrases,patient questions addressed,40,questions answered,"plan,psych"
psych-medication-followup,Psychiatry / Mental Health,psych-medication-followup-f41,follow_up,2-4 weeks for medication review,41,2-4 weeks,"followup,psych"
psych-medication-followup,Psychiatry / Mental Health,psych-medication-followup-f42,follow_up,sooner if worsening or side effects,42,"sooner, PRN","followup,psych"
psych-medication-followup,Psychiatry / Mental Health,psych-medication-followup-f43,follow_up,sooner if suicidal ideation or severe distress,43,"suicidal ideation, severe distress","followup,psych,risk,high_safety"
urgent-minor-trauma,Emergency / Urgent Care,urgent-minor-trauma-symptoms-1,symptoms,minor trauma,1,"minor, trauma",urgent_care
urgent-minor-trauma,Emergency / Urgent Care,urgent-minor-trauma-symptoms-2,symptoms,pain at injury site,2,"pain, at, injury, site",urgent_care
urgent-minor-trauma,Emergency / Urgent Care,urgent-minor-trauma-symptoms-3,symptoms,swelling,3,swelling,urgent_care
urgent-minor-trauma,Emergency / Urgent Care,urgent-minor-trauma-symptoms-4,symptoms,bruising,4,bruising,urgent_care
urgent-minor-trauma,Emergency / Urgent Care,urgent-minor-trauma-symptoms-5,symptoms,reduced movement,5,"reduced, movement",urgent_care
urgent-minor-trauma,Emergency / Urgent Care,urgent-minor-trauma-symptoms-6,symptoms,mechanism documented,6,"mechanism, documented",urgent_care
urgent-minor-trauma,Emergency / Urgent Care,urgent-minor-trauma-symptoms-7,symptoms,time of injury documented,7,"time, of, injury, documented",urgent_care
urgent-minor-trauma,Emergency / Urgent Care,urgent-minor-trauma-relevant_negatives-1,relevant_negatives,no loss of consciousness,1,"no, loss, of, consciousness",urgent_care
urgent-minor-trauma,Emergency / Urgent Care,urgent-minor-trauma-relevant_negatives-2,relevant_negatives,no neurovascular compromise,2,"no, neurovascular, compromise",urgent_care
urgent-minor-trauma,Emergency / Urgent Care,urgent-minor-trauma-relevant_negatives-3,relevant_negatives,no open wound,3,"no, open, wound",urgent_care
urgent-minor-trauma,Emergency / Urgent Care,urgent-minor-trauma-relevant_negatives-4,relevant_negatives,no deformity,4,"no, deformity",urgent_care
urgent-minor-trauma,Emergency / Urgent Care,urgent-minor-trauma-relevant_negatives-5,relevant_negatives,no severe pain,5,"no, severe, pain",urgent_care
urgent-minor-trauma,Emergency / Urgent Care,urgent-minor-trauma-exam_findings-1,exam_findings,inspection documented if assessed,1,"inspection, documented, if, assessed",urgent_care
urgent-minor-trauma,Emergency / Urgent Care,urgent-minor-trauma-exam_findings-2,exam_findings,tenderness documented if assessed,2,"tenderness, documented, if, assessed",urgent_care
urgent-minor-trauma,Emergency / Urgent Care,urgent-minor-trauma-exam_findings-3,exam_findings,swelling documented if assessed,3,"swelling, documented, if, assessed",urgent_care
urgent-minor-trauma,Emergency / Urgent Care,urgent-minor-trauma-exam_findings-4,exam_findings,bruising documented if assessed,4,"bruising, documented, if, assessed",urgent_care
urgent-minor-trauma,Emergency / Urgent Care,urgent-minor-trauma-exam_findings-5,exam_findings,range of motion documented if assessed,5,"range, of, motion, documented",urgent_care
urgent-minor-trauma,Emergency / Urgent Care,urgent-minor-trauma-exam_findings-6,exam_findings,neurovascular status documented if assessed,6,"neurovascular, status, documented, if",urgent_care
urgent-minor-trauma,Emergency / Urgent Care,urgent-minor-trauma-red_flags-1,red_flags,neurovascular compromise,1,"neurovascular, compromise",urgent_care
urgent-minor-trauma,Emergency / Urgent Care,urgent-minor-trauma-red_flags-2,red_flags,deformity,2,deformity,urgent_care
urgent-minor-trauma,Emergency / Urgent Care,urgent-minor-trauma-red_flags-3,red_flags,open wound,3,"open, wound",urgent_care
urgent-minor-trauma,Emergency / Urgent Care,urgent-minor-trauma-red_flags-4,red_flags,severe uncontrolled pain,4,"severe, uncontrolled, pain",urgent_care
urgent-minor-trauma,Emergency / Urgent Care,urgent-minor-trauma-red_flags-5,red_flags,loss of consciousness if head injury,5,"loss, of, consciousness, if",urgent_care
urgent-minor-trauma,Emergency / Urgent Care,urgent-minor-trauma-investigations-1,investigations,X-ray reviewed if ordered,1,"X-ray, reviewed, if, ordered",urgent_care
urgent-minor-trauma,Emergency / Urgent Care,urgent-minor-trauma-investigations-2,investigations,imaging reviewed if available,2,"imaging, reviewed, if, available",urgent_care
urgent-minor-trauma,Emergency / Urgent Care,urgent-minor-trauma-investigations-3,investigations,previous records reviewed if available,3,"previous, records, reviewed, if",urgent_care
urgent-minor-trauma,Emergency / Urgent Care,urgent-minor-trauma-plan_phrases-1,plan_phrases,injury advice documented if discussed,1,"injury, advice, documented, if",urgent_care
urgent-minor-trauma,Emergency / Urgent Care,urgent-minor-trauma-plan_phrases-2,plan_phrases,analgesia plan documented if clinician decided,2,"analgesia, plan, documented, if",urgent_care
urgent-minor-trauma,Emergency / Urgent Care,urgent-minor-trauma-plan_phrases-3,plan_phrases,immobilization or splinting documented if clinician decided,3,"immobilization, or, splinting, documented",urgent_care
urgent-minor-trauma,Emergency / Urgent Care,urgent-minor-trauma-plan_phrases-4,plan_phrases,follow-up documented if arranged,4,"follow-up, documented, if, arranged",urgent_care
urgent-minor-trauma,Emergency / Urgent Care,urgent-minor-trauma-plan_phrases-5,plan_phrases,return precautions documented if discussed,5,"return, precautions, documented, if",urgent_care
urgent-minor-trauma,Emergency / Urgent Care,urgent-minor-trauma-follow_up-1,follow_up,follow-up in 1 week if not improving,1,"follow-up, in, 1, week",urgent_care
urgent-minor-trauma,Emergency / Urgent Care,urgent-minor-trauma-follow_up-2,follow_up,return sooner if worsening,2,"return, sooner, if, worsening",urgent_care
urgent-minor-trauma,Emergency / Urgent Care,urgent-minor-trauma-follow_up-3,follow_up,wound check documented if arranged,3,"wound, check, documented, if",urgent_care
urgent-minor-trauma,Emergency / Urgent Care,urgent-minor-trauma-follow_up-4,follow_up,physiotherapy referral documented if arranged,4,"physiotherapy, referral, documented, if",urgent_care
urgent-wound-care-laceration,Emergency / Urgent Care,urgent-wound-care-laceration-symptoms-1,symptoms,wound,1,wound,urgent_care
urgent-wound-care-laceration,Emergency / Urgent Care,urgent-wound-care-laceration-symptoms-2,symptoms,laceration,2,laceration,urgent_care
urgent-wound-care-laceration,Emergency / Urgent Care,urgent-wound-care-laceration-symptoms-3,symptoms,cut wound,3,"cut, wound",urgent_care
urgent-wound-care-laceration,Emergency / Urgent Care,urgent-wound-care-laceration-symptoms-4,symptoms,wound location documented,4,"wound, location, documented",urgent_care
urgent-wound-care-laceration,Emergency / Urgent Care,urgent-wound-care-laceration-symptoms-5,symptoms,bleeding documented,5,"bleeding, documented",urgent_care
urgent-wound-care-laceration,Emergency / Urgent Care,urgent-wound-care-laceration-symptoms-6,symptoms,mechanism documented,6,"mechanism, documented",urgent_care
urgent-wound-care-laceration,Emergency / Urgent Care,urgent-wound-care-laceration-symptoms-7,symptoms,time of injury documented,7,"time, of, injury, documented",urgent_care
urgent-wound-care-laceration,Emergency / Urgent Care,urgent-wound-care-laceration-relevant_negatives-1,relevant_negatives,no neurovascular compromise,1,"no, neurovascular, compromise",urgent_care
urgent-wound-care-laceration,Emergency / Urgent Care,urgent-wound-care-laceration-relevant_negatives-2,relevant_negatives,no tendon injury suspected,2,"no, tendon, injury, suspected",urgent_care
urgent-wound-care-laceration,Emergency / Urgent Care,urgent-wound-care-laceration-relevant_negatives-3,relevant_negatives,no foreign body suspected,3,"no, foreign, body, suspected",urgent_care
urgent-wound-care-laceration,Emergency / Urgent Care,urgent-wound-care-laceration-relevant_negatives-4,relevant_negatives,no active bleeding,4,"no, active, bleeding",urgent_care
urgent-wound-care-laceration,Emergency / Urgent Care,urgent-wound-care-laceration-relevant_negatives-5,relevant_negatives,no wound infection signs,5,"no, wound, infection, signs",urgent_care
urgent-wound-care-laceration,Emergency / Urgent Care,urgent-wound-care-laceration-exam_findings-1,exam_findings,wound size documented if assessed,1,"wound, size, documented, if",urgent_care
urgent-wound-care-laceration,Emergency / Urgent Care,urgent-wound-care-laceration-exam_findings-2,exam_findings,wound depth documented if assessed,2,"wound, depth, documented, if",urgent_care
urgent-wound-care-laceration,Emergency / Urgent Care,urgent-wound-care-laceration-exam_findings-3,exam_findings,wound edges documented if assessed,3,"wound, edges, documented, if",urgent_care
urgent-wound-care-laceration,Emergency / Urgent Care,urgent-wound-care-laceration-exam_findings-4,exam_findings,contamination documented if assessed,4,"contamination, documented, if, assessed",urgent_care
urgent-wound-care-laceration,Emergency / Urgent Care,urgent-wound-care-laceration-exam_findings-5,exam_findings,foreign body concern documented if assessed,5,"foreign, body, concern, documented",urgent_care
urgent-wound-care-laceration,Emergency / Urgent Care,urgent-wound-care-laceration-exam_findings-6,exam_findings,tetanus status reviewed if relevant,6,"tetanus, status, reviewed, if",urgent_care
urgent-wound-care-laceration,Emergency / Urgent Care,urgent-wound-care-laceration-exam_findings-7,exam_findings,neurovascular status documented if assessed,7,"neurovascular, status, documented, if",urgent_care
urgent-wound-care-laceration,Emergency / Urgent Care,urgent-wound-care-laceration-red_flags-1,red_flags,neurovascular compromise,1,"neurovascular, compromise",urgent_care
urgent-wound-care-laceration,Emergency / Urgent Care,urgent-wound-care-laceration-red_flags-2,red_flags,tendon involvement,2,"tendon, involvement",urgent_care
urgent-wound-care-laceration,Emergency / Urgent Care,urgent-wound-care-laceration-red_flags-3,red_flags,deep structure involvement,3,"deep, structure, involvement",urgent_care
urgent-wound-care-laceration,Emergency / Urgent Care,urgent-wound-care-laceration-red_flags-4,red_flags,retained foreign body,4,"retained, foreign, body",urgent_care
urgent-wound-care-laceration,Emergency / Urgent Care,urgent-wound-care-laceration-red_flags-5,red_flags,infection signs,5,"infection, signs",urgent_care
urgent-wound-care-laceration,Emergency / Urgent Care,urgent-wound-care-laceration-investigations-1,investigations,X-ray reviewed if ordered,1,"X-ray, reviewed, if, ordered",urgent_care
urgent-wound-care-laceration,Emergency / Urgent Care,urgent-wound-care-laceration-investigations-2,investigations,imaging reviewed if available,2,"imaging, reviewed, if, available",urgent_care
urgent-wound-care-laceration,Emergency / Urgent Care,urgent-wound-care-laceration-investigations-3,investigations,foreign body series reviewed if ordered,3,"foreign, body, series, reviewed",urgent_care
urgent-wound-care-laceration,Emergency / Urgent Care,urgent-wound-care-laceration-plan_phrases-1,plan_phrases,wound care advice documented if discussed,1,"wound, care, advice, documented",urgent_care
urgent-wound-care-laceration,Emergency / Urgent Care,urgent-wound-care-laceration-plan_phrases-2,plan_phrases,wound closure documented if performed,2,"wound, closure, documented, if",urgent_care
urgent-wound-care-laceration,Emergency / Urgent Care,urgent-wound-care-laceration-plan_phrases-3,plan_phrases,dressing documented if applied,3,"dressing, documented, if, applied",urgent_care
urgent-wound-care-laceration,Emergency / Urgent Care,urgent-wound-care-laceration-plan_phrases-4,plan_phrases,closure or suture plan documented if clinician decided,4,"closure, or, suture, plan",urgent_care
urgent-wound-care-laceration,Emergency / Urgent Care,urgent-wound-care-laceration-plan_phrases-5,plan_phrases,tetanus prophylaxis documented if given,5,"tetanus, prophylaxis, documented, if",urgent_care
urgent-wound-care-laceration,Emergency / Urgent Care,urgent-wound-care-laceration-plan_phrases-6,plan_phrases,analgesia plan documented if clinician decided,6,"analgesia, plan, documented, if",urgent_care
urgent-wound-care-laceration,Emergency / Urgent Care,urgent-wound-care-laceration-plan_phrases-7,plan_phrases,antibiotic plan documented if clinician decided,7,"antibiotic, plan, documented, if",urgent_care
urgent-wound-care-laceration,Emergency / Urgent Care,urgent-wound-care-laceration-plan_phrases-8,plan_phrases,return precautions documented if discussed,8,"return, precautions, documented, if",urgent_care
urgent-wound-care-laceration,Emergency / Urgent Care,urgent-wound-care-laceration-follow_up-1,follow_up,wound check in 3-5 days,1,"wound, check, in, 3-5",urgent_care
urgent-wound-care-laceration,Emergency / Urgent Care,urgent-wound-care-laceration-follow_up-2,follow_up,suture removal documented if arranged,2,"suture, removal, documented, if",urgent_care
urgent-wound-care-laceration,Emergency / Urgent Care,urgent-wound-care-laceration-follow_up-3,follow_up,return sooner if signs of infection,3,"return, sooner, if, signs",urgent_care
urgent-wound-care-laceration,Emergency / Urgent Care,urgent-wound-care-laceration-follow_up-4,follow_up,follow-up PRN,4,"follow-up, PRN",urgent_care
urgent-burn-assessment,Emergency / Urgent Care,urgent-burn-assessment-symptoms-1,symptoms,burn,1,burn,urgent_care
urgent-burn-assessment,Emergency / Urgent Care,urgent-burn-assessment-symptoms-2,symptoms,thermal burn,2,"thermal, burn",urgent_care
urgent-burn-assessment,Emergency / Urgent Care,urgent-burn-assessment-symptoms-3,symptoms,scald,3,scald,urgent_care
urgent-burn-assessment,Emergency / Urgent Care,urgent-burn-assessment-symptoms-4,symptoms,burn mechanism documented,4,"burn, mechanism, documented",urgent_care
urgent-burn-assessment,Emergency / Urgent Care,urgent-burn-assessment-symptoms-5,symptoms,burn site documented,5,"burn, site, documented",urgent_care
urgent-burn-assessment,Emergency / Urgent Care,urgent-burn-assessment-symptoms-6,symptoms,pain at burn site,6,"pain, at, burn, site",urgent_care
urgent-burn-assessment,Emergency / Urgent Care,urgent-burn-assessment-symptoms-7,symptoms,blistering,7,blistering,urgent_care
urgent-burn-assessment,Emergency / Urgent Care,urgent-burn-assessment-symptoms-8,symptoms,redness,8,redness,urgent_care
urgent-burn-assessment,Emergency / Urgent Care,urgent-burn-assessment-relevant_negatives-1,relevant_negatives,no airway involvement,1,"no, airway, involvement",urgent_care
urgent-burn-assessment,Emergency / Urgent Care,urgent-burn-assessment-relevant_negatives-2,relevant_negatives,no inhalational injury,2,"no, inhalational, injury",urgent_care
urgent-burn-assessment,Emergency / Urgent Care,urgent-burn-assessment-relevant_negatives-3,relevant_negatives,no circumferential burn,3,"no, circumferential, burn",urgent_care
urgent-burn-assessment,Emergency / Urgent Care,urgent-burn-assessment-relevant_negatives-4,relevant_negatives,no chemical burn,4,"no, chemical, burn",urgent_care
urgent-burn-assessment,Emergency / Urgent Care,urgent-burn-assessment-relevant_negatives-5,relevant_negatives,no electrical burn,5,"no, electrical, burn",urgent_care
urgent-burn-assessment,Emergency / Urgent Care,urgent-burn-assessment-exam_findings-1,exam_findings,burn depth documented if assessed,1,"burn, depth, documented, if",urgent_care
urgent-burn-assessment,Emergency / Urgent Care,urgent-burn-assessment-exam_findings-2,exam_findings,burn size and area documented if assessed,2,"burn, size, and, area",urgent_care
urgent-burn-assessment,Emergency / Urgent Care,urgent-burn-assessment-exam_findings-3,exam_findings,burn site documented if assessed,3,"burn, site, documented, if",urgent_care
urgent-burn-assessment,Emergency / Urgent Care,urgent-burn-assessment-exam_findings-4,exam_findings,blistering documented if assessed,4,"blistering, documented, if, assessed",urgent_care
urgent-burn-assessment,Emergency / Urgent Care,urgent-burn-assessment-exam_findings-5,exam_findings,circumferential burn concern documented if assessed,5,"circumferential, burn, concern, documented",urgent_care
urgent-burn-assessment,Emergency / Urgent Care,urgent-burn-assessment-exam_findings-6,exam_findings,inhalation concern documented if assessed,6,"inhalation, concern, documented, if",urgent_care
urgent-burn-assessment,Emergency / Urgent Care,urgent-burn-assessment-exam_findings-7,exam_findings,neurovascular status documented if assessed,7,"neurovascular, status, documented, if",urgent_care
urgent-burn-assessment,Emergency / Urgent Care,urgent-burn-assessment-red_flags-1,red_flags,airway or inhalational injury,1,"airway, or, inhalational, injury",urgent_care
urgent-burn-assessment,Emergency / Urgent Care,urgent-burn-assessment-red_flags-2,red_flags,circumferential burn,2,"circumferential, burn",urgent_care
urgent-burn-assessment,Emergency / Urgent Care,urgent-burn-assessment-red_flags-3,red_flags,chemical or electrical burn,3,"chemical, or, electrical, burn",urgent_care
urgent-burn-assessment,Emergency / Urgent Care,urgent-burn-assessment-red_flags-4,red_flags,full-thickness burn,4,"full-thickness, burn",urgent_care
urgent-burn-assessment,Emergency / Urgent Care,urgent-burn-assessment-red_flags-5,red_flags,large body surface area burn,5,"large, body, surface, area",urgent_care
urgent-burn-assessment,Emergency / Urgent Care,urgent-burn-assessment-investigations-1,investigations,imaging reviewed if ordered,1,"imaging, reviewed, if, ordered",urgent_care
urgent-burn-assessment,Emergency / Urgent Care,urgent-burn-assessment-investigations-2,investigations,previous records reviewed if available,2,"previous, records, reviewed, if",urgent_care
urgent-burn-assessment,Emergency / Urgent Care,urgent-burn-assessment-plan_phrases-1,plan_phrases,burn care advice documented if discussed,1,"burn, care, advice, documented",urgent_care
urgent-burn-assessment,Emergency / Urgent Care,urgent-burn-assessment-plan_phrases-2,plan_phrases,dressing plan documented if clinician decided,2,"dressing, plan, documented, if",urgent_care
urgent-burn-assessment,Emergency / Urgent Care,urgent-burn-assessment-plan_phrases-3,plan_phrases,analgesia plan documented if clinician decided,3,"analgesia, plan, documented, if",urgent_care
urgent-burn-assessment,Emergency / Urgent Care,urgent-burn-assessment-plan_phrases-4,plan_phrases,tetanus prophylaxis documented if given,4,"tetanus, prophylaxis, documented, if",urgent_care
urgent-burn-assessment,Emergency / Urgent Care,urgent-burn-assessment-plan_phrases-5,plan_phrases,return precautions documented if discussed,5,"return, precautions, documented, if",urgent_care
urgent-burn-assessment,Emergency / Urgent Care,urgent-burn-assessment-plan_phrases-6,plan_phrases,referral or escalation documented if clinician decided,6,"referral, or, escalation, documented",urgent_care
urgent-burn-assessment,Emergency / Urgent Care,urgent-burn-assessment-follow_up-1,follow_up,follow-up documented if arranged,1,"follow-up, documented, if, arranged",urgent_care
urgent-burn-assessment,Emergency / Urgent Care,urgent-burn-assessment-follow_up-2,follow_up,dressing change in 2-3 days,2,"dressing, change, in, 2-3",urgent_care
urgent-burn-assessment,Emergency / Urgent Care,urgent-burn-assessment-follow_up-3,follow_up,return sooner if signs of infection,3,"return, sooner, if, signs",urgent_care
urgent-burn-assessment,Emergency / Urgent Care,urgent-burn-assessment-follow_up-4,follow_up,follow-up in 1 week if not improving,4,"follow-up, in, 1, week",urgent_care
urgent-allergic-reaction,Emergency / Urgent Care,urgent-allergic-reaction-symptoms-1,symptoms,rash or urticaria,1,"rash, or, urticaria",urgent_care
urgent-allergic-reaction,Emergency / Urgent Care,urgent-allergic-reaction-symptoms-2,symptoms,itching,2,itching,urgent_care
urgent-allergic-reaction,Emergency / Urgent Care,urgent-allergic-reaction-symptoms-3,symptoms,swelling,3,swelling,urgent_care
urgent-allergic-reaction,Emergency / Urgent Care,urgent-allergic-reaction-symptoms-4,symptoms,allergic reaction,4,"allergic, reaction",urgent_care
urgent-allergic-reaction,Emergency / Urgent Care,urgent-allergic-reaction-symptoms-5,symptoms,trigger or exposure documented,5,"trigger, or, exposure, documented",urgent_care
urgent-allergic-reaction,Emergency / Urgent Care,urgent-allergic-reaction-symptoms-6,symptoms,breathing symptoms reviewed,6,"breathing, symptoms, reviewed",urgent_care
urgent-allergic-reaction,Emergency / Urgent Care,urgent-allergic-reaction-symptoms-7,symptoms,lip or tongue swelling reviewed,7,"lip, or, tongue, swelling",urgent_care
urgent-allergic-reaction,Emergency / Urgent Care,urgent-allergic-reaction-symptoms-8,symptoms,dizziness or syncope reviewed,8,"dizziness, or, syncope, reviewed",urgent_care
urgent-allergic-reaction,Emergency / Urgent Care,urgent-allergic-reaction-relevant_negatives-1,relevant_negatives,no breathing difficulty reported,1,"no, breathing, difficulty, reported",urgent_care
urgent-allergic-reaction,Emergency / Urgent Care,urgent-allergic-reaction-relevant_negatives-2,relevant_negatives,no lip or tongue swelling reported,2,"no, lip, or, tongue",urgent_care
urgent-allergic-reaction,Emergency / Urgent Care,urgent-allergic-reaction-relevant_negatives-3,relevant_negatives,no syncope reported,3,"no, syncope, reported",urgent_care
urgent-allergic-reaction,Emergency / Urgent Care,urgent-allergic-reaction-relevant_negatives-4,relevant_negatives,no stridor or wheeze,4,"no, stridor, or, wheeze",urgent_care
urgent-allergic-reaction,Emergency / Urgent Care,urgent-allergic-reaction-relevant_negatives-5,relevant_negatives,no hypotension,5,"no, hypotension",urgent_care
urgent-allergic-reaction,Emergency / Urgent Care,urgent-allergic-reaction-exam_findings-1,exam_findings,vital signs documented if measured,1,"vital, signs, documented, if",urgent_care
urgent-allergic-reaction,Emergency / Urgent Care,urgent-allergic-reaction-exam_findings-2,exam_findings,rash documented if assessed,2,"rash, documented, if, assessed",urgent_care
urgent-allergic-reaction,Emergency / Urgent Care,urgent-allergic-reaction-exam_findings-3,exam_findings,rash distribution documented if assessed,3,"rash, distribution, documented, if",urgent_care
urgent-allergic-reaction,Emergency / Urgent Care,urgent-allergic-reaction-exam_findings-4,exam_findings,angioedema documented if assessed,4,"angioedema, documented, if, assessed",urgent_care
urgent-allergic-reaction,Emergency / Urgent Care,urgent-allergic-reaction-exam_findings-5,exam_findings,respiratory status documented if assessed,5,"respiratory, status, documented, if",urgent_care
urgent-allergic-reaction,Emergency / Urgent Care,urgent-allergic-reaction-exam_findings-6,exam_findings,airway status documented if assessed,6,"airway, status, documented, if",urgent_care
urgent-allergic-reaction,Emergency / Urgent Care,urgent-allergic-reaction-red_flags-1,red_flags,breathing difficulty,1,"breathing, difficulty",urgent_care
urgent-allergic-reaction,Emergency / Urgent Care,urgent-allergic-reaction-red_flags-2,red_flags,lip or tongue swelling,2,"lip, or, tongue, swelling",urgent_care
urgent-allergic-reaction,Emergency / Urgent Care,urgent-allergic-reaction-red_flags-3,red_flags,hypotension symptoms,3,"hypotension, symptoms",urgent_care
urgent-allergic-reaction,Emergency / Urgent Care,urgent-allergic-reaction-red_flags-4,red_flags,syncope,4,syncope,urgent_care
urgent-allergic-reaction,Emergency / Urgent Care,urgent-allergic-reaction-red_flags-5,red_flags,wheeze or stridor,5,"wheeze, or, stridor",urgent_care
urgent-allergic-reaction,Emergency / Urgent Care,urgent-allergic-reaction-investigations-1,investigations,previous records reviewed if available,1,"previous, records, reviewed, if",urgent_care
urgent-allergic-reaction,Emergency / Urgent Care,urgent-allergic-reaction-investigations-2,investigations,allergy history reviewed if available,2,"allergy, history, reviewed, if",urgent_care
urgent-allergic-reaction,Emergency / Urgent Care,urgent-allergic-reaction-plan_phrases-1,plan_phrases,allergy advice documented if discussed,1,"allergy, advice, documented, if",urgent_care
urgent-allergic-reaction,Emergency / Urgent Care,urgent-allergic-reaction-plan_phrases-2,plan_phrases,trigger avoidance documented if discussed,2,"trigger, avoidance, documented, if",urgent_care
urgent-allergic-reaction,Emergency / Urgent Care,urgent-allergic-reaction-plan_phrases-3,plan_phrases,medication plan documented if clinician decided,3,"medication, plan, documented, if",urgent_care
urgent-allergic-reaction,Emergency / Urgent Care,urgent-allergic-reaction-plan_phrases-4,plan_phrases,antihistamine plan documented if clinician decided,4,"antihistamine, plan, documented, if",urgent_care
urgent-allergic-reaction,Emergency / Urgent Care,urgent-allergic-reaction-plan_phrases-5,plan_phrases,return precautions documented if discussed,5,"return, precautions, documented, if",urgent_care
urgent-allergic-reaction,Emergency / Urgent Care,urgent-allergic-reaction-plan_phrases-6,plan_phrases,referral or escalation documented if clinician decided,6,"referral, or, escalation, documented",urgent_care
urgent-allergic-reaction,Emergency / Urgent Care,urgent-allergic-reaction-follow_up-1,follow_up,follow-up in 1 week if not improving,1,"follow-up, in, 1, week",urgent_care
urgent-allergic-reaction,Emergency / Urgent Care,urgent-allergic-reaction-follow_up-2,follow_up,return sooner if symptoms worsen,2,"return, sooner, if, symptoms",urgent_care
urgent-allergic-reaction,Emergency / Urgent Care,urgent-allergic-reaction-follow_up-3,follow_up,allergy clinic referral documented if arranged,3,"allergy, clinic, referral, documented",urgent_care
urgent-head-injury,Emergency / Urgent Care,urgent-head-injury-symptoms-1,symptoms,head injury,1,"head, injury",urgent_care
urgent-head-injury,Emergency / Urgent Care,urgent-head-injury-symptoms-2,symptoms,mechanism documented,2,"mechanism, documented",urgent_care
urgent-head-injury,Emergency / Urgent Care,urgent-head-injury-symptoms-3,symptoms,time of injury documented,3,"time, of, injury, documented",urgent_care
urgent-head-injury,Emergency / Urgent Care,urgent-head-injury-symptoms-4,symptoms,loss of consciousness reviewed,4,"loss, of, consciousness, reviewed",urgent_care
urgent-head-injury,Emergency / Urgent Care,urgent-head-injury-symptoms-5,symptoms,vomiting reviewed,5,"vomiting, reviewed",urgent_care
urgent-head-injury,Emergency / Urgent Care,urgent-head-injury-symptoms-6,symptoms,headache documented,6,"headache, documented",urgent_care
urgent-head-injury,Emergency / Urgent Care,urgent-head-injury-symptoms-7,symptoms,amnesia or confusion reviewed,7,"amnesia, or, confusion, reviewed",urgent_care
urgent-head-injury,Emergency / Urgent Care,urgent-head-injury-symptoms-8,symptoms,anticoagulant use reviewed if relevant,8,"anticoagulant, use, reviewed, if",urgent_care
urgent-head-injury,Emergency / Urgent Care,urgent-head-injury-relevant_negatives-1,relevant_negatives,no loss of consciousness reported,1,"no, loss, of, consciousness",urgent_care
urgent-head-injury,Emergency / Urgent Care,urgent-head-injury-relevant_negatives-2,relevant_negatives,no repeated vomiting reported,2,"no, repeated, vomiting, reported",urgent_care
urgent-head-injury,Emergency / Urgent Care,urgent-head-injury-relevant_negatives-3,relevant_negatives,no seizure reported,3,"no, seizure, reported",urgent_care
urgent-head-injury,Emergency / Urgent Care,urgent-head-injury-relevant_negatives-4,relevant_negatives,no neurological symptoms,4,"no, neurological, symptoms",urgent_care
urgent-head-injury,Emergency / Urgent Care,urgent-head-injury-relevant_negatives-5,relevant_negatives,no anticoagulation medication,5,"no, anticoagulation, medication",urgent_care
urgent-head-injury,Emergency / Urgent Care,urgent-head-injury-exam_findings-1,exam_findings,Glasgow Coma Scale documented if assessed,1,"Glasgow, Coma, Scale, documented",urgent_care
urgent-head-injury,Emergency / Urgent Care,urgent-head-injury-exam_findings-2,exam_findings,pupils documented if assessed,2,"pupils, documented, if, assessed",urgent_care
urgent-head-injury,Emergency / Urgent Care,urgent-head-injury-exam_findings-3,exam_findings,neurological screen documented if assessed,3,"neurological, screen, documented, if",urgent_care
urgent-head-injury,Emergency / Urgent Care,urgent-head-injury-exam_findings-4,exam_findings,scalp wound or swelling documented if assessed,4,"scalp, wound, or, swelling",urgent_care
urgent-head-injury,Emergency / Urgent Care,urgent-head-injury-exam_findings-5,exam_findings,vital signs documented if measured,5,"vital, signs, documented, if",urgent_care
urgent-head-injury,Emergency / Urgent Care,urgent-head-injury-exam_findings-6,exam_findings,neck examination documented if assessed,6,"neck, examination, documented, if",urgent_care
urgent-head-injury,Emergency / Urgent Care,urgent-head-injury-red_flags-1,red_flags,loss of consciousness,1,"loss, of, consciousness",urgent_care
urgent-head-injury,Emergency / Urgent Care,urgent-head-injury-red_flags-2,red_flags,repeated vomiting,2,"repeated, vomiting",urgent_care
urgent-head-injury,Emergency / Urgent Care,urgent-head-injury-red_flags-3,red_flags,seizure,3,seizure,urgent_care
urgent-head-injury,Emergency / Urgent Care,urgent-head-injury-red_flags-4,red_flags,worsening headache,4,"worsening, headache",urgent_care
urgent-head-injury,Emergency / Urgent Care,urgent-head-injury-red_flags-5,red_flags,neurological deficit,5,"neurological, deficit",urgent_care
urgent-head-injury,Emergency / Urgent Care,urgent-head-injury-red_flags-6,red_flags,anticoagulant use,6,"anticoagulant, use",urgent_care
urgent-head-injury,Emergency / Urgent Care,urgent-head-injury-investigations-1,investigations,CT head reviewed if ordered,1,"CT, head, reviewed, if",urgent_care
urgent-head-injury,Emergency / Urgent Care,urgent-head-injury-investigations-2,investigations,imaging reviewed if available,2,"imaging, reviewed, if, available",urgent_care
urgent-head-injury,Emergency / Urgent Care,urgent-head-injury-investigations-3,investigations,previous records reviewed if available,3,"previous, records, reviewed, if",urgent_care
urgent-head-injury,Emergency / Urgent Care,urgent-head-injury-plan_phrases-1,plan_phrases,head injury advice documented if discussed,1,"head, injury, advice, documented",urgent_care
urgent-head-injury,Emergency / Urgent Care,urgent-head-injury-plan_phrases-2,plan_phrases,observation plan documented if clinician decided,2,"observation, plan, documented, if",urgent_care
urgent-head-injury,Emergency / Urgent Care,urgent-head-injury-plan_phrases-3,plan_phrases,return precautions documented if discussed,3,"return, precautions, documented, if",urgent_care
urgent-head-injury,Emergency / Urgent Care,urgent-head-injury-plan_phrases-4,plan_phrases,analgesia plan documented if clinician decided,4,"analgesia, plan, documented, if",urgent_care
urgent-head-injury,Emergency / Urgent Care,urgent-head-injury-plan_phrases-5,plan_phrases,referral or escalation documented if clinician decided,5,"referral, or, escalation, documented",urgent_care
urgent-head-injury,Emergency / Urgent Care,urgent-head-injury-follow_up-1,follow_up,follow-up in 1-2 days,1,"follow-up, in, 1-2, days",urgent_care
urgent-head-injury,Emergency / Urgent Care,urgent-head-injury-follow_up-2,follow_up,return sooner if symptoms worsen,2,"return, sooner, if, symptoms",urgent_care
urgent-head-injury,Emergency / Urgent Care,urgent-head-injury-follow_up-3,follow_up,return if vomiting or worsening headache,3,"return, if, vomiting, or",urgent_care
urgent-head-injury,Emergency / Urgent Care,urgent-head-injury-follow_up-4,follow_up,neurosurgical follow-up documented if arranged,4,"neurosurgical, follow-up, documented, if",urgent_care
urgent-chest-pain,Emergency / Urgent Care,urgent-chest-pain-symptoms-1,symptoms,chest pain,1,"chest, pain",urgent_care
urgent-chest-pain,Emergency / Urgent Care,urgent-chest-pain-symptoms-2,symptoms,onset documented,2,"onset, documented",urgent_care
urgent-chest-pain,Emergency / Urgent Care,urgent-chest-pain-symptoms-3,symptoms,character documented,3,"character, documented",urgent_care
urgent-chest-pain,Emergency / Urgent Care,urgent-chest-pain-symptoms-4,symptoms,radiation reviewed,4,"radiation, reviewed",urgent_care
urgent-chest-pain,Emergency / Urgent Care,urgent-chest-pain-symptoms-5,symptoms,exertional relation reviewed,5,"exertional, relation, reviewed",urgent_care
urgent-chest-pain,Emergency / Urgent Care,urgent-chest-pain-symptoms-6,symptoms,associated SOB or nausea or sweating reviewed,6,"associated, SOB, or, nausea",urgent_care
urgent-chest-pain,Emergency / Urgent Care,urgent-chest-pain-symptoms-7,symptoms,risk factors reviewed,7,"risk, factors, reviewed",urgent_care
urgent-chest-pain,Emergency / Urgent Care,urgent-chest-pain-relevant_negatives-1,relevant_negatives,no shortness of breath reported,1,"no, shortness, of, breath",urgent_care
urgent-chest-pain,Emergency / Urgent Care,urgent-chest-pain-relevant_negatives-2,relevant_negatives,no syncope reported,2,"no, syncope, reported",urgent_care
urgent-chest-pain,Emergency / Urgent Care,urgent-chest-pain-relevant_negatives-3,relevant_negatives,no palpitations reported,3,"no, palpitations, reported",urgent_care
urgent-chest-pain,Emergency / Urgent Care,urgent-chest-pain-relevant_negatives-4,relevant_negatives,no diaphoresis,4,"no, diaphoresis",urgent_care
urgent-chest-pain,Emergency / Urgent Care,urgent-chest-pain-relevant_negatives-5,relevant_negatives,no nausea or vomiting,5,"no, nausea, or, vomiting",urgent_care
urgent-chest-pain,Emergency / Urgent Care,urgent-chest-pain-exam_findings-1,exam_findings,vital signs documented if measured,1,"vital, signs, documented, if",urgent_care
urgent-chest-pain,Emergency / Urgent Care,urgent-chest-pain-exam_findings-2,exam_findings,cardiovascular exam documented if assessed,2,"cardiovascular, exam, documented, if",urgent_care
urgent-chest-pain,Emergency / Urgent Care,urgent-chest-pain-exam_findings-3,exam_findings,respiratory exam documented if assessed,3,"respiratory, exam, documented, if",urgent_care
urgent-chest-pain,Emergency / Urgent Care,urgent-chest-pain-exam_findings-4,exam_findings,general appearance documented if assessed,4,"general, appearance, documented, if",urgent_care
urgent-chest-pain,Emergency / Urgent Care,urgent-chest-pain-exam_findings-5,exam_findings,chest wall examination documented if assessed,5,"chest, wall, examination, documented",urgent_care
urgent-chest-pain,Emergency / Urgent Care,urgent-chest-pain-red_flags-1,red_flags,exertional chest pain,1,"exertional, chest, pain",urgent_care
urgent-chest-pain,Emergency / Urgent Care,urgent-chest-pain-red_flags-2,red_flags,syncope,2,syncope,urgent_care
urgent-chest-pain,Emergency / Urgent Care,urgent-chest-pain-red_flags-3,red_flags,severe persistent pain,3,"severe, persistent, pain",urgent_care
urgent-chest-pain,Emergency / Urgent Care,urgent-chest-pain-red_flags-4,red_flags,abnormal vitals,4,"abnormal, vitals",urgent_care
urgent-chest-pain,Emergency / Urgent Care,urgent-chest-pain-investigations-1,investigations,ECG reviewed if performed,1,"ECG, reviewed, if, performed",urgent_care
urgent-chest-pain,Emergency / Urgent Care,urgent-chest-pain-investigations-2,investigations,troponin reviewed if ordered,2,"troponin, reviewed, if, ordered",urgent_care
urgent-chest-pain,Emergency / Urgent Care,urgent-chest-pain-investigations-3,investigations,chest imaging reviewed if available,3,"chest, imaging, reviewed, if",urgent_care
urgent-chest-pain,Emergency / Urgent Care,urgent-chest-pain-investigations-4,investigations,previous records reviewed if available,4,"previous, records, reviewed, if",urgent_care
urgent-chest-pain,Emergency / Urgent Care,urgent-chest-pain-plan_phrases-1,plan_phrases,analgesia plan documented if clinician decided,1,"analgesia, plan, documented, if",urgent_care
urgent-chest-pain,Emergency / Urgent Care,urgent-chest-pain-plan_phrases-2,plan_phrases,cardiac monitoring documented if clinician decided,2,"cardiac, monitoring, documented, if",urgent_care
urgent-chest-pain,Emergency / Urgent Care,urgent-chest-pain-plan_phrases-3,plan_phrases,return precautions documented if discussed,3,"return, precautions, documented, if",urgent_care
urgent-chest-pain,Emergency / Urgent Care,urgent-chest-pain-plan_phrases-4,plan_phrases,referral or escalation documented if clinician decided,4,"referral, or, escalation, documented",urgent_care
urgent-chest-pain,Emergency / Urgent Care,urgent-chest-pain-plan_phrases-5,plan_phrases,investigation plan documented if clinician decided,5,"investigation, plan, documented, if",urgent_care
urgent-chest-pain,Emergency / Urgent Care,urgent-chest-pain-follow_up-1,follow_up,follow-up arranged if clinician decided,1,"follow-up, arranged, if, clinician",urgent_care
urgent-chest-pain,Emergency / Urgent Care,urgent-chest-pain-follow_up-2,follow_up,return sooner if symptoms worsen,2,"return, sooner, if, symptoms",urgent_care
urgent-chest-pain,Emergency / Urgent Care,urgent-chest-pain-follow_up-3,follow_up,cardiology follow-up documented if arranged,3,"cardiology, follow-up, documented, if",urgent_care
urgent-shortness-of-breath,Emergency / Urgent Care,urgent-shortness-of-breath-symptoms-1,symptoms,shortness of breath,1,"shortness, of, breath",urgent_care
urgent-shortness-of-breath,Emergency / Urgent Care,urgent-shortness-of-breath-symptoms-2,symptoms,onset documented,2,"onset, documented",urgent_care
urgent-shortness-of-breath,Emergency / Urgent Care,urgent-shortness-of-breath-symptoms-3,symptoms,exertional or rest symptoms documented,3,"exertional, or, rest, symptoms",urgent_care
urgent-shortness-of-breath,Emergency / Urgent Care,urgent-shortness-of-breath-symptoms-4,symptoms,cough or wheeze or chest pain or fever reviewed,4,"cough, or, wheeze, or",urgent_care
urgent-shortness-of-breath,Emergency / Urgent Care,urgent-shortness-of-breath-symptoms-5,symptoms,leg swelling reviewed,5,"leg, swelling, reviewed",urgent_care
urgent-shortness-of-breath,Emergency / Urgent Care,urgent-shortness-of-breath-relevant_negatives-1,relevant_negatives,no chest pain reported,1,"no, chest, pain, reported",urgent_care
urgent-shortness-of-breath,Emergency / Urgent Care,urgent-shortness-of-breath-relevant_negatives-2,relevant_negatives,no syncope reported,2,"no, syncope, reported",urgent_care
urgent-shortness-of-breath,Emergency / Urgent Care,urgent-shortness-of-breath-relevant_negatives-3,relevant_negatives,no hemoptysis reported,3,"no, hemoptysis, reported",urgent_care
urgent-shortness-of-breath,Emergency / Urgent Care,urgent-shortness-of-breath-relevant_negatives-4,relevant_negatives,no fever,4,"no, fever",urgent_care
urgent-shortness-of-breath,Emergency / Urgent Care,urgent-shortness-of-breath-relevant_negatives-5,relevant_negatives,no recent surgery or immobilization,5,"no, recent, surgery, or",urgent_care
urgent-shortness-of-breath,Emergency / Urgent Care,urgent-shortness-of-breath-exam_findings-1,exam_findings,respiratory rate documented if measured,1,"respiratory, rate, documented, if",urgent_care
urgent-shortness-of-breath,Emergency / Urgent Care,urgent-shortness-of-breath-exam_findings-2,exam_findings,oxygen saturation documented if measured,2,"oxygen, saturation, documented, if",urgent_care
urgent-shortness-of-breath,Emergency / Urgent Care,urgent-shortness-of-breath-exam_findings-3,exam_findings,work of breathing documented if assessed,3,"work, of, breathing, documented",urgent_care
urgent-shortness-of-breath,Emergency / Urgent Care,urgent-shortness-of-breath-exam_findings-4,exam_findings,chest auscultation documented if assessed,4,"chest, auscultation, documented, if",urgent_care
urgent-shortness-of-breath,Emergency / Urgent Care,urgent-shortness-of-breath-exam_findings-5,exam_findings,vital signs documented if measured,5,"vital, signs, documented, if",urgent_care
urgent-shortness-of-breath,Emergency / Urgent Care,urgent-shortness-of-breath-exam_findings-6,exam_findings,general appearance documented if assessed,6,"general, appearance, documented, if",urgent_care
urgent-shortness-of-breath,Emergency / Urgent Care,urgent-shortness-of-breath-red_flags-1,red_flags,severe respiratory distress,1,"severe, respiratory, distress",urgent_care
urgent-shortness-of-breath,Emergency / Urgent Care,urgent-shortness-of-breath-red_flags-2,red_flags,cyanosis,2,cyanosis,urgent_care
urgent-shortness-of-breath,Emergency / Urgent Care,urgent-shortness-of-breath-red_flags-3,red_flags,abnormal oxygen saturation if documented,3,"abnormal, oxygen, saturation, if",urgent_care
urgent-shortness-of-breath,Emergency / Urgent Care,urgent-shortness-of-breath-red_flags-4,red_flags,syncope,4,syncope,urgent_care
urgent-shortness-of-breath,Emergency / Urgent Care,urgent-shortness-of-breath-red_flags-5,red_flags,stridor,5,stridor,urgent_care
urgent-shortness-of-breath,Emergency / Urgent Care,urgent-shortness-of-breath-red_flags-6,red_flags,unilateral leg swelling,6,"unilateral, leg, swelling",urgent_care
urgent-shortness-of-breath,Emergency / Urgent Care,urgent-shortness-of-breath-investigations-1,investigations,chest imaging reviewed if available,1,"chest, imaging, reviewed, if",urgent_care
urgent-shortness-of-breath,Emergency / Urgent Care,urgent-shortness-of-breath-investigations-2,investigations,ECG reviewed if performed,2,"ECG, reviewed, if, performed",urgent_care
urgent-shortness-of-breath,Emergency / Urgent Care,urgent-shortness-of-breath-investigations-3,investigations,blood tests reviewed if ordered,3,"blood, tests, reviewed, if",urgent_care
urgent-shortness-of-breath,Emergency / Urgent Care,urgent-shortness-of-breath-investigations-4,investigations,previous records reviewed if available,4,"previous, records, reviewed, if",urgent_care
urgent-shortness-of-breath,Emergency / Urgent Care,urgent-shortness-of-breath-plan_phrases-1,plan_phrases,management plan documented if clinician decided,1,"management, plan, documented, if",urgent_care
urgent-shortness-of-breath,Emergency / Urgent Care,urgent-shortness-of-breath-plan_phrases-2,plan_phrases,oxygen therapy documented if given,2,"oxygen, therapy, documented, if",urgent_care
urgent-shortness-of-breath,Emergency / Urgent Care,urgent-shortness-of-breath-plan_phrases-3,plan_phrases,return precautions documented if discussed,3,"return, precautions, documented, if",urgent_care
urgent-shortness-of-breath,Emergency / Urgent Care,urgent-shortness-of-breath-plan_phrases-4,plan_phrases,referral or escalation documented if clinician decided,4,"referral, or, escalation, documented",urgent_care
urgent-shortness-of-breath,Emergency / Urgent Care,urgent-shortness-of-breath-plan_phrases-5,plan_phrases,investigation plan documented if clinician decided,5,"investigation, plan, documented, if",urgent_care
urgent-shortness-of-breath,Emergency / Urgent Care,urgent-shortness-of-breath-follow_up-1,follow_up,follow-up in 1-2 days if not improving,1,"follow-up, in, 1-2, days",urgent_care
urgent-shortness-of-breath,Emergency / Urgent Care,urgent-shortness-of-breath-follow_up-2,follow_up,return sooner if symptoms worsen,2,"return, sooner, if, symptoms",urgent_care
urgent-shortness-of-breath,Emergency / Urgent Care,urgent-shortness-of-breath-follow_up-3,follow_up,respiratory follow-up documented if arranged,3,"respiratory, follow-up, documented, if",urgent_care
urgent-abdominal-pain,Emergency / Urgent Care,urgent-abdominal-pain-symptoms-1,symptoms,abdominal pain,1,abdominal, pain
urgent-abdominal-pain,Emergency / Urgent Care,urgent-abdominal-pain-symptoms-2,symptoms,location documented,2,location, documented
urgent-abdominal-pain,Emergency / Urgent Care,urgent-abdominal-pain-symptoms-3,symptoms,duration documented,3,duration, documented
urgent-abdominal-pain,Emergency / Urgent Care,urgent-abdominal-pain-symptoms-4,symptoms,nausea or vomiting,4,nausea, or
urgent-abdominal-pain,Emergency / Urgent Care,urgent-abdominal-pain-symptoms-5,symptoms,diarrhea or constipation,5,diarrhea, or
urgent-abdominal-pain,Emergency / Urgent Care,urgent-abdominal-pain-symptoms-6,symptoms,urinary symptoms reviewed,6,urinary, symptoms
urgent-abdominal-pain,Emergency / Urgent Care,urgent-abdominal-pain-symptoms-7,symptoms,fever reviewed,7,fever, reviewed
urgent-abdominal-pain,Emergency / Urgent Care,urgent-abdominal-pain-symptoms-8,symptoms,associated symptoms documented,8,associated, symptoms
urgent-abdominal-pain,Emergency / Urgent Care,urgent-abdominal-pain-relevant_negatives-1,relevant_negatives,no blood in stool reported,1,no, blood
urgent-abdominal-pain,Emergency / Urgent Care,urgent-abdominal-pain-relevant_negatives-2,relevant_negatives,no persistent vomiting reported,2,no, persistent
urgent-abdominal-pain,Emergency / Urgent Care,urgent-abdominal-pain-relevant_negatives-3,relevant_negatives,no severe worsening pain reported,3,no, severe
urgent-abdominal-pain,Emergency / Urgent Care,urgent-abdominal-pain-relevant_negatives-4,relevant_negatives,no surgical history,4,no, surgical
urgent-abdominal-pain,Emergency / Urgent Care,urgent-abdominal-pain-relevant_negatives-5,relevant_negatives,no fever,5,no, fever
urgent-abdominal-pain,Emergency / Urgent Care,urgent-abdominal-pain-relevant_negatives-6,relevant_negatives,no pregnancy if female and relevant,6,no, pregnancy
urgent-abdominal-pain,Emergency / Urgent Care,urgent-abdominal-pain-exam_findings-1,exam_findings,abdominal tenderness documented if assessed,1,abdominal, tenderness
urgent-abdominal-pain,Emergency / Urgent Care,urgent-abdominal-pain-exam_findings-2,exam_findings,guarding or rebound documented if assessed,2,guarding, or
urgent-abdominal-pain,Emergency / Urgent Care,urgent-abdominal-pain-exam_findings-3,exam_findings,bowel sounds documented if assessed,3,bowel, sounds
urgent-abdominal-pain,Emergency / Urgent Care,urgent-abdominal-pain-exam_findings-4,exam_findings,hydration documented if assessed,4,hydration, documented
urgent-abdominal-pain,Emergency / Urgent Care,urgent-abdominal-pain-exam_findings-5,exam_findings,vital signs documented if measured,5,vital, signs
urgent-abdominal-pain,Emergency / Urgent Care,urgent-abdominal-pain-exam_findings-6,exam_findings,general appearance documented if assessed,6,general, appearance
urgent-abdominal-pain,Emergency / Urgent Care,urgent-abdominal-pain-red_flags-1,red_flags,severe localized pain,1,severe, localized
urgent-abdominal-pain,Emergency / Urgent Care,urgent-abdominal-pain-red_flags-2,red_flags,guarding or rebound,2,guarding, or
urgent-abdominal-pain,Emergency / Urgent Care,urgent-abdominal-pain-red_flags-3,red_flags,persistent vomiting,3,persistent, vomiting
urgent-abdominal-pain,Emergency / Urgent Care,urgent-abdominal-pain-red_flags-4,red_flags,GI bleeding,4,GI, bleeding
urgent-abdominal-pain,Emergency / Urgent Care,urgent-abdominal-pain-red_flags-5,red_flags,syncope,5,syncope,urgent_care
urgent-abdominal-pain,Emergency / Urgent Care,urgent-abdominal-pain-red_flags-6,red_flags,hemodynamic instability,6,hemodynamic, instability
urgent-abdominal-pain,Emergency / Urgent Care,urgent-abdominal-pain-investigations-1,investigations,urinalysis reviewed if done,1,urinalysis, reviewed
urgent-abdominal-pain,Emergency / Urgent Care,urgent-abdominal-pain-investigations-2,investigations,pregnancy test reviewed if relevant and done,2,pregnancy, test
urgent-abdominal-pain,Emergency / Urgent Care,urgent-abdominal-pain-investigations-3,investigations,blood tests reviewed if ordered,3,blood, tests
urgent-abdominal-pain,Emergency / Urgent Care,urgent-abdominal-pain-investigations-4,investigations,imaging reviewed if available,4,imaging, reviewed
urgent-abdominal-pain,Emergency / Urgent Care,urgent-abdominal-pain-investigations-5,investigations,previous records reviewed if available,5,previous, records
urgent-abdominal-pain,Emergency / Urgent Care,urgent-abdominal-pain-plan_phrases-1,plan_phrases,analgesia plan documented if clinician decided,1,analgesia, plan
urgent-abdominal-pain,Emergency / Urgent Care,urgent-abdominal-pain-plan_phrases-2,plan_phrases,dietary advice documented if discussed,2,dietary, advice
urgent-abdominal-pain,Emergency / Urgent Care,urgent-abdominal-pain-plan_phrases-3,plan_phrases,return precautions documented if discussed,3,return, precautions
urgent-abdominal-pain,Emergency / Urgent Care,urgent-abdominal-pain-plan_phrases-4,plan_phrases,referral or escalation documented if clinician decided,4,referral, or
urgent-abdominal-pain,Emergency / Urgent Care,urgent-abdominal-pain-plan_phrases-5,plan_phrases,investigation plan documented if clinician decided,5,investigation, plan
urgent-abdominal-pain,Emergency / Urgent Care,urgent-abdominal-pain-follow_up-1,follow_up,follow-up in 1-2 days if not improving,1,follow-up, in
urgent-abdominal-pain,Emergency / Urgent Care,urgent-abdominal-pain-follow_up-2,follow_up,return sooner if symptoms worsen,2,return, sooner
urgent-abdominal-pain,Emergency / Urgent Care,urgent-abdominal-pain-follow_up-3,follow_up,surgical follow-up documented if arranged,3,surgical, follow-up
urgent-syncope,Emergency / Urgent Care,urgent-syncope-symptoms-1,symptoms,syncope or collapse,1,syncope, or
urgent-syncope,Emergency / Urgent Care,urgent-syncope-symptoms-2,symptoms,prodrome documented,2,prodrome, documented
urgent-syncope,Emergency / Urgent Care,urgent-syncope-symptoms-3,symptoms,position documented,3,position, documented
urgent-syncope,Emergency / Urgent Care,urgent-syncope-symptoms-4,symptoms,duration of loss of consciousness documented if known,4,duration, of
urgent-syncope,Emergency / Urgent Care,urgent-syncope-symptoms-5,symptoms,witnessed event documented if available,5,witnessed, event
urgent-syncope,Emergency / Urgent Care,urgent-syncope-symptoms-6,symptoms,seizure-like activity reviewed,6,seizure-like, activity
urgent-syncope,Emergency / Urgent Care,urgent-syncope-symptoms-7,symptoms,palpitations or chest pain or SOB reviewed,7,palpitations, or
urgent-syncope,Emergency / Urgent Care,urgent-syncope-relevant_negatives-1,relevant_negatives,no chest pain reported,1,no, chest
urgent-syncope,Emergency / Urgent Care,urgent-syncope-relevant_negatives-2,relevant_negatives,no focal neurological symptoms reported,2,no, focal
urgent-syncope,Emergency / Urgent Care,urgent-syncope-relevant_negatives-3,relevant_negatives,no palpitations,3,no, palpitations
urgent-syncope,Emergency / Urgent Care,urgent-syncope-relevant_negatives-4,relevant_negatives,no seizure activity,4,no, seizure
urgent-syncope,Emergency / Urgent Care,urgent-syncope-relevant_negatives-5,relevant_negatives,no head injury,5,no, head
urgent-syncope,Emergency / Urgent Care,urgent-syncope-exam_findings-1,exam_findings,vital signs documented if measured,1,vital, signs
urgent-syncope,Emergency / Urgent Care,urgent-syncope-exam_findings-2,exam_findings,orthostatic BP documented if measured,2,orthostatic, BP
urgent-syncope,Emergency / Urgent Care,urgent-syncope-exam_findings-3,exam_findings,cardiovascular exam documented if assessed,3,cardiovascular, exam
urgent-syncope,Emergency / Urgent Care,urgent-syncope-exam_findings-4,exam_findings,neurological screen documented if assessed,4,neurological, screen
urgent-syncope,Emergency / Urgent Care,urgent-syncope-exam_findings-5,exam_findings,general appearance documented if assessed,5,general, appearance
urgent-syncope,Emergency / Urgent Care,urgent-syncope-red_flags-1,red_flags,exertional syncope,1,exertional, syncope
urgent-syncope,Emergency / Urgent Care,urgent-syncope-red_flags-2,red_flags,chest pain,2,chest, pain
urgent-syncope,Emergency / Urgent Care,urgent-syncope-red_flags-3,red_flags,palpitations,3,palpitations,urgent_care
urgent-syncope,Emergency / Urgent Care,urgent-syncope-red_flags-4,red_flags,family history sudden death,4,family, history
urgent-syncope,Emergency / Urgent Care,urgent-syncope-red_flags-5,red_flags,neurological deficit,5,neurological, deficit
urgent-syncope,Emergency / Urgent Care,urgent-syncope-investigations-1,investigations,ECG reviewed if performed,1,ECG, reviewed
urgent-syncope,Emergency / Urgent Care,urgent-syncope-investigations-2,investigations,glucose checked if performed,2,glucose, checked
urgent-syncope,Emergency / Urgent Care,urgent-syncope-investigations-3,investigations,blood tests reviewed if ordered,3,blood, tests
urgent-syncope,Emergency / Urgent Care,urgent-syncope-investigations-4,investigations,previous records reviewed if available,4,previous, records
urgent-syncope,Emergency / Urgent Care,urgent-syncope-plan_phrases-1,plan_phrases,syncope advice documented if discussed,1,syncope, advice
urgent-syncope,Emergency / Urgent Care,urgent-syncope-plan_phrases-2,plan_phrases,return precautions documented if discussed,2,return, precautions
urgent-syncope,Emergency / Urgent Care,urgent-syncope-plan_phrases-3,plan_phrases,referral or escalation documented if clinician decided,3,referral, or
urgent-syncope,Emergency / Urgent Care,urgent-syncope-plan_phrases-4,plan_phrases,investigation plan documented if clinician decided,4,investigation, plan
urgent-syncope,Emergency / Urgent Care,urgent-syncope-follow_up-1,follow_up,follow-up in 1 week if arranged,1,follow-up, in
urgent-syncope,Emergency / Urgent Care,urgent-syncope-follow_up-2,follow_up,return sooner if recurrent syncope,2,return, sooner
urgent-syncope,Emergency / Urgent Care,urgent-syncope-follow_up-3,follow_up,cardiology follow-up documented if arranged,3,cardiology, follow-up
urgent-fever-suspected-infection,Emergency / Urgent Care,urgent-fever-suspected-infection-symptoms-1,symptoms,fever,1,fever,urgent_care
urgent-fever-suspected-infection,Emergency / Urgent Care,urgent-fever-suspected-infection-symptoms-2,symptoms,suspected infection documentation,2,suspected, infection
urgent-fever-suspected-infection,Emergency / Urgent Care,urgent-fever-suspected-infection-symptoms-3,symptoms,source symptoms reviewed,3,source, symptoms
urgent-fever-suspected-infection,Emergency / Urgent Care,urgent-fever-suspected-infection-symptoms-4,symptoms,cough or sore throat or urinary or GI or skin symptoms reviewed,4,cough, or
urgent-fever-suspected-infection,Emergency / Urgent Care,urgent-fever-suspected-infection-symptoms-5,symptoms,rigors or chills,5,rigors, or
urgent-fever-suspected-infection,Emergency / Urgent Care,urgent-fever-suspected-infection-symptoms-6,symptoms,duration documented,6,duration, documented
urgent-fever-suspected-infection,Emergency / Urgent Care,urgent-fever-suspected-infection-symptoms-7,symptoms,temperature documented,7,temperature, documented
urgent-fever-suspected-infection,Emergency / Urgent Care,urgent-fever-suspected-infection-relevant_negatives-1,relevant_negatives,no confusion reported,1,no, confusion
urgent-fever-suspected-infection,Emergency / Urgent Care,urgent-fever-suspected-infection-relevant_negatives-2,relevant_negatives,no neck stiffness reported,2,no, neck
urgent-fever-suspected-infection,Emergency / Urgent Care,urgent-fever-suspected-infection-relevant_negatives-3,relevant_negatives,no shortness of breath reported,3,no, shortness
urgent-fever-suspected-infection,Emergency / Urgent Care,urgent-fever-suspected-infection-relevant_negatives-4,relevant_negatives,no chest pain,4,no, chest
urgent-fever-suspected-infection,Emergency / Urgent Care,urgent-fever-suspected-infection-relevant_negatives-5,relevant_negatives,no urinary symptoms,5,no, urinary
urgent-fever-suspected-infection,Emergency / Urgent Care,urgent-fever-suspected-infection-exam_findings-1,exam_findings,temperature documented if measured,1,temperature, documented
urgent-fever-suspected-infection,Emergency / Urgent Care,urgent-fever-suspected-infection-exam_findings-2,exam_findings,heart rate documented if measured,2,heart, rate
urgent-fever-suspected-infection,Emergency / Urgent Care,urgent-fever-suspected-infection-exam_findings-3,exam_findings,respiratory rate documented if measured,3,respiratory, rate
urgent-fever-suspected-infection,Emergency / Urgent Care,urgent-fever-suspected-infection-exam_findings-4,exam_findings,blood pressure documented if measured,4,blood, pressure
urgent-fever-suspected-infection,Emergency / Urgent Care,urgent-fever-suspected-infection-exam_findings-5,exam_findings,hydration documented if assessed,5,hydration, documented
urgent-fever-suspected-infection,Emergency / Urgent Care,urgent-fever-suspected-infection-exam_findings-6,exam_findings,source-focused exam documented if assessed,6,source-focused, exam
urgent-fever-suspected-infection,Emergency / Urgent Care,urgent-fever-suspected-infection-exam_findings-7,exam_findings,general appearance documented if assessed,7,general, appearance
urgent-fever-suspected-infection,Emergency / Urgent Care,urgent-fever-suspected-infection-red_flags-1,red_flags,confusion,1,confusion,urgent_care
urgent-fever-suspected-infection,Emergency / Urgent Care,urgent-fever-suspected-infection-red_flags-2,red_flags,hypotension if documented,2,hypotension, if
urgent-fever-suspected-infection,Emergency / Urgent Care,urgent-fever-suspected-infection-red_flags-3,red_flags,respiratory distress,3,respiratory, distress
urgent-fever-suspected-infection,Emergency / Urgent Care,urgent-fever-suspected-infection-red_flags-4,red_flags,non-blanching rash,4,non-blanching, rash
urgent-fever-suspected-infection,Emergency / Urgent Care,urgent-fever-suspected-infection-red_flags-5,red_flags,immunocompromised state,5,immunocompromised, state
urgent-fever-suspected-infection,Emergency / Urgent Care,urgent-fever-suspected-infection-red_flags-6,red_flags,neck stiffness,6,neck, stiffness
urgent-fever-suspected-infection,Emergency / Urgent Care,urgent-fever-suspected-infection-red_flags-7,red_flags,oliguria,7,oliguria,urgent_care
urgent-fever-suspected-infection,Emergency / Urgent Care,urgent-fever-suspected-infection-investigations-1,investigations,urinalysis reviewed if done,1,urinalysis, reviewed
urgent-fever-suspected-infection,Emergency / Urgent Care,urgent-fever-suspected-infection-investigations-2,investigations,blood tests reviewed if ordered,2,blood, tests
urgent-fever-suspected-infection,Emergency / Urgent Care,urgent-fever-suspected-infection-investigations-3,investigations,cultures reviewed if available,3,cultures, reviewed
urgent-fever-suspected-infection,Emergency / Urgent Care,urgent-fever-suspected-infection-investigations-4,investigations,imaging reviewed if available,4,imaging, reviewed
urgent-fever-suspected-infection,Emergency / Urgent Care,urgent-fever-suspected-infection-investigations-5,investigations,previous records reviewed if available,5,previous, records
urgent-fever-suspected-infection,Emergency / Urgent Care,urgent-fever-suspected-infection-plan_phrases-1,plan_phrases,supportive care advice documented if discussed,1,supportive, care
urgent-fever-suspected-infection,Emergency / Urgent Care,urgent-fever-suspected-infection-plan_phrases-2,plan_phrases,hydration advice documented if discussed,2,hydration, advice
urgent-fever-suspected-infection,Emergency / Urgent Care,urgent-fever-suspected-infection-plan_phrases-3,plan_phrases,antipyretic plan documented if clinician decided,3,antipyretic, plan
urgent-fever-suspected-infection,Emergency / Urgent Care,urgent-fever-suspected-infection-plan_phrases-4,plan_phrases,antibiotic plan documented if clinician decided,4,antibiotic, plan
urgent-fever-suspected-infection,Emergency / Urgent Care,urgent-fever-suspected-infection-plan_phrases-5,plan_phrases,return precautions documented if discussed,5,return, precautions
urgent-fever-suspected-infection,Emergency / Urgent Care,urgent-fever-suspected-infection-plan_phrases-6,plan_phrases,referral or escalation documented if clinician decided,6,referral, or
urgent-fever-suspected-infection,Emergency / Urgent Care,urgent-fever-suspected-infection-follow_up-1,follow_up,follow-up in 2-3 days if not improving,1,follow-up, in
urgent-fever-suspected-infection,Emergency / Urgent Care,urgent-fever-suspected-infection-follow_up-2,follow_up,return sooner if symptoms worsen,2,return, sooner
urgent-fever-suspected-infection,Emergency / Urgent Care,urgent-fever-suspected-infection-follow_up-3,follow_up,return if new red flag symptoms develop,3,return, if
cardio-chest-pain,Cardiology,cardio-chest-pain-symptoms-1,symptoms,chest pain,1,chest, pain
cardio-chest-pain,Cardiology,cardio-chest-pain-symptoms-2,symptoms,chest tightness,2,chest, tightness
cardio-chest-pain,Cardiology,cardio-chest-pain-symptoms-3,symptoms,pressure-like discomfort,3,pressure-like, discomfort
cardio-chest-pain,Cardiology,cardio-chest-pain-symptoms-4,symptoms,exertional relation documented,4,exertional, relation
cardio-chest-pain,Cardiology,cardio-chest-pain-symptoms-5,symptoms,radiation reviewed,5,radiation, reviewed
cardio-chest-pain,Cardiology,cardio-chest-pain-symptoms-6,symptoms,associated sweating or nausea reviewed,6,associated, sweating
cardio-chest-pain,Cardiology,cardio-chest-pain-symptoms-7,symptoms,shortness of breath reviewed,7,shortness, of
cardio-chest-pain,Cardiology,cardio-chest-pain-symptoms-8,symptoms,risk factors reviewed,8,risk, factors
cardio-chest-pain,Cardiology,cardio-chest-pain-relevant_negatives-1,relevant_negatives,no syncope reported,1,no, syncope
cardio-chest-pain,Cardiology,cardio-chest-pain-relevant_negatives-2,relevant_negatives,no shortness of breath reported,2,no, shortness
cardio-chest-pain,Cardiology,cardio-chest-pain-relevant_negatives-3,relevant_negatives,no palpitations reported,3,no, palpitations
cardio-chest-pain,Cardiology,cardio-chest-pain-relevant_negatives-4,relevant_negatives,no focal neurological symptoms reported,4,no, focal
cardio-chest-pain,Cardiology,cardio-chest-pain-relevant_negatives-5,relevant_negatives,no severe persistent pain reported,5,no, severe
cardio-chest-pain,Cardiology,cardio-chest-pain-exam_findings-1,exam_findings,vital signs documented if measured,1,vital, signs
cardio-chest-pain,Cardiology,cardio-chest-pain-exam_findings-2,exam_findings,cardiovascular exam documented if assessed,2,cardiovascular, exam
cardio-chest-pain,Cardiology,cardio-chest-pain-exam_findings-3,exam_findings,respiratory exam documented if assessed,3,respiratory, exam
cardio-chest-pain,Cardiology,cardio-chest-pain-exam_findings-4,exam_findings,chest wall tenderness documented if assessed,4,chest, wall
cardio-chest-pain,Cardiology,cardio-chest-pain-exam_findings-5,exam_findings,peripheral perfusion documented if assessed,5,peripheral, perfusion
cardio-chest-pain,Cardiology,cardio-chest-pain-red_flags-1,red_flags,exertional chest pain,1,exertional, chest
cardio-chest-pain,Cardiology,cardio-chest-pain-red_flags-2,red_flags,syncope,2,syncope,cardiology
cardio-chest-pain,Cardiology,cardio-chest-pain-red_flags-3,red_flags,severe persistent pain,3,severe, persistent
cardio-chest-pain,Cardiology,cardio-chest-pain-red_flags-4,red_flags,abnormal vitals,4,abnormal, vitals
cardio-chest-pain,Cardiology,cardio-chest-pain-red_flags-5,red_flags,associated shortness of breath,5,associated, shortness
cardio-chest-pain,Cardiology,cardio-chest-pain-red_flags-6,red_flags,diaphoresis,6,diaphoresis,cardiology
cardio-chest-pain,Cardiology,cardio-chest-pain-investigations-1,investigations,ECG reviewed if performed,1,ECG, reviewed
cardio-chest-pain,Cardiology,cardio-chest-pain-investigations-2,investigations,troponin reviewed if ordered,2,troponin, reviewed
cardio-chest-pain,Cardiology,cardio-chest-pain-investigations-3,investigations,chest imaging reviewed if available,3,chest, imaging
cardio-chest-pain,Cardiology,cardio-chest-pain-investigations-4,investigations,blood tests reviewed if ordered,4,blood, tests
cardio-chest-pain,Cardiology,cardio-chest-pain-plan_phrases-1,plan_phrases,clinician-entered plan documented,1,clinician-entered, plan
cardio-chest-pain,Cardiology,cardio-chest-pain-plan_phrases-2,plan_phrases,safety-netting documented if discussed,2,safety-netting, documented
cardio-chest-pain,Cardiology,cardio-chest-pain-plan_phrases-3,plan_phrases,investigation follow-up documented if arranged,3,investigation, follow-up
cardio-chest-pain,Cardiology,cardio-chest-pain-plan_phrases-4,plan_phrases,referral or escalation documented if clinician decided,4,referral, or
cardio-chest-pain,Cardiology,cardio-chest-pain-plan_phrases-5,plan_phrases,follow-up documented if arranged,5,follow-up, documented
cardio-chest-pain,Cardiology,cardio-chest-pain-follow_up-1,follow_up,follow-up in 1-2 weeks if arranged,1,follow-up, in
cardio-chest-pain,Cardiology,cardio-chest-pain-follow_up-2,follow_up,return sooner if symptoms worsen,2,return, sooner
cardio-chest-pain,Cardiology,cardio-chest-pain-follow_up-3,follow_up,cardiology follow-up documented if arranged,3,cardiology, follow-up
cardio-palpitations,Cardiology,cardio-palpitations-symptoms-1,symptoms,palpitations,1,palpitations,cardiology
cardio-palpitations,Cardiology,cardio-palpitations-symptoms-2,symptoms,onset or duration documented,2,onset, or
cardio-palpitations,Cardiology,cardio-palpitations-symptoms-3,symptoms,regularity reviewed,3,regularity, reviewed
cardio-palpitations,Cardiology,cardio-palpitations-symptoms-4,symptoms,triggers reviewed,4,triggers, reviewed
cardio-palpitations,Cardiology,cardio-palpitations-symptoms-5,symptoms,chest pain or SOB or syncope reviewed,5,chest, pain
cardio-palpitations,Cardiology,cardio-palpitations-symptoms-6,symptoms,caffeine or stimulant history reviewed,6,caffeine, or
cardio-palpitations,Cardiology,cardio-palpitations-exam_findings-1,exam_findings,vital signs documented if measured,1,vital, signs
cardio-palpitations,Cardiology,cardio-palpitations-exam_findings-2,exam_findings,pulse or rhythm documented if assessed,2,pulse, or
cardio-palpitations,Cardiology,cardio-palpitations-relevant_negatives-1,relevant_negatives,no syncope reported,1,no, syncope
cardio-palpitations,Cardiology,cardio-palpitations-relevant_negatives-2,relevant_negatives,no chest pain reported,2,no, chest
cardio-palpitations,Cardiology,cardio-palpitations-investigations-1,investigations,ECG reviewed if performed,1,ECG, reviewed
cardio-palpitations,Cardiology,cardio-palpitations-investigations-2,investigations,thyroid function or electrolytes reviewed if ordered,2,thyroid, function
cardio-palpitations,Cardiology,cardio-palpitations-plan_phrases-1,plan_phrases,follow-up documented if arranged,1,follow-up, documented
cardio-palpitations,Cardiology,cardio-palpitations-plan_phrases-2,plan_phrases,monitoring or referral documented if clinician decided,2,monitoring, or
cardio-hypertension-followup,Cardiology,cardio-hypertension-followup-symptoms-1,symptoms,hypertension follow-up,1,hypertension, follow-up
cardio-hypertension-followup,Cardiology,cardio-hypertension-followup-symptoms-2,symptoms,home BP readings reviewed,2,home, BP
cardio-hypertension-followup,Cardiology,cardio-hypertension-followup-symptoms-3,symptoms,medication adherence discussed,3,medication, adherence
cardio-hypertension-followup,Cardiology,cardio-hypertension-followup-symptoms-4,symptoms,lifestyle context reviewed,4,lifestyle, context
cardio-hypertension-followup,Cardiology,cardio-hypertension-followup-relevant_negatives-1,relevant_negatives,no chest pain reported,1,no, chest
cardio-hypertension-followup,Cardiology,cardio-hypertension-followup-relevant_negatives-2,relevant_negatives,no shortness of breath reported,2,no, shortness
cardio-hypertension-followup,Cardiology,cardio-hypertension-followup-relevant_negatives-3,relevant_negatives,no visual symptoms reported,3,no, visual
cardio-hypertension-followup,Cardiology,cardio-hypertension-followup-relevant_negatives-4,relevant_negatives,no focal neurological symptoms reported,4,no, focal
cardio-hypertension-followup,Cardiology,cardio-hypertension-followup-exam_findings-1,exam_findings,blood pressure documented if measured,1,blood, pressure
cardio-hypertension-followup,Cardiology,cardio-hypertension-followup-exam_findings-2,exam_findings,cardiovascular exam documented if assessed,2,cardiovascular, exam
cardio-hypertension-followup,Cardiology,cardio-hypertension-followup-investigations-1,investigations,renal function reviewed if ordered,1,renal, function
cardio-hypertension-followup,Cardiology,cardio-hypertension-followup-investigations-2,investigations,urine ACR reviewed if ordered,2,urine, ACR
cardio-hypertension-followup,Cardiology,cardio-hypertension-followup-investigations-3,investigations,lipid profile reviewed if ordered,3,lipid, profile
cardio-hypertension-followup,Cardiology,cardio-hypertension-followup-plan_phrases-1,plan_phrases,medication review documented if clinician decided,1,medication, review
cardio-hypertension-followup,Cardiology,cardio-hypertension-followup-plan_phrases-2,plan_phrases,follow-up documented if arranged,2,follow-up, documented
cardio-heart-failure-followup,Cardiology,cardio-heart-failure-followup-symptoms-1,symptoms,heart failure follow-up,1,heart, failure
cardio-heart-failure-followup,Cardiology,cardio-heart-failure-followup-symptoms-2,symptoms,dyspnea reviewed,2,dyspnea, reviewed
cardio-heart-failure-followup,Cardiology,cardio-heart-failure-followup-symptoms-3,symptoms,orthopnea or PND reviewed,3,orthopnea, or
cardio-heart-failure-followup,Cardiology,cardio-heart-failure-followup-symptoms-4,symptoms,edema reviewed,4,edema, reviewed
cardio-heart-failure-followup,Cardiology,cardio-heart-failure-followup-symptoms-5,symptoms,weight change reviewed,5,weight, change
cardio-heart-failure-followup,Cardiology,cardio-heart-failure-followup-symptoms-6,symptoms,medication adherence discussed,6,medication, adherence
cardio-heart-failure-followup,Cardiology,cardio-heart-failure-followup-relevant_negatives-1,relevant_negatives,no chest pain reported,1,no, chest
cardio-heart-failure-followup,Cardiology,cardio-heart-failure-followup-relevant_negatives-2,relevant_negatives,no syncope reported,2,no, syncope
cardio-heart-failure-followup,Cardiology,cardio-heart-failure-followup-exam_findings-1,exam_findings,vital signs documented if measured,1,vital, signs
cardio-heart-failure-followup,Cardiology,cardio-heart-failure-followup-exam_findings-2,exam_findings,edema documented if assessed,2,edema, documented
cardio-heart-failure-followup,Cardiology,cardio-heart-failure-followup-exam_findings-3,exam_findings,chest auscultation documented if assessed,3,chest, auscultation
cardio-heart-failure-followup,Cardiology,cardio-heart-failure-followup-exam_findings-4,exam_findings,JVP documented if assessed,4,JVP, documented
cardio-heart-failure-followup,Cardiology,cardio-heart-failure-followup-investigations-1,investigations,renal function reviewed if ordered,1,renal, function
cardio-heart-failure-followup,Cardiology,cardio-heart-failure-followup-investigations-2,investigations,electrolytes reviewed if ordered,2,electrolytes, reviewed
cardio-heart-failure-followup,Cardiology,cardio-heart-failure-followup-plan_phrases-1,plan_phrases,follow-up documented if arranged,1,follow-up, documented
cardio-heart-failure-followup,Cardiology,cardio-heart-failure-followup-plan_phrases-2,plan_phrases,medication review documented if clinician decided,2,medication, review
cardio-ecg-review,Cardiology,cardio-ecg-review-symptoms-1,symptoms,ECG review,1,ECG, review
cardio-ecg-review,Cardiology,cardio-ecg-review-symptoms-2,symptoms,reason for ECG documented,2,reason, for
cardio-ecg-review,Cardiology,cardio-ecg-review-symptoms-3,symptoms,symptoms reviewed,3,symptoms, reviewed
cardio-ecg-review,Cardiology,cardio-ecg-review-symptoms-4,symptoms,previous ECG compared if available,4,previous, ECG
cardio-ecg-review,Cardiology,cardio-ecg-review-relevant_negatives-1,relevant_negatives,no chest pain reported,1,no, chest
cardio-ecg-review,Cardiology,cardio-ecg-review-relevant_negatives-2,relevant_negatives,no syncope reported,2,no, syncope
cardio-ecg-review,Cardiology,cardio-ecg-review-exam_findings-1,exam_findings,vital signs documented if measured,1,vital, signs
cardio-ecg-review,Cardiology,cardio-ecg-review-investigations-1,investigations,ECG reviewed,1,ECG, reviewed
cardio-ecg-review,Cardiology,cardio-ecg-review-investigations-2,investigations,clinician-entered interpretation documented,2,clinician-entered, interpretation
cardio-ecg-review,Cardiology,cardio-ecg-review-plan_phrases-1,plan_phrases,follow-up plan documented,1,follow-up, plan
cardio-ecg-review,Cardiology,cardio-ecg-review-plan_phrases-2,plan_phrases,referral documented if clinician decided,2,referral, documented
cardio-dyspnea,Cardiology,cardio-dyspnea-symptoms-1,symptoms,dyspnea,1,dyspnea,cardiology
cardio-dyspnea,Cardiology,cardio-dyspnea-symptoms-2,symptoms,exertional symptoms documented,2,exertional, symptoms
cardio-dyspnea,Cardiology,cardio-dyspnea-symptoms-3,symptoms,orthopnea or PND reviewed,3,orthopnea, or
cardio-dyspnea,Cardiology,cardio-dyspnea-symptoms-4,symptoms,chest pain reviewed,4,chest, pain
cardio-dyspnea,Cardiology,cardio-dyspnea-symptoms-5,symptoms,cough or wheeze reviewed,5,cough, or
cardio-dyspnea,Cardiology,cardio-dyspnea-symptoms-6,symptoms,leg swelling reviewed,6,leg, swelling
cardio-dyspnea,Cardiology,cardio-dyspnea-relevant_negatives-1,relevant_negatives,no chest pain reported,1,no, chest
cardio-dyspnea,Cardiology,cardio-dyspnea-relevant_negatives-2,relevant_negatives,no syncope reported,2,no, syncope
cardio-dyspnea,Cardiology,cardio-dyspnea-exam_findings-1,exam_findings,vital signs documented if measured,1,vital, signs
cardio-dyspnea,Cardiology,cardio-dyspnea-exam_findings-2,exam_findings,oxygen saturation documented if measured,2,oxygen, saturation
cardio-dyspnea,Cardiology,cardio-dyspnea-exam_findings-3,exam_findings,chest auscultation documented if assessed,3,chest, auscultation
cardio-dyspnea,Cardiology,cardio-dyspnea-exam_findings-4,exam_findings,edema documented if assessed,4,edema, documented
cardio-dyspnea,Cardiology,cardio-dyspnea-investigations-1,investigations,ECG reviewed if performed,1,ECG, reviewed
cardio-dyspnea,Cardiology,cardio-dyspnea-investigations-2,investigations,chest imaging reviewed if available,2,chest, imaging
cardio-dyspnea,Cardiology,cardio-dyspnea-plan_phrases-1,plan_phrases,follow-up documented if arranged,1,follow-up, documented
cardio-lipid-followup,Cardiology,cardio-lipid-followup-symptoms-1,symptoms,lipid follow-up,1,lipid, follow-up
cardio-lipid-followup,Cardiology,cardio-lipid-followup-symptoms-2,symptoms,lipid profile reviewed,2,lipid, profile
cardio-lipid-followup,Cardiology,cardio-lipid-followup-symptoms-3,symptoms,cardiovascular risk context documented,3,cardiovascular, risk
cardio-lipid-followup,Cardiology,cardio-lipid-followup-symptoms-4,symptoms,lifestyle context reviewed,4,lifestyle, context
cardio-lipid-followup,Cardiology,cardio-lipid-followup-symptoms-5,symptoms,medication adherence discussed,5,medication, adherence
cardio-lipid-followup,Cardiology,cardio-lipid-followup-symptoms-6,symptoms,side effects reviewed if relevant,6,side, effects
cardio-lipid-followup,Cardiology,cardio-lipid-followup-relevant_negatives-1,relevant_negatives,no chest pain reported,1,no, chest
cardio-lipid-followup,Cardiology,cardio-lipid-followup-relevant_negatives-2,relevant_negatives,no medication side effects reported,2,no, medication
cardio-lipid-followup,Cardiology,cardio-lipid-followup-exam_findings-1,exam_findings,vital signs documented if measured,1,vital, signs
cardio-lipid-followup,Cardiology,cardio-lipid-followup-investigations-1,investigations,liver function reviewed if ordered,1,liver, function
cardio-lipid-followup,Cardiology,cardio-lipid-followup-investigations-2,investigations,HbA1c or glucose reviewed if ordered,2,HbA1c, or
cardio-lipid-followup,Cardiology,cardio-lipid-followup-plan_phrases-1,plan_phrases,lifestyle advice documented if discussed,1,lifestyle, advice
cardio-lipid-followup,Cardiology,cardio-lipid-followup-plan_phrases-2,plan_phrases,medication review documented if clinician decided,2,medication, review
cardio-lipid-followup,Cardiology,cardio-lipid-followup-plan_phrases-3,plan_phrases,follow-up documented if arranged,3,follow-up, documented
cardio-post-pci-followup,Cardiology,cardio-post-pci-followup-symptoms-1,symptoms,post-PCI follow-up,1,post-PCI, follow-up
cardio-post-pci-followup,Cardiology,cardio-post-pci-followup-symptoms-2,symptoms,chest pain symptoms reviewed,2,chest, pain
cardio-post-pci-followup,Cardiology,cardio-post-pci-followup-symptoms-3,symptoms,dyspnea reviewed,3,dyspnea, reviewed
cardio-post-pci-followup,Cardiology,cardio-post-pci-followup-symptoms-4,symptoms,medication adherence discussed,4,medication, adherence
cardio-post-pci-followup,Cardiology,cardio-post-pci-followup-symptoms-5,symptoms,bleeding symptoms reviewed if relevant,5,bleeding, symptoms
cardio-post-pci-followup,Cardiology,cardio-post-pci-followup-symptoms-6,symptoms,exercise tolerance reviewed,6,exercise, tolerance
cardio-post-pci-followup,Cardiology,cardio-post-pci-followup-relevant_negatives-1,relevant_negatives,no chest pain reported,1,no, chest
cardio-post-pci-followup,Cardiology,cardio-post-pci-followup-relevant_negatives-2,relevant_negatives,no shortness of breath reported,2,no, shortness
cardio-post-pci-followup,Cardiology,cardio-post-pci-followup-exam_findings-1,exam_findings,vital signs documented if measured,1,vital, signs
cardio-post-pci-followup,Cardiology,cardio-post-pci-followup-exam_findings-2,exam_findings,cardiovascular exam documented if assessed,2,cardiovascular, exam
cardio-post-pci-followup,Cardiology,cardio-post-pci-followup-investigations-1,investigations,ECG reviewed if performed,1,ECG, reviewed
cardio-post-pci-followup,Cardiology,cardio-post-pci-followup-plan_phrases-1,plan_phrases,medication review documented if clinician decided,1,medication, review
cardio-post-pci-followup,Cardiology,cardio-post-pci-followup-plan_phrases-2,plan_phrases,cardiac follow-up documented if arranged,2,cardiac, follow-up
cardio-syncope,Cardiology,cardio-syncope-symptoms-1,symptoms,syncope,1,syncope,cardiology
cardio-syncope,Cardiology,cardio-syncope-symptoms-2,symptoms,prodrome documented,2,prodrome, documented
cardio-syncope,Cardiology,cardio-syncope-symptoms-3,symptoms,position documented,3,position, documented
cardio-syncope,Cardiology,cardio-syncope-symptoms-4,symptoms,duration of LOC documented if known,4,duration, of
cardio-syncope,Cardiology,cardio-syncope-symptoms-5,symptoms,witnessed event reviewed if available,5,witnessed, event
cardio-syncope,Cardiology,cardio-syncope-symptoms-6,symptoms,palpitations or chest pain or SOB reviewed,6,palpitations, or
cardio-syncope,Cardiology,cardio-syncope-relevant_negatives-1,relevant_negatives,no chest pain reported,1,no, chest
cardio-syncope,Cardiology,cardio-syncope-relevant_negatives-2,relevant_negatives,no focal neurological symptoms reported,2,no, focal
cardio-syncope,Cardiology,cardio-syncope-exam_findings-1,exam_findings,vital signs documented if measured,1,vital, signs
cardio-syncope,Cardiology,cardio-syncope-exam_findings-2,exam_findings,orthostatic BP documented if measured,2,orthostatic, BP
cardio-syncope,Cardiology,cardio-syncope-exam_findings-3,exam_findings,cardiovascular exam documented if assessed,3,cardiovascular, exam
cardio-syncope,Cardiology,cardio-syncope-exam_findings-4,exam_findings,neurological screen documented if assessed,4,neurological, screen
cardio-syncope,Cardiology,cardio-syncope-investigations-1,investigations,ECG reviewed if performed,1,ECG, reviewed
cardio-syncope,Cardiology,cardio-syncope-investigations-2,investigations,glucose checked if performed,2,glucose, checked
cardio-syncope,Cardiology,cardio-syncope-plan_phrases-1,plan_phrases,follow-up documented if arranged,1,follow-up, documented
cardio-murmur-documentation,Cardiology,cardio-murmur-documentation-symptoms-1,symptoms,murmur documentation,1,murmur, documentation
cardio-murmur-documentation,Cardiology,cardio-murmur-documentation-symptoms-2,symptoms,incidental murmur context,2,incidental, murmur
cardio-murmur-documentation,Cardiology,cardio-murmur-documentation-symptoms-3,symptoms,symptoms reviewed,3,symptoms, reviewed
cardio-murmur-documentation,Cardiology,cardio-murmur-documentation-symptoms-4,symptoms,exertional symptoms reviewed,4,exertional, symptoms
cardio-murmur-documentation,Cardiology,cardio-murmur-documentation-symptoms-5,symptoms,syncope reviewed,5,syncope, reviewed
cardio-murmur-documentation,Cardiology,cardio-murmur-documentation-symptoms-6,symptoms,family history reviewed if relevant,6,family, history
cardio-murmur-documentation,Cardiology,cardio-murmur-documentation-exam_findings-1,exam_findings,vital signs documented if measured,1,vital, signs
cardio-murmur-documentation,Cardiology,cardio-murmur-documentation-exam_findings-2,exam_findings,cardiac auscultation documented if assessed,2,cardiac, auscultation
cardio-murmur-documentation,Cardiology,cardio-murmur-documentation-exam_findings-3,exam_findings,murmur timing documented if assessed,3,murmur, timing
cardio-murmur-documentation,Cardiology,cardio-murmur-documentation-exam_findings-4,exam_findings,murmur location or radiation documented if assessed,4,murmur, location
cardio-murmur-documentation,Cardiology,cardio-murmur-documentation-exam_findings-5,exam_findings,peripheral signs documented if assessed,5,peripheral, signs
cardio-murmur-documentation,Cardiology,cardio-murmur-documentation-investigations-1,investigations,ECG reviewed if performed,1,ECG, reviewed
cardio-murmur-documentation,Cardiology,cardio-murmur-documentation-investigations-2,investigations,echo report reviewed if available,2,echo, report
cardio-murmur-documentation,Cardiology,cardio-murmur-documentation-plan_phrases-1,plan_phrases,referral documented if clinician decided,1,referral, documented
cardio-murmur-documentation,Cardiology,cardio-murmur-documentation-plan_phrases-2,plan_phrases,follow-up documented if arranged,2,follow-up, documented
neuro-headache,Neurology,neuro-headache-symptoms-1,symptoms,headache,1,"headache, cephalgia",neurology
neuro-headache,Neurology,neuro-headache-symptoms-2,symptoms,duration documented,2,"duration, timing",neurology
neuro-headache,Neurology,neuro-headache-symptoms-3,symptoms,location documented,3,"location, site",neurology
neuro-headache,Neurology,neuro-headache-symptoms-4,symptoms,character documented,4,"character, quality",neurology
neuro-headache,Neurology,neuro-headache-symptoms-5,symptoms,severity documented,5,"severity, intensity",neurology
neuro-headache,Neurology,neuro-headache-symptoms-6,symptoms,nausea reviewed,6,nausea,neurology
neuro-headache,Neurology,neuro-headache-symptoms-7,symptoms,vomiting reviewed,7,vomiting,neurology
neuro-headache,Neurology,neuro-headache-symptoms-8,symptoms,photophobia reviewed,8,"photophobia, light sensitivity",neurology
neuro-headache,Neurology,neuro-headache-symptoms-9,symptoms,phonophobia reviewed,9,"phonophobia, sound sensitivity",neurology
neuro-headache,Neurology,neuro-headache-symptoms-10,symptoms,visual symptoms reviewed,10,"visual, vision, aura",neurology
neuro-headache,Neurology,neuro-headache-symptoms-11,symptoms,trigger context reviewed,11,"trigger, precipitating",neurology
neuro-headache,Neurology,neuro-headache-symptoms-12,symptoms,relieving factors reviewed,12,"relieving, medication",neurology
neuro-headache,Neurology,neuro-headache-symptoms-13,symptoms,everyday activity impact documented,13,"impact, daily, ADL",neurology
neuro-headache,Neurology,neuro-headache-relevant_negatives-1,relevant_negatives,no focal neurological symptoms reported,1,"focal, neurological",neurology
neuro-headache,Neurology,neuro-headache-relevant_negatives-2,relevant_negatives,no seizure reported,2,"seizure, fits",neurology
neuro-headache,Neurology,neuro-headache-relevant_negatives-3,relevant_negatives,no neck stiffness reported,3,"neck, stiffness",neurology
neuro-headache,Neurology,neuro-headache-relevant_negatives-4,relevant_negatives,no fever reported,4,"fever, febrile",neurology
neuro-headache,Neurology,neuro-headache-relevant_negatives-5,relevant_negatives,no head trauma reported,5,"head, trauma, injury",neurology
neuro-headache,Neurology,neuro-headache-relevant_negatives-6,relevant_negatives,no sudden thunderclap onset reported if assessed,6,"thunderclap, sudden, onset",neurology
neuro-headache,Neurology,neuro-headache-relevant_negatives-7,relevant_negatives,no visual loss reported,7,"visual, loss, vision",neurology
neuro-headache,Neurology,neuro-headache-exam_findings-1,exam_findings,vitals documented if measured,1,"vitals, blood pressure",neurology
neuro-headache,Neurology,neuro-headache-exam_findings-2,exam_findings,neurological screen documented if assessed,2,"neurological, neuro exam",neurology
neuro-headache,Neurology,neuro-headache-exam_findings-3,exam_findings,cranial nerve screen documented if assessed,3,"cranial, nerve, CN",neurology
neuro-headache,Neurology,neuro-headache-exam_findings-4,exam_findings,limb power documented if assessed,4,"power, strength, motor",neurology
neuro-headache,Neurology,neuro-headache-exam_findings-5,exam_findings,sensation documented if assessed,5,"sensation, sensory",neurology
neuro-headache,Neurology,neuro-headache-exam_findings-6,exam_findings,coordination documented if assessed,6,"coordination, cerebellar",neurology
neuro-headache,Neurology,neuro-headache-exam_findings-7,exam_findings,gait documented if assessed,7,"gait, walking",neurology
neuro-headache,Neurology,neuro-headache-exam_findings-8,exam_findings,neck stiffness documented if assessed,8,"neck, stiffness, meningism",neurology
neuro-headache,Neurology,neuro-headache-exam_findings-9,exam_findings,fundoscopy documented if assessed,9,"fundoscopy, optic disc",neurology
neuro-headache,Neurology,neuro-headache-red_flags-1,red_flags,thunderclap onset,1,"thunderclap, sudden","neurology,high_safety"
neuro-headache,Neurology,neuro-headache-red_flags-2,red_flags,focal neurological deficit,2,"focal, deficit, weakness","neurology,high_safety"
neuro-headache,Neurology,neuro-headache-red_flags-3,red_flags,seizure,3,"seizure, fit","neurology,high_safety"
neuro-headache,Neurology,neuro-headache-red_flags-4,red_flags,fever with neck stiffness,4,"fever, neck, stiffness","neurology,high_safety"
neuro-headache,Neurology,neuro-headache-red_flags-5,red_flags,head trauma,5,"trauma, head, injury","neurology,high_safety"
neuro-headache,Neurology,neuro-headache-red_flags-6,red_flags,new headache in older age,6,"new, older, age","neurology,high_safety"
neuro-headache,Neurology,neuro-headache-red_flags-7,red_flags,progressive worsening,7,"progressive, worsening","neurology,high_safety"
neuro-headache,Neurology,neuro-headache-red_flags-8,red_flags,visual loss,8,"visual, loss, vision","neurology,high_safety"
neuro-headache,Neurology,neuro-headache-investigations-1,investigations,blood pressure recorded if measured,1,"blood, pressure, BP",neurology
neuro-headache,Neurology,neuro-headache-investigations-2,investigations,imaging reviewed if available,2,"imaging, MRI, CT",neurology
neuro-headache,Neurology,neuro-headache-investigations-3,investigations,previous neurology notes reviewed if available,3,"previous, neurology, notes",neurology
neuro-headache,Neurology,neuro-headache-investigations-4,investigations,blood tests reviewed if ordered,4,"blood, tests, labs",neurology
neuro-headache,Neurology,neuro-headache-plan_phrases-1,plan_phrases,clinician-entered plan documented,1,"plan, management",neurology
neuro-headache,Neurology,neuro-headache-plan_phrases-2,plan_phrases,safety-netting documented if discussed,2,"safety, netting",neurology
neuro-headache,Neurology,neuro-headache-plan_phrases-3,plan_phrases,follow-up documented if arranged,3,"follow, up",neurology
neuro-headache,Neurology,neuro-headache-plan_phrases-4,plan_phrases,referral documented if clinician decided,4,referral,neurology
neuro-headache,Neurology,neuro-headache-plan_phrases-5,plan_phrases,medication plan documented if clinician decided,5,"medication, treatment",neurology
neuro-headache,Neurology,neuro-headache-follow_up-1,follow_up,1-2 weeks if not improving,1,"one, two, weeks",neurology
neuro-headache,Neurology,neuro-headache-follow_up-2,follow_up,2-4 weeks,2,"two, four, weeks",neurology
neuro-headache,Neurology,neuro-headache-follow_up-3,follow_up,sooner if worsening,3,"sooner, worsening",neurology
neuro-headache,Neurology,neuro-headache-follow_up-4,follow_up,sooner if new symptoms,4,"sooner, new, symptoms",neurology
neuro-headache,Neurology,neuro-headache-follow_up-5,follow_up,PRN,5,"PRN, as needed",neurology
neuro-migraine-followup,Neurology,neuro-migraine-followup-symptoms-1,symptoms,migraine follow-up,1,"migraine, followup",neurology
neuro-migraine-followup,Neurology,neuro-migraine-followup-symptoms-2,symptoms,headache frequency reviewed,2,"frequency, how often",neurology
neuro-migraine-followup,Neurology,neuro-migraine-followup-symptoms-3,symptoms,headache duration reviewed,3,"duration, how long",neurology
neuro-migraine-followup,Neurology,neuro-migraine-followup-symptoms-4,symptoms,headache severity reviewed,4,"severity, intensity",neurology
neuro-migraine-followup,Neurology,neuro-migraine-followup-symptoms-5,symptoms,aura symptoms reviewed,5,"aura, visual",neurology
neuro-migraine-followup,Neurology,neuro-migraine-followup-symptoms-6,symptoms,trigger pattern reviewed,6,"trigger, pattern",neurology
neuro-migraine-followup,Neurology,neuro-migraine-followup-symptoms-7,symptoms,functional impact documented,7,"functional, impact, work",neurology
neuro-migraine-followup,Neurology,neuro-migraine-followup-symptoms-8,symptoms,medication use reviewed,8,"medication, use, triptan",neurology
neuro-migraine-followup,Neurology,neuro-migraine-followup-symptoms-9,symptoms,acute treatment response reviewed,9,"acute, treatment, response",neurology
neuro-migraine-followup,Neurology,neuro-migraine-followup-symptoms-10,symptoms,preventive treatment reviewed if applicable,10,"preventive, prophylaxis",neurology
neuro-migraine-followup,Neurology,neuro-migraine-followup-relevant_negatives-1,relevant_negatives,no new focal neurological symptoms reported,1,"new, focal",neurology
neuro-migraine-followup,Neurology,neuro-migraine-followup-relevant_negatives-2,relevant_negatives,no change in headache pattern reported if applicable,2,"change, pattern",neurology
neuro-migraine-followup,Neurology,neuro-migraine-followup-relevant_negatives-3,relevant_negatives,no medication overuse reported if applicable,3,"overuse, medication",neurology
neuro-migraine-followup,Neurology,neuro-migraine-followup-exam_findings-1,exam_findings,neurological screen documented if assessed,1,"neurological, neuro",neurology
neuro-migraine-followup,Neurology,neuro-migraine-followup-exam_findings-2,exam_findings,cranial nerve screen documented if assessed,2,"cranial, nerve",neurology
neuro-migraine-followup,Neurology,neuro-migraine-followup-exam_findings-3,exam_findings,headache diary reviewed if available,3,"diary, headache log",neurology
neuro-migraine-followup,Neurology,neuro-migraine-followup-exam_findings-4,exam_findings,blood pressure recorded if measured,4,"blood, pressure, BP",neurology
neuro-migraine-followup,Neurology,neuro-migraine-followup-plan_phrases-1,plan_phrases,medication plan documented if clinician decided,1,"medication, plan, triptan",neurology
neuro-migraine-followup,Neurology,neuro-migraine-followup-plan_phrases-2,plan_phrases,preventive plan documented if clinician decided,2,"preventive, prophylaxis",neurology
neuro-migraine-followup,Neurology,neuro-migraine-followup-plan_phrases-3,plan_phrases,lifestyle modification discussed if applicable,3,"lifestyle, modification",neurology
neuro-migraine-followup,Neurology,neuro-migraine-followup-plan_phrases-4,plan_phrases,acute treatment plan documented if clinician decided,4,"acute, treatment",neurology
neuro-migraine-followup,Neurology,neuro-migraine-followup-plan_phrases-5,plan_phrases,referral documented if clinician decided,5,"referral, neurologist",neurology
neuro-migraine-followup,Neurology,neuro-migraine-followup-follow_up-1,follow_up,follow-up documented if arranged,1,"follow, up",neurology
neuro-migraine-followup,Neurology,neuro-migraine-followup-follow_up-2,follow_up,1-3 months,2,"one, three, months",neurology
neuro-migraine-followup,Neurology,neuro-migraine-followup-follow_up-3,follow_up,sooner if worsening,3,"sooner, worsening",neurology
neuro-migraine-followup,Neurology,neuro-migraine-followup-follow_up-4,follow_up,PRN,4,"PRN, as needed",neurology
neuro-seizure-followup,Neurology,neuro-seizure-followup-symptoms-1,symptoms,seizure follow-up,1,"seizure, followup, epilepsy",neurology
neuro-seizure-followup,Neurology,neuro-seizure-followup-symptoms-2,symptoms,seizure frequency reviewed,2,"frequency, how often",neurology
neuro-seizure-followup,Neurology,neuro-seizure-followup-symptoms-3,symptoms,last seizure date and context documented,3,"last, seizure, date",neurology
neuro-seizure-followup,Neurology,neuro-seizure-followup-symptoms-4,symptoms,witnessed features reviewed,4,"witnessed, features",neurology
neuro-seizure-followup,Neurology,neuro-seizure-followup-symptoms-5,symptoms,aura or prodrome reviewed,5,"aura, prodrome",neurology
neuro-seizure-followup,Neurology,neuro-seizure-followup-symptoms-6,symptoms,post-ictal symptoms reviewed,6,"postictal, post-ictal",neurology
neuro-seizure-followup,Neurology,neuro-seizure-followup-symptoms-7,symptoms,adherence reviewed,7,"adherence, compliance, medication",neurology
neuro-seizure-followup,Neurology,neuro-seizure-followup-symptoms-8,symptoms,side effects reviewed,8,"side, effects",neurology
neuro-seizure-followup,Neurology,neuro-seizure-followup-symptoms-9,symptoms,sleep deprivation reviewed,9,"sleep, deprivation",neurology
neuro-seizure-followup,Neurology,neuro-seizure-followup-symptoms-10,symptoms,alcohol or substance use reviewed if relevant,10,"alcohol, substance",neurology
neuro-seizure-followup,Neurology,neuro-seizure-followup-relevant_negatives-1,relevant_negatives,no new neurological deficit reported,1,"new, deficit",neurology
neuro-seizure-followup,Neurology,neuro-seizure-followup-relevant_negatives-2,relevant_negatives,no seizure-related injury reported if applicable,2,"injury, trauma",neurology
neuro-seizure-followup,Neurology,neuro-seizure-followup-relevant_negatives-3,relevant_negatives,no seizure clustering or convulsive emergency reported,3,"status, epilepticus",neurology
neuro-seizure-followup,Neurology,neuro-seizure-followup-exam_findings-1,exam_findings,neurological screen documented if assessed,1,"neurological, neuro",neurology
neuro-seizure-followup,Neurology,neuro-seizure-followup-exam_findings-2,exam_findings,cranial nerve screen documented if assessed,2,"cranial, nerve, CN",neurology
neuro-seizure-followup,Neurology,neuro-seizure-followup-exam_findings-3,exam_findings,medication level reviewed if ordered,3,"level, drug, AED",neurology
neuro-seizure-followup,Neurology,neuro-seizure-followup-exam_findings-4,exam_findings,EEG report reviewed if available,4,"EEG, electroencephalogram",neurology
neuro-seizure-followup,Neurology,neuro-seizure-followup-exam_findings-5,exam_findings,MRI report reviewed if available,5,"MRI, imaging",neurology
neuro-seizure-followup,Neurology,neuro-seizure-followup-plan_phrases-1,plan_phrases,medication plan documented if clinician decided,1,"medication, AED, anticonvulsant",neurology
neuro-seizure-followup,Neurology,neuro-seizure-followup-plan_phrases-2,plan_phrases,dose adjustment documented if clinician decided,2,"dose, adjustment",neurology
neuro-seizure-followup,Neurology,neuro-seizure-followup-plan_phrases-3,plan_phrases,referral documented if clinician decided,3,"referral, neurologist",neurology
neuro-seizure-followup,Neurology,neuro-seizure-followup-plan_phrases-4,plan_phrases,safety-netting documented if discussed,4,"safety, netting",neurology
neuro-seizure-followup,Neurology,neuro-seizure-followup-plan_phrases-5,plan_phrases,women of childbearing potential counselling discussed if relevant,5,"pregnancy, contraception",neurology
neuro-seizure-followup,Neurology,neuro-seizure-followup-follow_up-1,follow_up,follow-up documented if arranged,1,"follow, up",neurology
neuro-seizure-followup,Neurology,neuro-seizure-followup-follow_up-2,follow_up,1-3 months,2,"one, three, months",neurology
neuro-seizure-followup,Neurology,neuro-seizure-followup-follow_up-3,follow_up,3-6 months if stable,3,"three, six, stable",neurology
neuro-seizure-followup,Neurology,neuro-seizure-followup-follow_up-4,follow_up,sooner if symptom change,4,"sooner, change",neurology
neuro-seizure-followup,Neurology,neuro-seizure-followup-follow_up-5,follow_up,PRN,5,"PRN, as needed",neurology
neuro-dizziness,Neurology,neuro-dizziness-symptoms-1,symptoms,dizziness,1,"dizziness, lightheaded",neurology
neuro-dizziness,Neurology,neuro-dizziness-symptoms-2,symptoms,vertigo versus lightheadedness context documented,2,"vertigo, lightheaded, spinning",neurology
neuro-dizziness,Neurology,neuro-dizziness-symptoms-3,symptoms,positional symptoms reviewed,3,"positional, BPPV",neurology
neuro-dizziness,Neurology,neuro-dizziness-symptoms-4,symptoms,duration and frequency documented,4,"duration, frequency",neurology
neuro-dizziness,Neurology,neuro-dizziness-symptoms-5,symptoms,nausea reviewed,5,nausea,neurology
neuro-dizziness,Neurology,neuro-dizziness-symptoms-6,symptoms,vomiting reviewed,6,vomiting,neurology
neuro-dizziness,Neurology,neuro-dizziness-symptoms-7,symptoms,hearing symptoms reviewed,7,"hearing, tinnitus",neurology
neuro-dizziness,Neurology,neuro-dizziness-symptoms-8,symptoms,headache reviewed,8,headache,neurology
neuro-dizziness,Neurology,neuro-dizziness-symptoms-9,symptoms,triggering context reviewed,9,"trigger, movement",neurology
neuro-dizziness,Neurology,neuro-dizziness-relevant_negatives-1,relevant_negatives,no focal neurological symptoms reported,1,"focal, neurological",neurology
neuro-dizziness,Neurology,neuro-dizziness-relevant_negatives-2,relevant_negatives,no syncope reported,2,"syncope, fainting",neurology
neuro-dizziness,Neurology,neuro-dizziness-relevant_negatives-3,relevant_negatives,no chest pain reported if relevant,3,"chest, pain, cardiac",neurology
neuro-dizziness,Neurology,neuro-dizziness-relevant_negatives-4,relevant_negatives,no head trauma reported,4,"trauma, head, injury",neurology
neuro-dizziness,Neurology,neuro-dizziness-relevant_negatives-5,relevant_negatives,no palpitations reported if relevant,5,palpitations,neurology
neuro-dizziness,Neurology,neuro-dizziness-exam_findings-1,exam_findings,neurological screen documented if assessed,1,"neurological, neuro",neurology
neuro-dizziness,Neurology,neuro-dizziness-exam_findings-2,exam_findings,cranial nerve screen documented if assessed,2,"cranial, nerve",neurology
neuro-dizziness,Neurology,neuro-dizziness-exam_findings-3,exam_findings,nystagmus documented if assessed,3,nystagmus,neurology
neuro-dizziness,Neurology,neuro-dizziness-exam_findings-4,exam_findings,gait documented if assessed,4,"gait, walking",neurology
neuro-dizziness,Neurology,neuro-dizziness-exam_findings-5,exam_findings,Romberg test documented if assessed,5,Romberg,neurology
neuro-dizziness,Neurology,neuro-dizziness-exam_findings-6,exam_findings,ear examination documented if assessed,6,"ear, otoscopy",neurology
neuro-dizziness,Neurology,neuro-dizziness-exam_findings-7,exam_findings,Dix-Hallpike test documented if performed,7,"Dix-Hallpike, positional",neurology
neuro-dizziness,Neurology,neuro-dizziness-exam_findings-8,exam_findings,ECG reviewed if performed,8,"ECG, EKG",neurology
neuro-dizziness,Neurology,neuro-dizziness-exam_findings-9,exam_findings,glucose checked if performed,9,"glucose, sugar",neurology
neuro-dizziness,Neurology,neuro-dizziness-exam_findings-10,exam_findings,postural blood pressure documented if measured,10,"orthostatic, BP",neurology
neuro-dizziness,Neurology,neuro-dizziness-red_flags-1,red_flags,focal neurological deficit,1,"focal, deficit","neurology,high_safety"
neuro-dizziness,Neurology,neuro-dizziness-red_flags-2,red_flags,ataxia or gait difficulty,2,"ataxia, gait","neurology,high_safety"
neuro-dizziness,Neurology,neuro-dizziness-red_flags-3,red_flags,syncope,3,"syncope, faint","neurology,high_safety"
neuro-dizziness,Neurology,neuro-dizziness-red_flags-4,red_flags,chest pain or palpitations,4,"chest, palpitations","neurology,high_safety"
neuro-dizziness,Neurology,neuro-dizziness-red_flags-5,red_flags,severe occipital headache,5,"occipital, headache","neurology,high_safety"
neuro-dizziness,Neurology,neuro-dizziness-red_flags-6,red_flags,sudden hearing loss,6,"hearing, loss","neurology,high_safety"
neuro-dizziness,Neurology,neuro-dizziness-investigations-1,investigations,ECG reviewed if performed,1,"ECG, EKG",neurology
neuro-dizziness,Neurology,neuro-dizziness-investigations-2,investigations,cardiac monitoring reviewed if arranged,2,"monitoring, Holter",neurology
neuro-dizziness,Neurology,neuro-dizziness-investigations-3,investigations,imaging of brain reviewed if available,3,"imaging, MRI, CT",neurology
neuro-dizziness,Neurology,neuro-dizziness-investigations-4,investigations,audiology referral documented if clinician decided,4,"audiology, hearing",neurology
neuro-dizziness,Neurology,neuro-dizziness-plan_phrases-1,plan_phrases,clinician-entered plan documented,1,"plan, management",neurology
neuro-dizziness,Neurology,neuro-dizziness-plan_phrases-2,plan_phrases,safety-netting documented if discussed,2,"safety, netting",neurology
neuro-dizziness,Neurology,neuro-dizziness-plan_phrases-3,plan_phrases,vestibular rehabilitation discussed if relevant,3,"vestibular, rehab",neurology
neuro-dizziness,Neurology,neuro-dizziness-plan_phrases-4,plan_phrases,follow-up documented if arranged,4,"follow, up",neurology
neuro-dizziness,Neurology,neuro-dizziness-plan_phrases-5,plan_phrases,referral documented if clinician decided,5,referral,neurology
neuro-dizziness,Neurology,neuro-dizziness-follow_up-1,follow_up,1-2 weeks if not improving,1,"one, two, weeks",neurology
neuro-dizziness,Neurology,neuro-dizziness-follow_up-2,follow_up,2-4 weeks,2,"two, four, weeks",neurology
neuro-dizziness,Neurology,neuro-dizziness-follow_up-3,follow_up,sooner if worsening,3,"sooner, worsening",neurology
neuro-dizziness,Neurology,neuro-dizziness-follow_up-4,follow_up,PRN,4,"PRN, as needed",neurology
neuro-weakness,Neurology,neuro-weakness-symptoms-1,symptoms,weakness,1,"weakness, limb weakness",neurology
neuro-weakness,Neurology,neuro-weakness-symptoms-2,symptoms,onset documented,2,"onset, acute, gradual",neurology
neuro-weakness,Neurology,neuro-weakness-symptoms-3,symptoms,distribution documented,3,"distribution, pattern",neurology
neuro-weakness,Neurology,neuro-weakness-symptoms-4,symptoms,progression documented,4,"progression, worsening",neurology
neuro-weakness,Neurology,neuro-weakness-symptoms-5,symptoms,fluctuation pattern reviewed,5,"fluctuation, variable",neurology
neuro-weakness,Neurology,neuro-weakness-symptoms-6,symptoms,associated sensory symptoms reviewed,6,"sensory, numbness",neurology
neuro-weakness,Neurology,neuro-weakness-symptoms-7,symptoms,speech symptoms reviewed,7,"speech, dysarthria",neurology
neuro-weakness,Neurology,neuro-weakness-symptoms-8,symptoms,vision symptoms reviewed,8,"vision, visual",neurology
neuro-weakness,Neurology,neuro-weakness-symptoms-9,symptoms,pain reviewed,9,pain,neurology
neuro-weakness,Neurology,neuro-weakness-symptoms-10,symptoms,functional impact documented,10,"functional, daily",neurology
neuro-weakness,Neurology,neuro-weakness-relevant_negatives-1,relevant_negatives,no seizure reported,1,seizure,neurology
neuro-weakness,Neurology,neuro-weakness-relevant_negatives-2,relevant_negatives,no headache reported if relevant,2,headache,neurology
neuro-weakness,Neurology,neuro-weakness-relevant_negatives-3,relevant_negatives,no trauma reported,3,"trauma, injury",neurology
neuro-weakness,Neurology,neuro-weakness-relevant_negatives-4,relevant_negatives,no fever reported,4,fever,neurology
neuro-weakness,Neurology,neuro-weakness-relevant_negatives-5,relevant_negatives,no falls reported if applicable,5,falls,neurology
neuro-weakness,Neurology,neuro-weakness-exam_findings-1,exam_findings,neurological examination documented if assessed,1,"neurological, neuro",neurology
neuro-weakness,Neurology,neuro-weakness-exam_findings-2,exam_findings,power documented if assessed,2,"power, strength, MRC",neurology
neuro-weakness,Neurology,neuro-weakness-exam_findings-3,exam_findings,reflexes documented if assessed,3,"reflexes, DTR",neurology
neuro-weakness,Neurology,neuro-weakness-exam_findings-4,exam_findings,tone documented if assessed,4,"tone, spasticity",neurology
neuro-weakness,Neurology,neuro-weakness-exam_findings-5,exam_findings,sensation documented if assessed,5,"sensation, sensory",neurology
neuro-weakness,Neurology,neuro-weakness-exam_findings-6,exam_findings,coordination documented if assessed,6,"coordination, cerebellar",neurology
neuro-weakness,Neurology,neuro-weakness-exam_findings-7,exam_findings,gait documented if assessed,7,"gait, walking",neurology
neuro-weakness,Neurology,neuro-weakness-exam_findings-8,exam_findings,cranial nerves documented if assessed,8,"cranial, nerves, CN",neurology
neuro-weakness,Neurology,neuro-weakness-red_flags-1,red_flags,acute onset unilateral weakness,1,"acute, unilateral","neurology,high_safety"
neuro-weakness,Neurology,neuro-weakness-red_flags-2,red_flags,facial droop or speech difficulty,2,"facial, speech","neurology,high_safety"
neuro-weakness,Neurology,neuro-weakness-red_flags-3,red_flags,rapidly progressive weakness,3,"rapid, progressive","neurology,high_safety"
neuro-weakness,Neurology,neuro-weakness-red_flags-4,red_flags,bowel or bladder involvement,4,"bowel, bladder","neurology,high_safety"
neuro-weakness,Neurology,neuro-weakness-red_flags-5,red_flags,sensory level on trunk,5,"sensory, level","neurology,high_safety"
neuro-weakness,Neurology,neuro-weakness-red_flags-6,red_flags,headache with focal deficit,6,"headache, deficit","neurology,high_safety"
neuro-weakness,Neurology,neuro-weakness-investigations-1,investigations,imaging reviewed if available,1,"imaging, MRI, CT",neurology
neuro-weakness,Neurology,neuro-weakness-investigations-2,investigations,blood tests reviewed if ordered,2,"blood, labs, tests",neurology
neuro-weakness,Neurology,neuro-weakness-investigations-3,investigations,previous neurology notes reviewed if available,3,"neurology, previous",neurology
neuro-weakness,Neurology,neuro-weakness-plan_phrases-1,plan_phrases,clinician-entered plan documented,1,"plan, management",neurology
neuro-weakness,Neurology,neuro-weakness-plan_phrases-2,plan_phrases,referral or escalation documented if clinician decided,2,"referral, escalation",neurology
neuro-weakness,Neurology,neuro-weakness-plan_phrases-3,plan_phrases,follow-up documented if arranged,3,"follow, up",neurology
neuro-weakness,Neurology,neuro-weakness-plan_phrases-4,plan_phrases,safety-netting documented if discussed,4,"safety, netting",neurology
neuro-weakness,Neurology,neuro-weakness-follow_up-1,follow_up,1-2 weeks,1,"one, two, weeks",neurology
neuro-weakness,Neurology,neuro-weakness-follow_up-2,follow_up,2-4 weeks,2,"two, four, weeks",neurology
neuro-weakness,Neurology,neuro-weakness-follow_up-3,follow_up,sooner if worsening,3,"sooner, worsening",neurology
neuro-weakness,Neurology,neuro-weakness-follow_up-4,follow_up,PRN,4,"PRN, as needed",neurology
neuro-numbness-tingling,Neurology,neuro-numbness-tingling-symptoms-1,symptoms,numbness or tingling,1,"numbness, tingling",neurology
neuro-numbness-tingling,Neurology,neuro-numbness-tingling-symptoms-2,symptoms,distribution documented,2,"distribution, location",neurology
neuro-numbness-tingling,Neurology,neuro-numbness-tingling-symptoms-3,symptoms,onset and duration documented,3,"onset, duration",neurology
neuro-numbness-tingling,Neurology,neuro-numbness-tingling-symptoms-4,symptoms,progression documented,4,"progression, worsening",neurology
neuro-numbness-tingling,Neurology,neuro-numbness-tingling-symptoms-5,symptoms,weakness reviewed,5,weakness,neurology
neuro-numbness-tingling,Neurology,neuro-numbness-tingling-symptoms-6,symptoms,pain reviewed,6,pain,neurology
neuro-numbness-tingling,Neurology,neuro-numbness-tingling-symptoms-7,symptoms,functional impact documented,7,"functional, impact",neurology
neuro-numbness-tingling,Neurology,neuro-numbness-tingling-symptoms-8,symptoms,associated skin changes reviewed if relevant,8,"skin, rash",neurology
neuro-numbness-tingling,Neurology,neuro-numbness-tingling-relevant_negatives-1,relevant_negatives,no focal weakness reported if applicable,1,"focal, weakness",neurology
neuro-numbness-tingling,Neurology,neuro-numbness-tingling-relevant_negatives-2,relevant_negatives,no bowel or bladder symptoms reported if relevant,2,"bowel, bladder",neurology
neuro-numbness-tingling,Neurology,neuro-numbness-tingling-relevant_negatives-3,relevant_negatives,no trauma reported,3,trauma,neurology
neuro-numbness-tingling,Neurology,neuro-numbness-tingling-relevant_negatives-4,relevant_negatives,no rash or skin changes reported if relevant,4,"rash, skin",neurology
neuro-numbness-tingling,Neurology,neuro-numbness-tingling-exam_findings-1,exam_findings,sensation documented if assessed,1,"sensation, sensory",neurology
neuro-numbness-tingling,Neurology,neuro-numbness-tingling-exam_findings-2,exam_findings,power documented if assessed,2,"power, strength",neurology
neuro-numbness-tingling,Neurology,neuro-numbness-tingling-exam_findings-3,exam_findings,reflexes documented if assessed,3,"reflexes, DTR",neurology
neuro-numbness-tingling,Neurology,neuro-numbness-tingling-exam_findings-4,exam_findings,gait documented if assessed,4,gait,neurology
neuro-numbness-tingling,Neurology,neuro-numbness-tingling-exam_findings-5,exam_findings,coordination documented if assessed,5,coordination,neurology
neuro-numbness-tingling,Neurology,neuro-numbness-tingling-exam_findings-6,exam_findings,cranial nerves documented if assessed,6,cranial,neurology
neuro-numbness-tingling,Neurology,neuro-numbness-tingling-red_flags-1,red_flags,acute onset hemisensory loss,1,"acute, hemisensory","neurology,high_safety"
neuro-numbness-tingling,Neurology,neuro-numbness-tingling-red_flags-2,red_flags,rapidly ascending sensory change,2,"ascending, rapid","neurology,high_safety"
neuro-numbness-tingling,Neurology,neuro-numbness-tingling-red_flags-3,red_flags,sensory level on trunk,3,"sensory, level","neurology,high_safety"
neuro-numbness-tingling,Neurology,neuro-numbness-tingling-red_flags-4,red_flags,associated motor weakness,4,"motor, weakness","neurology,high_safety"
neuro-numbness-tingling,Neurology,neuro-numbness-tingling-investigations-1,investigations,blood tests reviewed if ordered,1,"blood, labs, B12",neurology
neuro-numbness-tingling,Neurology,neuro-numbness-tingling-investigations-2,investigations,imaging reviewed if available,2,"imaging, MRI",neurology
neuro-numbness-tingling,Neurology,neuro-numbness-tingling-investigations-3,investigations,previous neurology notes reviewed if available,3,"neurology, previous",neurology
neuro-numbness-tingling,Neurology,neuro-numbness-tingling-plan_phrases-1,plan_phrases,clinician-entered plan documented,1,"plan, management",neurology
neuro-numbness-tingling,Neurology,neuro-numbness-tingling-plan_phrases-2,plan_phrases,safety-netting documented if discussed,2,"safety, netting",neurology
neuro-numbness-tingling,Neurology,neuro-numbness-tingling-plan_phrases-3,plan_phrases,referral documented if clinician decided,3,referral,neurology
neuro-numbness-tingling,Neurology,neuro-numbness-tingling-plan_phrases-4,plan_phrases,follow-up documented if arranged,4,"follow, up",neurology
neuro-numbness-tingling,Neurology,neuro-numbness-tingling-follow_up-1,follow_up,1-2 weeks,1,"one, two, weeks",neurology
neuro-numbness-tingling,Neurology,neuro-numbness-tingling-follow_up-2,follow_up,2-4 weeks,2,"two, four, weeks",neurology
neuro-numbness-tingling,Neurology,neuro-numbness-tingling-follow_up-3,follow_up,sooner if worsening,3,"sooner, worsening",neurology
neuro-numbness-tingling,Neurology,neuro-numbness-tingling-follow_up-4,follow_up,PRN,4,"PRN, as needed",neurology
neuro-tremor,Neurology,neuro-tremor-symptoms-1,symptoms,tremor,1,"tremor, shaking",neurology
neuro-tremor,Neurology,neuro-tremor-symptoms-2,symptoms,location and distribution documented,2,"location, distribution",neurology
neuro-tremor,Neurology,neuro-tremor-symptoms-3,symptoms,rest versus action tremor context documented,3,"rest, action, intention",neurology
neuro-tremor,Neurology,neuro-tremor-symptoms-4,symptoms,onset and duration documented,4,"onset, duration",neurology
neuro-tremor,Neurology,neuro-tremor-symptoms-5,symptoms,progression documented,5,"progression, worsening",neurology
neuro-tremor,Neurology,neuro-tremor-symptoms-6,symptoms,functional impact documented,6,"functional, impact, writing",neurology
neuro-tremor,Neurology,neuro-tremor-symptoms-7,symptoms,medication or caffeine context reviewed,7,"medication, caffeine",neurology
neuro-tremor,Neurology,neuro-tremor-symptoms-8,symptoms,family history reviewed if relevant,8,"family, history",neurology
neuro-tremor,Neurology,neuro-tremor-symptoms-9,symptoms,alcohol response reviewed if relevant,9,alcohol,neurology
neuro-tremor,Neurology,neuro-tremor-symptoms-10,symptoms,associated neurological symptoms reviewed,10,"other, symptoms",neurology
neuro-tremor,Neurology,neuro-tremor-relevant_negatives-1,relevant_negatives,no new neurological symptoms reported,1,"new, neurological",neurology
neuro-tremor,Neurology,neuro-tremor-relevant_negatives-2,relevant_negatives,no weakness reported if applicable,2,weakness,neurology
neuro-tremor,Neurology,neuro-tremor-relevant_negatives-3,relevant_negatives,no gait difficulty reported if applicable,3,"gait, walking",neurology
neuro-tremor,Neurology,neuro-tremor-exam_findings-1,exam_findings,neurological exam documented if assessed,1,"neurological, neuro",neurology
neuro-tremor,Neurology,neuro-tremor-exam_findings-2,exam_findings,tremor amplitude documented if assessed,2,amplitude,neurology
neuro-tremor,Neurology,neuro-tremor-exam_findings-3,exam_findings,tremor frequency documented if assessed,3,frequency,neurology
neuro-tremor,Neurology,neuro-tremor-exam_findings-4,exam_findings,coordination documented if assessed,4,"coordination, cerebellar",neurology
neuro-tremor,Neurology,neuro-tremor-exam_findings-5,exam_findings,gait documented if assessed,5,"gait, walking",neurology
neuro-tremor,Neurology,neuro-tremor-exam_findings-6,exam_findings,writing or spiral sample documented if assessed,6,"writing, spiral",neurology
neuro-tremor,Neurology,neuro-tremor-exam_findings-7,exam_findings,rigidity documented if assessed,7,"rigidity, tone",neurology
neuro-tremor,Neurology,neuro-tremor-exam_findings-8,exam_findings,bradykinesia documented if assessed,8,"bradykinesia, slow",neurology
neuro-tremor,Neurology,neuro-tremor-investigations-1,investigations,thyroid function reviewed if ordered,1,"thyroid, TSH",neurology
neuro-tremor,Neurology,neuro-tremor-investigations-2,investigations,copper studies reviewed if clinically indicated,2,"copper, Wilson",neurology
neuro-tremor,Neurology,neuro-tremor-investigations-3,investigations,imaging reviewed if available,3,"imaging, MRI",neurology
neuro-tremor,Neurology,neuro-tremor-plan_phrases-1,plan_phrases,clinician-entered plan documented,1,"plan, management",neurology
neuro-tremor,Neurology,neuro-tremor-plan_phrases-2,plan_phrases,medication plan documented if clinician decided,2,"medication, treatment",neurology
neuro-tremor,Neurology,neuro-tremor-plan_phrases-3,plan_phrases,referral documented if clinician decided,3,"referral, neurologist",neurology
neuro-tremor,Neurology,neuro-tremor-plan_phrases-4,plan_phrases,follow-up documented if arranged,4,"follow, up",neurology
neuro-tremor,Neurology,neuro-tremor-follow_up-1,follow_up,3-6 months,1,"three, six, months",neurology
neuro-tremor,Neurology,neuro-tremor-follow_up-2,follow_up,6-12 months if stable,2,"six, twelve, stable",neurology
neuro-tremor,Neurology,neuro-tremor-follow_up-3,follow_up,sooner if worsening,3,"sooner, worsening",neurology
neuro-tremor,Neurology,neuro-tremor-follow_up-4,follow_up,PRN,4,"PRN, as needed",neurology
neuro-neuropathy-followup,Neurology,neuro-neuropathy-followup-symptoms-1,symptoms,neuropathy follow-up,1,"neuropathy, followup",neurology
neuro-neuropathy-followup,Neurology,neuro-neuropathy-followup-symptoms-2,symptoms,sensory symptoms reviewed,2,"sensory, numbness",neurology
neuro-neuropathy-followup,Neurology,neuro-neuropathy-followup-symptoms-3,symptoms,pain or burning symptoms reviewed,3,"pain, burning",neurology
neuro-neuropathy-followup,Neurology,neuro-neuropathy-followup-symptoms-4,symptoms,distribution documented,4,"distribution, stocking",neurology
neuro-neuropathy-followup,Neurology,neuro-neuropathy-followup-symptoms-5,symptoms,progression documented,5,"progression, worsening",neurology
neuro-neuropathy-followup,Neurology,neuro-neuropathy-followup-symptoms-6,symptoms,functional impact documented,6,"functional, impact",neurology
neuro-neuropathy-followup,Neurology,neuro-neuropathy-followup-symptoms-7,symptoms,diabetes context reviewed if relevant,7,"diabetes, sugar",neurology
neuro-neuropathy-followup,Neurology,neuro-neuropathy-followup-symptoms-8,symptoms,B12 or thyroid context reviewed if relevant,8,"B12, thyroid, TSH",neurology
neuro-neuropathy-followup,Neurology,neuro-neuropathy-followup-symptoms-9,symptoms,alcohol history reviewed if relevant,9,alcohol,neurology
neuro-neuropathy-followup,Neurology,neuro-neuropathy-followup-symptoms-10,symptoms,medication response reviewed,10,"medication, response",neurology
neuro-neuropathy-followup,Neurology,neuro-neuropathy-followup-exam_findings-1,exam_findings,sensation documented if assessed,1,"sensation, monofilament",neurology
neuro-neuropathy-followup,Neurology,neuro-neuropathy-followup-exam_findings-2,exam_findings,vibration sense documented if assessed,2,"vibration, tuning fork",neurology
neuro-neuropathy-followup,Neurology,neuro-neuropathy-followup-exam_findings-3,exam_findings,reflexes documented if assessed,3,"reflexes, DTR, ankle",neurology
neuro-neuropathy-followup,Neurology,neuro-neuropathy-followup-exam_findings-4,exam_findings,power documented if assessed,4,"power, strength",neurology
neuro-neuropathy-followup,Neurology,neuro-neuropathy-followup-exam_findings-5,exam_findings,foot examination documented if assessed,5,"foot, ulcer, inspection",neurology
neuro-neuropathy-followup,Neurology,neuro-neuropathy-followup-exam_findings-6,exam_findings,gait documented if assessed,6,"gait, walking",neurology
neuro-neuropathy-followup,Neurology,neuro-neuropathy-followup-investigations-1,investigations,blood tests reviewed if ordered,1,"blood, B12, glucose",neurology
neuro-neuropathy-followup,Neurology,neuro-neuropathy-followup-investigations-2,investigations,HbA1c reviewed if available,2,"HbA1c, diabetes",neurology
neuro-neuropathy-followup,Neurology,neuro-neuropathy-followup-investigations-3,investigations,nerve conduction study report reviewed if available,3,"NCS, nerve conduction",neurology
neuro-neuropathy-followup,Neurology,neuro-neuropathy-followup-plan_phrases-1,plan_phrases,medication plan documented if clinician decided,1,"medication, gabapentin, pregabalin",neurology
neuro-neuropathy-followup,Neurology,neuro-neuropathy-followup-plan_phrases-2,plan_phrases,pain management discussed if applicable,2,"pain, management",neurology
neuro-neuropathy-followup,Neurology,neuro-neuropathy-followup-plan_phrases-3,plan_phrases,foot care education documented if relevant,3,"foot, care",neurology
neuro-neuropathy-followup,Neurology,neuro-neuropathy-followup-plan_phrases-4,plan_phrases,referral documented if clinician decided,4,"referral, neurologist",neurology
neuro-neuropathy-followup,Neurology,neuro-neuropathy-followup-plan_phrases-5,plan_phrases,follow-up documented if arranged,5,"follow, up",neurology
neuro-neuropathy-followup,Neurology,neuro-neuropathy-followup-follow_up-1,follow_up,follow-up documented if arranged,1,"follow, up",neurology
neuro-neuropathy-followup,Neurology,neuro-neuropathy-followup-follow_up-2,follow_up,3-6 months,2,"three, six, months",neurology
neuro-neuropathy-followup,Neurology,neuro-neuropathy-followup-follow_up-3,follow_up,6-12 months if stable,3,"six, twelve, stable",neurology
neuro-neuropathy-followup,Neurology,neuro-neuropathy-followup-follow_up-4,follow_up,sooner if worsening,4,"sooner, worsening",neurology
neuro-neuropathy-followup,Neurology,neuro-neuropathy-followup-follow_up-5,follow_up,PRN,5,"PRN, as needed",neurology
neuro-stroke-tia-followup,Neurology,neuro-stroke-tia-followup-symptoms-1,symptoms,stroke or TIA follow-up,1,"stroke, TIA, followup",neurology
neuro-stroke-tia-followup,Neurology,neuro-stroke-tia-followup-symptoms-2,symptoms,residual symptoms reviewed,2,"residual, symptoms",neurology
neuro-stroke-tia-followup,Neurology,neuro-stroke-tia-followup-symptoms-3,symptoms,speech symptoms reviewed,3,"speech, dysarthria, aphasia",neurology
neuro-stroke-tia-followup,Neurology,neuro-stroke-tia-followup-symptoms-4,symptoms,vision symptoms reviewed,4,"vision, visual",neurology
neuro-stroke-tia-followup,Neurology,neuro-stroke-tia-followup-symptoms-5,symptoms,motor symptoms reviewed,5,"motor, weakness",neurology
neuro-stroke-tia-followup,Neurology,neuro-stroke-tia-followup-symptoms-6,symptoms,functional level reviewed,6,"functional, ADL",neurology
neuro-stroke-tia-followup,Neurology,neuro-stroke-tia-followup-symptoms-7,symptoms,medication adherence discussed,7,"adherence, compliance",neurology
neuro-stroke-tia-followup,Neurology,neuro-stroke-tia-followup-symptoms-8,symptoms,risk factor context reviewed,8,"risk, factor, BP, cholesterol",neurology
neuro-stroke-tia-followup,Neurology,neuro-stroke-tia-followup-symptoms-9,symptoms,mood and emotional wellbeing reviewed,9,"mood, depression, anxiety",neurology
neuro-stroke-tia-followup,Neurology,neuro-stroke-tia-followup-symptoms-10,symptoms,swallowing reviewed if relevant,10,"swallowing, dysphagia",neurology
neuro-stroke-tia-followup,Neurology,neuro-stroke-tia-followup-relevant_negatives-1,relevant_negatives,no new neurological symptoms reported,1,"new, neurological",neurology
neuro-stroke-tia-followup,Neurology,neuro-stroke-tia-followup-relevant_negatives-2,relevant_negatives,no transient symptoms since last review reported if applicable,2,"transient, TIA",neurology
neuro-stroke-tia-followup,Neurology,neuro-stroke-tia-followup-relevant_negatives-3,relevant_negatives,no falls reported if relevant,3,falls,neurology
neuro-stroke-tia-followup,Neurology,neuro-stroke-tia-followup-exam_findings-1,exam_findings,blood pressure recorded if measured,1,"blood, pressure, BP",neurology
neuro-stroke-tia-followup,Neurology,neuro-stroke-tia-followup-exam_findings-2,exam_findings,neurological screen documented if assessed,2,"neurological, neuro",neurology
neuro-stroke-tia-followup,Neurology,neuro-stroke-tia-followup-exam_findings-3,exam_findings,gait and function documented if assessed,3,"gait, function, mobility",neurology
neuro-stroke-tia-followup,Neurology,neuro-stroke-tia-followup-exam_findings-4,exam_findings,speech assessment documented if relevant,4,speech,neurology
neuro-stroke-tia-followup,Neurology,neuro-stroke-tia-followup-exam_findings-5,exam_findings,cardiac auscultation documented if assessed,5,"cardiac, heart",neurology
neuro-stroke-tia-followup,Neurology,neuro-stroke-tia-followup-investigations-1,investigations,imaging report reviewed if available,1,"imaging, CT, MRI",neurology
neuro-stroke-tia-followup,Neurology,neuro-stroke-tia-followup-investigations-2,investigations,previous discharge summary reviewed if available,2,"discharge, summary",neurology
neuro-stroke-tia-followup,Neurology,neuro-stroke-tia-followup-investigations-3,investigations,lipid profile reviewed if available,3,"lipid, cholesterol",neurology
neuro-stroke-tia-followup,Neurology,neuro-stroke-tia-followup-investigations-4,investigations,medication list reviewed if available,4,"medication, list",neurology
neuro-stroke-tia-followup,Neurology,neuro-stroke-tia-followup-investigations-5,investigations,ECG reviewed if performed,5,"ECG, EKG",neurology
neuro-stroke-tia-followup,Neurology,neuro-stroke-tia-followup-plan_phrases-1,plan_phrases,medication plan documented if clinician decided,1,"medication, antiplatelet, statin",neurology
neuro-stroke-tia-followup,Neurology,neuro-stroke-tia-followup-plan_phrases-2,plan_phrases,risk factor management discussed if applicable,2,"risk, factor",neurology
neuro-stroke-tia-followup,Neurology,neuro-stroke-tia-followup-plan_phrases-3,plan_phrases,referral documented if clinician decided,3,"referral, neurology, rehab",neurology
neuro-stroke-tia-followup,Neurology,neuro-stroke-tia-followup-plan_phrases-4,plan_phrases,secondary prevention plan documented if clinician decided,4,"secondary, prevention",neurology
neuro-stroke-tia-followup,Neurology,neuro-stroke-tia-followup-plan_phrases-5,plan_phrases,lifestyle modification discussed if applicable,5,"lifestyle, diet, exercise",neurology
neuro-stroke-tia-followup,Neurology,neuro-stroke-tia-followup-follow_up-1,follow_up,follow-up documented if arranged,1,"follow, up",neurology
neuro-stroke-tia-followup,Neurology,neuro-stroke-tia-followup-follow_up-2,follow_up,1-3 months,2,"one, three, months",neurology
neuro-stroke-tia-followup,Neurology,neuro-stroke-tia-followup-follow_up-3,follow_up,3-6 months,3,"three, six, months",neurology
neuro-stroke-tia-followup,Neurology,neuro-stroke-tia-followup-follow_up-4,follow_up,sooner if new symptoms,4,"sooner, new",neurology
neuro-stroke-tia-followup,Neurology,neuro-stroke-tia-followup-follow_up-5,follow_up,PRN,5,"PRN, as needed",neurology
neuro-memory-concern,Neurology,neuro-memory-concern-symptoms-1,symptoms,memory concern,1,"memory, forgetfulness",neurology
neuro-memory-concern,Neurology,neuro-memory-concern-symptoms-2,symptoms,onset and duration documented,2,"onset, duration",neurology
neuro-memory-concern,Neurology,neuro-memory-concern-symptoms-3,symptoms,progression documented,3,"progression, worsening",neurology
neuro-memory-concern,Neurology,neuro-memory-concern-symptoms-4,symptoms,domains affected reviewed,4,"domains, short-term, long-term",neurology
neuro-memory-concern,Neurology,neuro-memory-concern-symptoms-5,symptoms,ADL impact documented,5,"ADL, daily, function",neurology
neuro-memory-concern,Neurology,neuro-memory-concern-symptoms-6,symptoms,mood and sleep context reviewed,6,"mood, depression, sleep",neurology
neuro-memory-concern,Neurology,neuro-memory-concern-symptoms-7,symptoms,collateral history documented if available,7,"collateral, family",neurology
neuro-memory-concern,Neurology,neuro-memory-concern-symptoms-8,symptoms,medication history reviewed if relevant,8,"medication, review",neurology
neuro-memory-concern,Neurology,neuro-memory-concern-symptoms-9,symptoms,previous cognitive testing reviewed if available,9,"cognitive, testing",neurology
neuro-memory-concern,Neurology,neuro-memory-concern-relevant_negatives-1,relevant_negatives,no acute confusion reported if applicable,1,"acute, confusion, delirium",neurology
neuro-memory-concern,Neurology,neuro-memory-concern-relevant_negatives-2,relevant_negatives,no head trauma reported,2,"head, trauma",neurology
neuro-memory-concern,Neurology,neuro-memory-concern-relevant_negatives-3,relevant_negatives,no focal neurological symptoms reported,3,"focal, neurological",neurology
neuro-memory-concern,Neurology,neuro-memory-concern-relevant_negatives-4,relevant_negatives,no unexplained falls reported if applicable,4,falls,neurology
neuro-memory-concern,Neurology,neuro-memory-concern-exam_findings-1,exam_findings,cognition screen documented if assessed,1,"cognition, MMSE, MoCA",neurology
neuro-memory-concern,Neurology,neuro-memory-concern-exam_findings-2,exam_findings,neurological screen documented if assessed,2,"neurological, neuro",neurology
neuro-memory-concern,Neurology,neuro-memory-concern-exam_findings-3,exam_findings,mood screening documented if assessed,3,"mood, depression, GDS",neurology
neuro-memory-concern,Neurology,neuro-memory-concern-exam_findings-4,exam_findings,medication review documented if clinician reviewed,4,"medication, review",neurology
neuro-memory-concern,Neurology,neuro-memory-concern-investigations-1,investigations,blood tests reviewed if ordered,1,"blood, B12, TSH",neurology
neuro-memory-concern,Neurology,neuro-memory-concern-investigations-2,investigations,previous records reviewed if available,2,"previous, records",neurology
neuro-memory-concern,Neurology,neuro-memory-concern-investigations-3,investigations,imaging reviewed if available,3,"imaging, MRI, CT",neurology
neuro-memory-concern,Neurology,neuro-memory-concern-investigations-4,investigations,formal cognitive assessment arranged if clinician decided,4,"cognitive, assessment",neurology
neuro-memory-concern,Neurology,neuro-memory-concern-plan_phrases-1,plan_phrases,clinician-entered plan documented,1,"plan, management",neurology
neuro-memory-concern,Neurology,neuro-memory-concern-plan_phrases-2,plan_phrases,safety-netting documented if discussed,2,"safety, netting",neurology
neuro-memory-concern,Neurology,neuro-memory-concern-plan_phrases-3,plan_phrases,referral documented if clinician decided,3,"referral, memory, clinic",neurology
neuro-memory-concern,Neurology,neuro-memory-concern-plan_phrases-4,plan_phrases,driving advice documented if clinician discussed,4,"driving, DVLA",neurology
neuro-memory-concern,Neurology,neuro-memory-concern-plan_phrases-5,plan_phrases,social support discussed if relevant,5,"social, support",neurology
neuro-memory-concern,Neurology,neuro-memory-concern-plan_phrases-6,plan_phrases,follow-up documented if arranged,6,"follow, up",neurology
neuro-memory-concern,Neurology,neuro-memory-concern-follow_up-1,follow_up,follow-up documented if arranged,1,"follow, up",neurology
neuro-memory-concern,Neurology,neuro-memory-concern-follow_up-2,follow_up,1-3 months,2,"one, three, months",neurology
neuro-memory-concern,Neurology,neuro-memory-concern-follow_up-3,follow_up,3-6 months,3,"three, six, months",neurology
neuro-memory-concern,Neurology,neuro-memory-concern-follow_up-4,follow_up,sooner if worsening,4,"sooner, worsening",neurology
neuro-memory-concern,Neurology,neuro-memory-concern-follow_up-5,follow_up,PRN,5,"PRN, as needed",neurology
neuro-migraine-followup,Neurology,neuro-migraine-followup-symptoms-11,symptoms,menstrual relation reviewed if relevant,11,"menstrual, period",neurology
neuro-migraine-followup,Neurology,neuro-migraine-followup-symptoms-12,symptoms,associated symptoms reviewed,12,"associated, symptoms",neurology
neuro-migraine-followup,Neurology,neuro-migraine-followup-symptoms-13,symptoms,number of acute medication days per month reviewed,13,"medication, days, month",neurology
neuro-migraine-followup,Neurology,neuro-migraine-followup-relevant_negatives-4,relevant_negatives,no new-onset vomiting reported if applicable,4,vomiting,neurology
neuro-migraine-followup,Neurology,neuro-migraine-followup-exam_findings-5,exam_findings,fundoscopy documented if assessed,5,"fundoscopy, optic",neurology
neuro-migraine-followup,Neurology,neuro-migraine-followup-plan_phrases-6,plan_phrases,abortive therapy plan documented if clinician decided,6,"abortive, therapy",neurology
neuro-migraine-followup,Neurology,neuro-migraine-followup-plan_phrases-7,plan_phrases,bridge therapy documented if clinician decided,7,"bridge, therapy",neurology
neuro-migraine-followup,Neurology,neuro-migraine-followup-plan_phrases-8,plan_phrases,vitamin or supplement plan documented if clinician decided,8,"vitamin, supplement",neurology
neuro-migraine-followup,Neurology,neuro-migraine-followup-follow_up-5,follow_up,telemedicine option discussed if available,5,"telemedicine, virtual",neurology
neuro-seizure-followup,Neurology,neuro-seizure-followup-symptoms-11,symptoms,driving discussion documented if discussed by clinician,11,"driving, DVLA",neurology
neuro-seizure-followup,Neurology,neuro-seizure-followup-symptoms-12,symptoms,employment or education impact reviewed if relevant,12,"work, school",neurology
neuro-seizure-followup,Neurology,neuro-seizure-followup-relevant_negatives-4,relevant_negatives,no breakthrough seizure clusters reported if applicable,4,"breakthrough, cluster",neurology
neuro-seizure-followup,Neurology,neuro-seizure-followup-exam_findings-6,exam_findings,cardiac examination documented if assessed,6,"cardiac, heart",neurology
neuro-seizure-followup,Neurology,neuro-seizure-followup-plan_phrases-6,plan_phrases,emergency seizure plan reviewed if applicable,6,"seizure, action, plan",neurology
neuro-seizure-followup,Neurology,neuro-seizure-followup-plan_phrases-7,plan_phrases,medication interaction check documented if performed,7,interaction,neurology
neuro-seizure-followup,Neurology,neuro-seizure-followup-follow_up-6,follow_up,sooner if medication change,6,"medication, change",neurology
neuro-dizziness,Neurology,neuro-dizziness-symptoms-10,symptoms,fall context reviewed if applicable,10,"fall, balance",neurology
neuro-dizziness,Neurology,neuro-dizziness-exam_findings-11,exam_findings,HINTS examination documented if assessed,11,"HINTS, head impulse",neurology
neuro-numbness-tingling,Neurology,neuro-numbness-tingling-symptoms-9,symptoms,temperature or color change reviewed if relevant,9,"temperature, color",neurology
neuro-numbness-tingling,Neurology,neuro-numbness-tingling-relevant_negatives-5,relevant_negatives,no skin lesions reported if relevant,5,"skin, lesions",neurology
neuro-numbness-tingling,Neurology,neuro-numbness-tingling-exam_findings-7,exam_findings,temperature sensation documented if assessed,7,temperature,neurology
neuro-numbness-tingling,Neurology,neuro-numbness-tingling-investigations-4,investigations,vitamin B12 levels reviewed if ordered,4,"B12, vitamin",neurology
neuro-numbness-tingling,Neurology,neuro-numbness-tingling-plan_phrases-5,plan_phrases,analgesic plan documented if clinician decided,5,"analgesic, pain",neurology
neuro-tremor,Neurology,neuro-tremor-symptoms-11,symptoms,handwriting change reviewed if relevant,11,"handwriting, writing",neurology
neuro-tremor,Neurology,neuro-tremor-symptoms-12,symptoms,voice or head tremor reviewed if relevant,12,"voice, head",neurology
neuro-tremor,Neurology,neuro-tremor-relevant_negatives-4,relevant_negatives,no resting tremor of concern reported if relevant,4,"resting, tremor",neurology
neuro-tremor,Neurology,neuro-tremor-exam_findings-9,exam_findings,tongue tremor documented if assessed,9,tongue,neurology
neuro-tremor,Neurology,neuro-tremor-plan_phrases-5,plan_phrases,beta-blocker plan documented if clinician decided,5,"beta, blocker, propranolol",neurology
neuro-tremor,Neurology,neuro-tremor-plan_phrases-6,plan_phrases,lifestyle modification discussed if applicable,6,"lifestyle, caffeine",neurology
neuro-neuropathy-followup,Neurology,neuro-neuropathy-followup-symptoms-11,symptoms,sleep quality reviewed if affected by symptoms,11,"sleep, quality",neurology
neuro-neuropathy-followup,Neurology,neuro-neuropathy-followup-symptoms-12,symptoms,mood reviewed if affected by symptoms,12,"mood, depression",neurology
neuro-neuropathy-followup,Neurology,neuro-neuropathy-followup-exam_findings-7,exam_findings,ankle jerks documented if assessed,7,"ankle, jerk",neurology
neuro-neuropathy-followup,Neurology,neuro-neuropathy-followup-investigations-4,investigations,renal function reviewed if on neuropathic agents,4,"renal, kidney",neurology
neuro-neuropathy-followup,Neurology,neuro-neuropathy-followup-plan_phrases-6,plan_phrases,dose titration plan documented if clinician decided,6,"dose, titration",neurology
neuro-neuropathy-followup,Neurology,neuro-neuropathy-followup-follow_up-6,follow_up,sooner if medication change,6,"medication, change",neurology
neuro-stroke-tia-followup,Neurology,neuro-stroke-tia-followup-symptoms-11,symptoms,driving discussion documented if discussed by clinician,11,"driving, DVLA",neurology
neuro-stroke-tia-followup,Neurology,neuro-stroke-tia-followup-relevant_negatives-4,relevant_negatives,no new focal weakness reported,4,"focal, weakness",neurology
neuro-stroke-tia-followup,Neurology,neuro-stroke-tia-followup-exam_findings-6,exam_findings,lipid panel reviewed if measured,6,"lipid, cholesterol",neurology
neuro-stroke-tia-followup,Neurology,neuro-stroke-tia-followup-investigations-6,investigations,blood glucose reviewed if measured,6,"glucose, sugar",neurology
neuro-stroke-tia-followup,Neurology,neuro-stroke-tia-followup-plan_phrases-6,plan_phrases,smoking cessation discussed if relevant,6,"smoking, cessation",neurology
neuro-memory-concern,Neurology,neuro-memory-concern-symptoms-10,symptoms,safety awareness reviewed if relevant,10,"safety, awareness",neurology
neuro-memory-concern,Neurology,neuro-memory-concern-symptoms-11,symptoms,driving safety discussed if clinician raised concern,11,"driving, safety",neurology
neuro-memory-concern,Neurology,neuro-memory-concern-relevant_negatives-5,relevant_negatives,no acute behavioural change reported,5,"behavioural, change",neurology
neuro-memory-concern,Neurology,neuro-memory-concern-exam_findings-5,exam_findings,functional assessment documented if assessed,5,"functional, IADL",neurology
neuro-memory-concern,Neurology,neuro-memory-concern-investigations-5,investigations,ECG reviewed if ordered,5,"ECG, EKG",neurology
neuro-memory-concern,Neurology,neuro-memory-concern-plan_phrases-7,plan_phrases,carer support needs discussed if relevant,7,"carer, caregiver",neurology
resp-asthma-followup,Respiratory / Pulmonology,resp-asthma-followup-symptoms-1,symptoms,asthma follow-up,1,"asthma, followup",respiratory
resp-asthma-followup,Respiratory / Pulmonology,resp-asthma-followup-symptoms-2,symptoms,cough reviewed,2,cough,respiratory
resp-asthma-followup,Respiratory / Pulmonology,resp-asthma-followup-symptoms-3,symptoms,wheeze reviewed,3,wheeze,respiratory
resp-asthma-followup,Respiratory / Pulmonology,resp-asthma-followup-symptoms-4,symptoms,shortness of breath reviewed,4,"SOB, breathlessness",respiratory
resp-asthma-followup,Respiratory / Pulmonology,resp-asthma-followup-symptoms-5,symptoms,nocturnal symptoms reviewed,5,"nocturnal, night",respiratory
resp-asthma-followup,Respiratory / Pulmonology,resp-asthma-followup-symptoms-6,symptoms,exercise symptoms reviewed,6,"exercise, exertion",respiratory
resp-asthma-followup,Respiratory / Pulmonology,resp-asthma-followup-symptoms-7,symptoms,trigger pattern reviewed,7,"trigger, allergen",respiratory
resp-asthma-followup,Respiratory / Pulmonology,resp-asthma-followup-symptoms-8,symptoms,inhaler use reviewed,8,"inhaler, puffer",respiratory
resp-asthma-followup,Respiratory / Pulmonology,resp-asthma-followup-symptoms-9,symptoms,recent exacerbation history reviewed,9,"exacerbation, flare, attack",respiratory
resp-asthma-followup,Respiratory / Pulmonology,resp-asthma-followup-relevant_negatives-1,relevant_negatives,no severe breathlessness reported,1,"severe, breathlessness",respiratory
resp-asthma-followup,Respiratory / Pulmonology,resp-asthma-followup-relevant_negatives-2,relevant_negatives,no chest pain reported,2,"chest, pain",respiratory
resp-asthma-followup,Respiratory / Pulmonology,resp-asthma-followup-relevant_negatives-3,relevant_negatives,no hemoptysis reported,3,"hemoptysis, blood",respiratory
resp-asthma-followup,Respiratory / Pulmonology,resp-asthma-followup-relevant_negatives-4,relevant_negatives,no syncope reported,4,"syncope, faint",respiratory
resp-asthma-followup,Respiratory / Pulmonology,resp-asthma-followup-relevant_negatives-5,relevant_negatives,no recent hospital attendance reported if applicable,5,"hospital, ED, attendance",respiratory
resp-asthma-followup,Respiratory / Pulmonology,resp-asthma-followup-exam_findings-1,exam_findings,vitals documented if measured,1,"vitals, O2 sat, saturation",respiratory
resp-asthma-followup,Respiratory / Pulmonology,resp-asthma-followup-exam_findings-2,exam_findings,chest auscultation documented if assessed,2,"auscultation, chest, breath sounds",respiratory
resp-asthma-followup,Respiratory / Pulmonology,resp-asthma-followup-exam_findings-3,exam_findings,wheeze documented if assessed,3,"wheeze, expiratory",respiratory
resp-asthma-followup,Respiratory / Pulmonology,resp-asthma-followup-exam_findings-4,exam_findings,air entry documented if assessed,4,"air, entry",respiratory
resp-asthma-followup,Respiratory / Pulmonology,resp-asthma-followup-exam_findings-5,exam_findings,accessory muscle use documented if assessed,5,"accessory, muscles",respiratory
resp-asthma-followup,Respiratory / Pulmonology,resp-asthma-followup-exam_findings-6,exam_findings,peak flow documented if measured,6,"peak, flow, PEFR",respiratory
resp-asthma-followup,Respiratory / Pulmonology,resp-asthma-followup-exam_findings-7,exam_findings,oxygen saturation documented if measured,7,"oxygen, saturation, SpO2",respiratory
resp-asthma-followup,Respiratory / Pulmonology,resp-asthma-followup-exam_findings-8,exam_findings,respiratory rate documented if measured,8,"respiratory, rate, RR",respiratory
resp-asthma-followup,Respiratory / Pulmonology,resp-asthma-followup-investigations-1,investigations,peak flow diary reviewed if available,1,"peak, flow, diary",respiratory
resp-asthma-followup,Respiratory / Pulmonology,resp-asthma-followup-investigations-2,investigations,inhaler technique reviewed if assessed,2,"inhaler, technique",respiratory
resp-asthma-followup,Respiratory / Pulmonology,resp-asthma-followup-investigations-3,investigations,spirometry report reviewed if available,3,"spirometry, PFT",respiratory
resp-asthma-followup,Respiratory / Pulmonology,resp-asthma-followup-investigations-4,investigations,previous asthma action plan reviewed if available,4,"action, plan, asthma",respiratory
resp-asthma-followup,Respiratory / Pulmonology,resp-asthma-followup-plan_phrases-1,plan_phrases,clinician-entered plan documented,1,"plan, management",respiratory
resp-asthma-followup,Respiratory / Pulmonology,resp-asthma-followup-plan_phrases-2,plan_phrases,medication plan documented if clinician decided,2,"medication, inhaler, preventer",respiratory
resp-asthma-followup,Respiratory / Pulmonology,resp-asthma-followup-plan_phrases-3,plan_phrases,inhaler technique review documented if assessed,3,"inhaler, technique",respiratory
resp-asthma-followup,Respiratory / Pulmonology,resp-asthma-followup-plan_phrases-4,plan_phrases,asthma action plan reviewed if applicable,4,"action, plan",respiratory
resp-asthma-followup,Respiratory / Pulmonology,resp-asthma-followup-plan_phrases-5,plan_phrases,referral documented if clinician decided,5,"referral, respiratory",respiratory
resp-asthma-followup,Respiratory / Pulmonology,resp-asthma-followup-follow_up-1,follow_up,follow-up documented if arranged,1,"follow, up",respiratory
resp-asthma-followup,Respiratory / Pulmonology,resp-asthma-followup-follow_up-2,follow_up,1-3 months,2,"one, three, months",respiratory
resp-asthma-followup,Respiratory / Pulmonology,resp-asthma-followup-follow_up-3,follow_up,3-6 months if stable,3,"three, six",respiratory
resp-asthma-followup,Respiratory / Pulmonology,resp-asthma-followup-follow_up-4,follow_up,sooner if worsening,4,"sooner, worsening",respiratory
resp-asthma-followup,Respiratory / Pulmonology,resp-asthma-followup-follow_up-5,follow_up,PRN,5,"PRN, as needed",respiratory
resp-copd-followup,Respiratory / Pulmonology,resp-copd-followup-symptoms-1,symptoms,COPD follow-up,1,"COPD, followup",respiratory
resp-copd-followup,Respiratory / Pulmonology,resp-copd-followup-symptoms-2,symptoms,cough reviewed,2,cough,respiratory
resp-copd-followup,Respiratory / Pulmonology,resp-copd-followup-symptoms-3,symptoms,sputum reviewed,3,"sputum, phlegm",respiratory
resp-copd-followup,Respiratory / Pulmonology,resp-copd-followup-symptoms-4,symptoms,shortness of breath reviewed,4,"SOB, breathlessness",respiratory
resp-copd-followup,Respiratory / Pulmonology,resp-copd-followup-symptoms-5,symptoms,exercise tolerance reviewed,5,"exercise, tolerance, MRC",respiratory
resp-copd-followup,Respiratory / Pulmonology,resp-copd-followup-symptoms-6,symptoms,nocturnal symptoms reviewed,6,"nocturnal, night",respiratory
resp-copd-followup,Respiratory / Pulmonology,resp-copd-followup-symptoms-7,symptoms,exacerbation history reviewed,7,"exacerbation, flare",respiratory
resp-copd-followup,Respiratory / Pulmonology,resp-copd-followup-symptoms-8,symptoms,inhaler use reviewed,8,"inhaler, puffer",respiratory
resp-copd-followup,Respiratory / Pulmonology,resp-copd-followup-symptoms-9,symptoms,smoking history reviewed if relevant,9,"smoking, cigarettes",respiratory
resp-copd-followup,Respiratory / Pulmonology,resp-copd-followup-relevant_negatives-1,relevant_negatives,no hemoptysis reported,1,"hemoptysis, blood",respiratory
resp-copd-followup,Respiratory / Pulmonology,resp-copd-followup-relevant_negatives-2,relevant_negatives,no chest pain reported,2,"chest, pain",respiratory
resp-copd-followup,Respiratory / Pulmonology,resp-copd-followup-relevant_negatives-3,relevant_negatives,no recent hospital attendance reported if applicable,3,"hospital, admission",respiratory
resp-copd-followup,Respiratory / Pulmonology,resp-copd-followup-relevant_negatives-4,relevant_negatives,no fever reported if relevant,4,fever,respiratory
resp-copd-followup,Respiratory / Pulmonology,resp-copd-followup-exam_findings-1,exam_findings,vitals documented if measured,1,"vitals, O2 sat",respiratory
resp-copd-followup,Respiratory / Pulmonology,resp-copd-followup-exam_findings-2,exam_findings,chest auscultation documented if assessed,2,"auscultation, chest",respiratory
resp-copd-followup,Respiratory / Pulmonology,resp-copd-followup-exam_findings-3,exam_findings,wheeze documented if assessed,3,wheeze,respiratory
resp-copd-followup,Respiratory / Pulmonology,resp-copd-followup-exam_findings-4,exam_findings,air entry documented if assessed,4,"air, entry",respiratory
resp-copd-followup,Respiratory / Pulmonology,resp-copd-followup-exam_findings-5,exam_findings,oxygen saturation documented if measured,5,"oxygen, SpO2",respiratory
resp-copd-followup,Respiratory / Pulmonology,resp-copd-followup-exam_findings-6,exam_findings,respiratory rate documented if measured,6,"respiratory, rate",respiratory
resp-copd-followup,Respiratory / Pulmonology,resp-copd-followup-exam_findings-7,exam_findings,accessory muscle use documented if assessed,7,"accessory, muscles",respiratory
resp-copd-followup,Respiratory / Pulmonology,resp-copd-followup-exam_findings-8,exam_findings,peripheral oedema documented if assessed,8,"oedema, edema, ankle",respiratory
resp-copd-followup,Respiratory / Pulmonology,resp-copd-followup-investigations-1,investigations,spirometry report reviewed if available,1,"spirometry, PFT, FEV1",respiratory
resp-copd-followup,Respiratory / Pulmonology,resp-copd-followup-investigations-2,investigations,oxygen assessment reviewed if applicable,2,"oxygen, O2",respiratory
resp-copd-followup,Respiratory / Pulmonology,resp-copd-followup-investigations-3,investigations,previous discharge summary reviewed if available,3,"discharge, summary",respiratory
resp-copd-followup,Respiratory / Pulmonology,resp-copd-followup-investigations-4,investigations,smoking cessation support discussed if relevant,4,"smoking, cessation",respiratory
resp-copd-followup,Respiratory / Pulmonology,resp-copd-followup-plan_phrases-1,plan_phrases,clinician-entered plan documented,1,"plan, management",respiratory
resp-copd-followup,Respiratory / Pulmonology,resp-copd-followup-plan_phrases-2,plan_phrases,medication plan documented if clinician decided,2,"medication, inhaler",respiratory
resp-copd-followup,Respiratory / Pulmonology,resp-copd-followup-plan_phrases-3,plan_phrases,pulmonary rehabilitation discussed if applicable,3,"pulmonary, rehab",respiratory
resp-copd-followup,Respiratory / Pulmonology,resp-copd-followup-plan_phrases-4,plan_phrases,referral documented if clinician decided,4,"referral, respiratory",respiratory
resp-copd-followup,Respiratory / Pulmonology,resp-copd-followup-plan_phrases-5,plan_phrases,vaccination history reviewed if relevant,5,"vaccination, flu, pneumonia",respiratory
resp-copd-followup,Respiratory / Pulmonology,resp-copd-followup-follow_up-1,follow_up,follow-up documented if arranged,1,"follow, up",respiratory
resp-copd-followup,Respiratory / Pulmonology,resp-copd-followup-follow_up-2,follow_up,3-6 months,2,"three, six, months",respiratory
resp-copd-followup,Respiratory / Pulmonology,resp-copd-followup-follow_up-3,follow_up,6-12 months if stable,3,"six, twelve",respiratory
resp-copd-followup,Respiratory / Pulmonology,resp-copd-followup-follow_up-4,follow_up,sooner if worsening,4,"sooner, worsening",respiratory
resp-copd-followup,Respiratory / Pulmonology,resp-copd-followup-follow_up-5,follow_up,PRN,5,"PRN, as needed",respiratory
resp-chronic-cough,Respiratory / Pulmonology,resp-chronic-cough-symptoms-1,symptoms,chronic cough,1,"chronic, cough",respiratory
resp-chronic-cough,Respiratory / Pulmonology,resp-chronic-cough-symptoms-2,symptoms,duration documented,2,"duration, how long",respiratory
resp-chronic-cough,Respiratory / Pulmonology,resp-chronic-cough-symptoms-3,symptoms,dry versus productive documented,3,"dry, productive, sputum",respiratory
resp-chronic-cough,Respiratory / Pulmonology,resp-chronic-cough-symptoms-4,symptoms,timing and pattern reviewed,4,"timing, nocturnal, morning",respiratory
resp-chronic-cough,Respiratory / Pulmonology,resp-chronic-cough-symptoms-5,symptoms,triggers reviewed,5,"trigger, asthma, reflux",respiratory
resp-chronic-cough,Respiratory / Pulmonology,resp-chronic-cough-symptoms-6,symptoms,associated symptoms reviewed,6,"nasal, sinus, fever",respiratory
resp-chronic-cough,Respiratory / Pulmonology,resp-chronic-cough-symptoms-7,symptoms,smoking history reviewed if relevant,7,"smoking, cigarettes",respiratory
resp-chronic-cough,Respiratory / Pulmonology,resp-chronic-cough-symptoms-8,symptoms,medication history reviewed if relevant,8,"ACE, inhibitor",respiratory
resp-chronic-cough,Respiratory / Pulmonology,resp-chronic-cough-symptoms-9,symptoms,impact on sleep reviewed,9,"sleep, quality",respiratory
resp-chronic-cough,Respiratory / Pulmonology,resp-chronic-cough-relevant_negatives-1,relevant_negatives,no hemoptysis reported,1,"hemoptysis, blood",respiratory
resp-chronic-cough,Respiratory / Pulmonology,resp-chronic-cough-relevant_negatives-2,relevant_negatives,no fever reported,2,fever,respiratory
resp-chronic-cough,Respiratory / Pulmonology,resp-chronic-cough-relevant_negatives-3,relevant_negatives,no weight loss reported if relevant,3,"weight, loss",respiratory
resp-chronic-cough,Respiratory / Pulmonology,resp-chronic-cough-relevant_negatives-4,relevant_negatives,no shortness of breath reported if applicable,4,"SOB, breathlessness",respiratory
resp-chronic-cough,Respiratory / Pulmonology,resp-chronic-cough-exam_findings-1,exam_findings,vitals documented if measured,1,"vitals, O2 sat",respiratory
resp-chronic-cough,Respiratory / Pulmonology,resp-chronic-cough-exam_findings-2,exam_findings,chest auscultation documented if assessed,2,"auscultation, chest",respiratory
resp-chronic-cough,Respiratory / Pulmonology,resp-chronic-cough-exam_findings-3,exam_findings,oropharynx documented if assessed,3,"oropharynx, throat",respiratory
resp-chronic-cough,Respiratory / Pulmonology,resp-chronic-cough-exam_findings-4,exam_findings,nasal examination documented if relevant,4,"nasal, nose, postnasal",respiratory
resp-chronic-cough,Respiratory / Pulmonology,resp-chronic-cough-exam_findings-5,exam_findings,oxygen saturation documented if measured,5,"oxygen, SpO2",respiratory
resp-chronic-cough,Respiratory / Pulmonology,resp-chronic-cough-red_flags-1,red_flags,chronic cough red flags,1,"chronic, cough, red flags","respiratory,high_safety"
resp-chronic-cough,Respiratory / Pulmonology,resp-chronic-cough-red_flags-2,red_flags,hemoptysis,2,"hemoptysis, blood","respiratory,high_safety"
resp-chronic-cough,Respiratory / Pulmonology,resp-chronic-cough-red_flags-3,red_flags,unexplained weight loss,3,"weight, loss","respiratory,high_safety"
resp-chronic-cough,Respiratory / Pulmonology,resp-chronic-cough-red_flags-4,red_flags,fever or night sweats,4,"fever, sweats, TB","respiratory,high_safety"
resp-chronic-cough,Respiratory / Pulmonology,resp-chronic-cough-red_flags-5,red_flags,voice change or stridor,5,"voice, stridor","respiratory,high_safety"
resp-chronic-cough,Respiratory / Pulmonology,resp-chronic-cough-red_flags-6,red_flags,smoker over 45 with new cough,6,"smoker, age, over 45","respiratory,high_safety"
resp-chronic-cough,Respiratory / Pulmonology,resp-chronic-cough-investigations-1,investigations,CXR reviewed if performed,1,"CXR, chest, X-ray",respiratory
resp-chronic-cough,Respiratory / Pulmonology,resp-chronic-cough-investigations-2,investigations,spirometry reviewed if performed,2,spirometry,respiratory
resp-chronic-cough,Respiratory / Pulmonology,resp-chronic-cough-investigations-3,investigations,previous imaging reviewed if available,3,imaging,respiratory
resp-chronic-cough,Respiratory / Pulmonology,resp-chronic-cough-plan_phrases-1,plan_phrases,clinician-entered plan documented,1,"plan, management",respiratory
resp-chronic-cough,Respiratory / Pulmonology,resp-chronic-cough-plan_phrases-2,plan_phrases,safety-netting documented if discussed,2,"safety, netting",respiratory
resp-chronic-cough,Respiratory / Pulmonology,resp-chronic-cough-plan_phrases-3,plan_phrases,referral documented if clinician decided,3,"referral, respiratory",respiratory
resp-chronic-cough,Respiratory / Pulmonology,resp-chronic-cough-plan_phrases-4,plan_phrases,follow-up documented if arranged,4,"follow, up",respiratory
resp-chronic-cough,Respiratory / Pulmonology,resp-chronic-cough-follow_up-1,follow_up,2-4 weeks,1,"two, four, weeks",respiratory
resp-chronic-cough,Respiratory / Pulmonology,resp-chronic-cough-follow_up-2,follow_up,4-6 weeks,2,"four, six, weeks",respiratory
resp-chronic-cough,Respiratory / Pulmonology,resp-chronic-cough-follow_up-3,follow_up,sooner if worsening,3,"sooner, worsening",respiratory
resp-chronic-cough,Respiratory / Pulmonology,resp-chronic-cough-follow_up-4,follow_up,PRN,4,"PRN, as needed",respiratory
resp-dyspnea,Respiratory / Pulmonology,resp-dyspnea-symptoms-1,symptoms,dyspnea,1,"dyspnea, SOB, breathlessness",respiratory
resp-dyspnea,Respiratory / Pulmonology,resp-dyspnea-symptoms-2,symptoms,onset documented,2,"onset, acute, gradual",respiratory
resp-dyspnea,Respiratory / Pulmonology,resp-dyspnea-symptoms-3,symptoms,duration and progression documented,3,"duration, progression",respiratory
resp-dyspnea,Respiratory / Pulmonology,resp-dyspnea-symptoms-4,symptoms,exertional relation documented,4,"exertional, MRC, activity",respiratory
resp-dyspnea,Respiratory / Pulmonology,resp-dyspnea-symptoms-5,symptoms,positional symptoms reviewed,5,"positional, orthopnea, PND",respiratory
resp-dyspnea,Respiratory / Pulmonology,resp-dyspnea-symptoms-6,symptoms,associated symptoms reviewed,6,"cough, wheeze, chest",respiratory
resp-dyspnea,Respiratory / Pulmonology,resp-dyspnea-symptoms-7,symptoms,nocturnal symptoms reviewed,7,"nocturnal, night",respiratory
resp-dyspnea,Respiratory / Pulmonology,resp-dyspnea-relevant_negatives-1,relevant_negatives,no chest pain reported,1,"chest, pain",respiratory
resp-dyspnea,Respiratory / Pulmonology,resp-dyspnea-relevant_negatives-2,relevant_negatives,no hemoptysis reported,2,"hemoptysis, blood",respiratory
resp-dyspnea,Respiratory / Pulmonology,resp-dyspnea-relevant_negatives-3,relevant_negatives,no fever reported,3,fever,respiratory
resp-dyspnea,Respiratory / Pulmonology,resp-dyspnea-relevant_negatives-4,relevant_negatives,no syncope reported,4,"syncope, faint",respiratory
resp-dyspnea,Respiratory / Pulmonology,resp-dyspnea-relevant_negatives-5,relevant_negatives,no ankle swelling reported if relevant,5,"ankle, oedema, edema",respiratory
resp-dyspnea,Respiratory / Pulmonology,resp-dyspnea-exam_findings-1,exam_findings,vitals documented if measured,1,"vitals, O2 sat, RR",respiratory
resp-dyspnea,Respiratory / Pulmonology,resp-dyspnea-exam_findings-2,exam_findings,chest auscultation documented if assessed,2,"auscultation, chest",respiratory
resp-dyspnea,Respiratory / Pulmonology,resp-dyspnea-exam_findings-3,exam_findings,wheeze or crackles documented if assessed,3,"wheeze, crackles, crepitations",respiratory
resp-dyspnea,Respiratory / Pulmonology,resp-dyspnea-exam_findings-4,exam_findings,air entry documented if assessed,4,"air, entry",respiratory
resp-dyspnea,Respiratory / Pulmonology,resp-dyspnea-exam_findings-5,exam_findings,oxygen saturation documented if measured,5,"oxygen, SpO2",respiratory
resp-dyspnea,Respiratory / Pulmonology,resp-dyspnea-exam_findings-6,exam_findings,respiratory rate documented if measured,6,"respiratory, rate",respiratory
resp-dyspnea,Respiratory / Pulmonology,resp-dyspnea-exam_findings-7,exam_findings,accessory muscle use documented if assessed,7,"accessory, muscles",respiratory
resp-dyspnea,Respiratory / Pulmonology,resp-dyspnea-exam_findings-8,exam_findings,peripheral oedema documented if assessed,8,"oedema, ankle, JVP",respiratory
resp-dyspnea,Respiratory / Pulmonology,resp-dyspnea-red_flags-1,red_flags,acute severe dyspnea,1,"acute, severe, respiratory distress","respiratory,high_safety"
resp-dyspnea,Respiratory / Pulmonology,resp-dyspnea-red_flags-2,red_flags,stridor,2,"stridor, upper airway","respiratory,high_safety"
resp-dyspnea,Respiratory / Pulmonology,resp-dyspnea-red_flags-3,red_flags,cyanosis,3,"cyanosis, blue","respiratory,high_safety"
resp-dyspnea,Respiratory / Pulmonology,resp-dyspnea-red_flags-4,red_flags,oxygen saturation below baseline,4,"low, oxygen, desaturation","respiratory,high_safety"
resp-dyspnea,Respiratory / Pulmonology,resp-dyspnea-red_flags-5,red_flags,signs of airway obstruction,5,"airway, obstruction","respiratory,high_safety"
resp-dyspnea,Respiratory / Pulmonology,resp-dyspnea-red_flags-6,red_flags,unilateral chest signs,6,"unilateral, pneumothorax, effusion","respiratory,high_safety"
resp-dyspnea,Respiratory / Pulmonology,resp-dyspnea-investigations-1,investigations,CXR reviewed if performed,1,"CXR, chest, X-ray",respiratory
resp-dyspnea,Respiratory / Pulmonology,resp-dyspnea-investigations-2,investigations,ECG reviewed if performed,2,"ECG, EKG",respiratory
resp-dyspnea,Respiratory / Pulmonology,resp-dyspnea-investigations-3,investigations,blood tests reviewed if ordered,3,"blood, labs, BNP",respiratory
resp-dyspnea,Respiratory / Pulmonology,resp-dyspnea-investigations-4,investigations,previous imaging reviewed if available,4,imaging,respiratory
resp-dyspnea,Respiratory / Pulmonology,resp-dyspnea-plan_phrases-1,plan_phrases,clinician-entered plan documented,1,"plan, management",respiratory
resp-dyspnea,Respiratory / Pulmonology,resp-dyspnea-plan_phrases-2,plan_phrases,safety-netting documented if discussed,2,"safety, netting",respiratory
resp-dyspnea,Respiratory / Pulmonology,resp-dyspnea-plan_phrases-3,plan_phrases,referral documented if clinician decided,3,"referral, respiratory, cardiology",respiratory
resp-dyspnea,Respiratory / Pulmonology,resp-dyspnea-plan_phrases-4,plan_phrases,follow-up documented if arranged,4,"follow, up",respiratory
resp-dyspnea,Respiratory / Pulmonology,resp-dyspnea-follow_up-1,follow_up,1-2 weeks,1,"one, two, weeks",respiratory
resp-dyspnea,Respiratory / Pulmonology,resp-dyspnea-follow_up-2,follow_up,2-4 weeks,2,"two, four, weeks",respiratory
resp-dyspnea,Respiratory / Pulmonology,resp-dyspnea-follow_up-3,follow_up,sooner if worsening,3,"sooner, worsening",respiratory
resp-dyspnea,Respiratory / Pulmonology,resp-dyspnea-follow_up-4,follow_up,PRN,4,"PRN, as needed",respiratory
resp-wheeze,Respiratory / Pulmonology,resp-wheeze-symptoms-1,symptoms,wheeze,1,"wheeze, whistling",respiratory
resp-wheeze,Respiratory / Pulmonology,resp-wheeze-symptoms-2,symptoms,onset documented,2,"onset, timing",respiratory
resp-wheeze,Respiratory / Pulmonology,resp-wheeze-symptoms-3,symptoms,frequency documented,3,"frequency, how often",respiratory
resp-wheeze,Respiratory / Pulmonology,resp-wheeze-symptoms-4,symptoms,triggers reviewed,4,"trigger, allergen, exercise",respiratory
resp-wheeze,Respiratory / Pulmonology,resp-wheeze-symptoms-5,symptoms,associated dyspnea reviewed,5,"dyspnea, SOB",respiratory
resp-wheeze,Respiratory / Pulmonology,resp-wheeze-symptoms-6,symptoms,nocturnal symptoms reviewed,6,"nocturnal, night",respiratory
resp-wheeze,Respiratory / Pulmonology,resp-wheeze-symptoms-7,symptoms,temporal pattern documented,7,"pattern, episodic, persistent",respiratory
resp-wheeze,Respiratory / Pulmonology,resp-wheeze-symptoms-8,symptoms,response to bronchodilator reviewed,8,"response, bronchodilator, inhaler",respiratory
resp-wheeze,Respiratory / Pulmonology,resp-wheeze-relevant_negatives-1,relevant_negatives,no stridor reported,1,"stridor, upper airway",respiratory
resp-wheeze,Respiratory / Pulmonology,resp-wheeze-relevant_negatives-2,relevant_negatives,no hemoptysis reported,2,"hemoptysis, blood",respiratory
resp-wheeze,Respiratory / Pulmonology,resp-wheeze-relevant_negatives-3,relevant_negatives,no chest pain reported,3,"chest, pain",respiratory
resp-wheeze,Respiratory / Pulmonology,resp-wheeze-relevant_negatives-4,relevant_negatives,no fever reported,4,fever,respiratory
resp-wheeze,Respiratory / Pulmonology,resp-wheeze-exam_findings-1,exam_findings,vitals documented if measured,1,"vitals, O2 sat",respiratory
resp-wheeze,Respiratory / Pulmonology,resp-wheeze-exam_findings-2,exam_findings,chest auscultation documented if assessed,2,"auscultation, chest",respiratory
resp-wheeze,Respiratory / Pulmonology,resp-wheeze-exam_findings-3,exam_findings,wheeze character documented if assessed,3,"expiratory, inspiratory",respiratory
resp-wheeze,Respiratory / Pulmonology,resp-wheeze-exam_findings-4,exam_findings,air entry documented if assessed,4,"air, entry",respiratory
resp-wheeze,Respiratory / Pulmonology,resp-wheeze-exam_findings-5,exam_findings,respiratory rate documented if measured,5,"respiratory, rate",respiratory
resp-wheeze,Respiratory / Pulmonology,resp-wheeze-exam_findings-6,exam_findings,oxygen saturation documented if measured,6,"oxygen, SpO2",respiratory
resp-wheeze,Respiratory / Pulmonology,resp-wheeze-exam_findings-7,exam_findings,peak flow documented if measured,7,"peak, flow, PEFR",respiratory
resp-wheeze,Respiratory / Pulmonology,resp-wheeze-investigations-1,investigations,CXR reviewed if performed,1,"CXR, chest",respiratory
resp-wheeze,Respiratory / Pulmonology,resp-wheeze-investigations-2,investigations,peak flow diary reviewed if available,2,"peak, flow, diary",respiratory
resp-wheeze,Respiratory / Pulmonology,resp-wheeze-investigations-3,investigations,spirometry reviewed if performed,3,"spirometry, PFT",respiratory
resp-wheeze,Respiratory / Pulmonology,resp-wheeze-plan_phrases-1,plan_phrases,clinician-entered plan documented,1,"plan, management",respiratory
resp-wheeze,Respiratory / Pulmonology,resp-wheeze-plan_phrases-2,plan_phrases,medication plan documented if clinician decided,2,"medication, inhaler",respiratory
resp-wheeze,Respiratory / Pulmonology,resp-wheeze-plan_phrases-3,plan_phrases,safety-netting documented if discussed,3,"safety, netting",respiratory
resp-wheeze,Respiratory / Pulmonology,resp-wheeze-plan_phrases-4,plan_phrases,referral documented if clinician decided,4,"referral, respiratory",respiratory
resp-wheeze,Respiratory / Pulmonology,resp-wheeze-follow_up-1,follow_up,1-2 weeks,1,"one, two, weeks",respiratory
resp-wheeze,Respiratory / Pulmonology,resp-wheeze-follow_up-2,follow_up,2-4 weeks,2,"two, four, weeks",respiratory
resp-wheeze,Respiratory / Pulmonology,resp-wheeze-follow_up-3,follow_up,sooner if worsening,3,"sooner, worsening",respiratory
resp-wheeze,Respiratory / Pulmonology,resp-wheeze-follow_up-4,follow_up,PRN,4,"PRN, as needed",respiratory
resp-pneumonia-followup,Respiratory / Pulmonology,resp-pneumonia-followup-symptoms-1,symptoms,pneumonia follow-up,1,"pneumonia, followup",respiratory
resp-pneumonia-followup,Respiratory / Pulmonology,resp-pneumonia-followup-symptoms-2,symptoms,cough reviewed,2,cough,respiratory
resp-pneumonia-followup,Respiratory / Pulmonology,resp-pneumonia-followup-symptoms-3,symptoms,sputum reviewed,3,"sputum, phlegm",respiratory
resp-pneumonia-followup,Respiratory / Pulmonology,resp-pneumonia-followup-symptoms-4,symptoms,fever reviewed,4,"fever, temperature",respiratory
resp-pneumonia-followup,Respiratory / Pulmonology,resp-pneumonia-followup-symptoms-5,symptoms,breathing reviewed,5,"breathing, SOB",respiratory
resp-pneumonia-followup,Respiratory / Pulmonology,resp-pneumonia-followup-symptoms-6,symptoms,chest pain reviewed,6,"chest, pain, pleuritic",respiratory
resp-pneumonia-followup,Respiratory / Pulmonology,resp-pneumonia-followup-symptoms-7,symptoms,energy level and function reviewed,7,"energy, functional",respiratory
resp-pneumonia-followup,Respiratory / Pulmonology,resp-pneumonia-followup-symptoms-8,symptoms,medication adherence discussed,8,"adherence, antibiotics",respiratory
resp-pneumonia-followup,Respiratory / Pulmonology,resp-pneumonia-followup-exam_findings-1,exam_findings,vitals documented if measured,1,"vitals, O2 sat, RR",respiratory
resp-pneumonia-followup,Respiratory / Pulmonology,resp-pneumonia-followup-exam_findings-2,exam_findings,chest auscultation documented if assessed,2,"auscultation, chest",respiratory
resp-pneumonia-followup,Respiratory / Pulmonology,resp-pneumonia-followup-exam_findings-3,exam_findings,respiratory rate documented if measured,3,"respiratory, rate",respiratory
resp-pneumonia-followup,Respiratory / Pulmonology,resp-pneumonia-followup-exam_findings-4,exam_findings,oxygen saturation documented if measured,4,"oxygen, SpO2",respiratory
resp-pneumonia-followup,Respiratory / Pulmonology,resp-pneumonia-followup-investigations-1,investigations,CXR reviewed if performed,1,"CXR, chest",respiratory
resp-pneumonia-followup,Respiratory / Pulmonology,resp-pneumonia-followup-investigations-2,investigations,blood tests reviewed if ordered,2,"blood, labs, CRP",respiratory
resp-pneumonia-followup,Respiratory / Pulmonology,resp-pneumonia-followup-investigations-3,investigations,discharge summary reviewed if available,3,"discharge, summary",respiratory
resp-pneumonia-followup,Respiratory / Pulmonology,resp-pneumonia-followup-plan_phrases-1,plan_phrases,clinician-entered plan documented,1,"plan, management",respiratory
resp-pneumonia-followup,Respiratory / Pulmonology,resp-pneumonia-followup-plan_phrases-2,plan_phrases,safety-netting documented if discussed,2,"safety, netting",respiratory
resp-pneumonia-followup,Respiratory / Pulmonology,resp-pneumonia-followup-plan_phrases-3,plan_phrases,follow-up imaging documented if clinician decided,3,"follow, up, CXR",respiratory
resp-pneumonia-followup,Respiratory / Pulmonology,resp-pneumonia-followup-plan_phrases-4,plan_phrases,referral documented if clinician decided,4,"referral, respiratory",respiratory
resp-pneumonia-followup,Respiratory / Pulmonology,resp-pneumonia-followup-follow_up-1,follow_up,follow-up documented if arranged,1,"follow, up",respiratory
resp-pneumonia-followup,Respiratory / Pulmonology,resp-pneumonia-followup-follow_up-2,follow_up,4-6 weeks,2,"four, six, weeks",respiratory
resp-pneumonia-followup,Respiratory / Pulmonology,resp-pneumonia-followup-follow_up-3,follow_up,6-8 weeks if CXR follow-up needed,3,"six, eight, weeks",respiratory
resp-pneumonia-followup,Respiratory / Pulmonology,resp-pneumonia-followup-follow_up-4,follow_up,sooner if not improving,4,"sooner, worsening",respiratory
resp-pneumonia-followup,Respiratory / Pulmonology,resp-pneumonia-followup-follow_up-5,follow_up,PRN,5,"PRN, as needed",respiratory
resp-sleep-apnea-symptoms,Respiratory / Pulmonology,resp-sleep-apnea-symptoms-symptoms-1,symptoms,sleep apnea symptoms,1,"sleep, apnea, OSA",respiratory
resp-sleep-apnea-symptoms,Respiratory / Pulmonology,resp-sleep-apnea-symptoms-symptoms-2,symptoms,snoring reviewed,2,snoring,respiratory
resp-sleep-apnea-symptoms,Respiratory / Pulmonology,resp-sleep-apnea-symptoms-symptoms-3,symptoms,witnessed apnoeas reviewed,3,"apnoea, apnea, witnessed",respiratory
resp-sleep-apnea-symptoms,Respiratory / Pulmonology,resp-sleep-apnea-symptoms-symptoms-4,symptoms,daytime sleepiness reviewed,4,"sleepiness, Epworth",respiratory
resp-sleep-apnea-symptoms,Respiratory / Pulmonology,resp-sleep-apnea-symptoms-symptoms-5,symptoms,morning headache reviewed,5,"morning, headache",respiratory
resp-sleep-apnea-symptoms,Respiratory / Pulmonology,resp-sleep-apnea-symptoms-symptoms-6,symptoms,nocturnal choking reviewed,6,"choking, gasping",respiratory
resp-sleep-apnea-symptoms,Respiratory / Pulmonology,resp-sleep-apnea-symptoms-symptoms-7,symptoms,nocturia reviewed if relevant,7,nocturia,respiratory
resp-sleep-apnea-symptoms,Respiratory / Pulmonology,resp-sleep-apnea-symptoms-symptoms-8,symptoms,fatigue and concentration reviewed,8,"fatigue, concentration",respiratory
resp-sleep-apnea-symptoms,Respiratory / Pulmonology,resp-sleep-apnea-symptoms-relevant_negatives-1,relevant_negatives,no witnessed apnoea reported if applicable,1,"apnoea, witnessed",respiratory
resp-sleep-apnea-symptoms,Respiratory / Pulmonology,resp-sleep-apnea-symptoms-relevant_negatives-2,relevant_negatives,no excessive daytime sleepiness reported if applicable,2,"sleepiness, daytime",respiratory
resp-sleep-apnea-symptoms,Respiratory / Pulmonology,resp-sleep-apnea-symptoms-relevant_negatives-3,relevant_negatives,no morning headache reported,3,"morning, headache",respiratory
resp-sleep-apnea-symptoms,Respiratory / Pulmonology,resp-sleep-apnea-symptoms-exam_findings-1,exam_findings,vitals documented if measured,1,"vitals, BP",respiratory
resp-sleep-apnea-symptoms,Respiratory / Pulmonology,resp-sleep-apnea-symptoms-exam_findings-2,exam_findings,BMI documented if measured,2,"BMI, weight",respiratory
resp-sleep-apnea-symptoms,Respiratory / Pulmonology,resp-sleep-apnea-symptoms-exam_findings-3,exam_findings,neck circumference documented if measured,3,"neck, collar size",respiratory
resp-sleep-apnea-symptoms,Respiratory / Pulmonology,resp-sleep-apnea-symptoms-exam_findings-4,exam_findings,oropharyngeal examination documented if assessed,4,"oropharyngeal, Mallampati",respiratory
resp-sleep-apnea-symptoms,Respiratory / Pulmonology,resp-sleep-apnea-symptoms-exam_findings-5,exam_findings,nasal examination documented if relevant,5,"nasal, obstruction",respiratory
resp-sleep-apnea-symptoms,Respiratory / Pulmonology,resp-sleep-apnea-symptoms-investigations-1,investigations,Epworth Sleepiness Scale score documented if assessed,1,"Epworth, ESS",respiratory
resp-sleep-apnea-symptoms,Respiratory / Pulmonology,resp-sleep-apnea-symptoms-investigations-2,investigations,sleep study report reviewed if available,2,"sleep, study, polysomnography",respiratory
resp-sleep-apnea-symptoms,Respiratory / Pulmonology,resp-sleep-apnea-symptoms-investigations-3,investigations,previous sleep clinic notes reviewed if available,3,"sleep, clinic",respiratory
resp-sleep-apnea-symptoms,Respiratory / Pulmonology,resp-sleep-apnea-symptoms-plan_phrases-1,plan_phrases,clinician-entered plan documented,1,"plan, management",respiratory
resp-sleep-apnea-symptoms,Respiratory / Pulmonology,resp-sleep-apnea-symptoms-plan_phrases-2,plan_phrases,lifestyle modification discussed if applicable,2,"lifestyle, weight",respiratory
resp-sleep-apnea-symptoms,Respiratory / Pulmonology,resp-sleep-apnea-symptoms-plan_phrases-3,plan_phrases,CPAP therapy discussed if applicable,3,"CPAP, machine",respiratory
resp-sleep-apnea-symptoms,Respiratory / Pulmonology,resp-sleep-apnea-symptoms-plan_phrases-4,plan_phrases,driving advice documented if clinician discussed,4,"driving, DVLA",respiratory
resp-sleep-apnea-symptoms,Respiratory / Pulmonology,resp-sleep-apnea-symptoms-plan_phrases-5,plan_phrases,referral documented if clinician decided,5,"referral, sleep, clinic",respiratory
resp-sleep-apnea-symptoms,Respiratory / Pulmonology,resp-sleep-apnea-symptoms-follow_up-1,follow_up,follow-up documented if arranged,1,"follow, up",respiratory
resp-sleep-apnea-symptoms,Respiratory / Pulmonology,resp-sleep-apnea-symptoms-follow_up-2,follow_up,3-6 months,2,"three, six, months",respiratory
resp-sleep-apnea-symptoms,Respiratory / Pulmonology,resp-sleep-apnea-symptoms-follow_up-3,follow_up,6-12 months if stable,3,"six, twelve",respiratory
resp-sleep-apnea-symptoms,Respiratory / Pulmonology,resp-sleep-apnea-symptoms-follow_up-4,follow_up,sooner if worsening,4,"sooner, worsening",respiratory
resp-sleep-apnea-symptoms,Respiratory / Pulmonology,resp-sleep-apnea-symptoms-follow_up-5,follow_up,PRN,5,"PRN, as needed",respiratory
resp-hemoptysis-documentation,Respiratory / Pulmonology,resp-hemoptysis-documentation-symptoms-1,symptoms,hemoptysis,1,"hemoptysis, blood, coughing blood",respiratory
resp-hemoptysis-documentation,Respiratory / Pulmonology,resp-hemoptysis-documentation-symptoms-2,symptoms,onset documented,2,"onset, timing",respiratory
resp-hemoptysis-documentation,Respiratory / Pulmonology,resp-hemoptysis-documentation-symptoms-3,symptoms,volume documented,3,"volume, amount, quantity",respiratory
resp-hemoptysis-documentation,Respiratory / Pulmonology,resp-hemoptysis-documentation-symptoms-4,symptoms,frequency documented,4,"frequency, how often",respiratory
resp-hemoptysis-documentation,Respiratory / Pulmonology,resp-hemoptysis-documentation-symptoms-5,symptoms,associated cough reviewed,5,cough,respiratory
resp-hemoptysis-documentation,Respiratory / Pulmonology,resp-hemoptysis-documentation-symptoms-6,symptoms,associated chest pain reviewed,6,"chest, pain",respiratory
resp-hemoptysis-documentation,Respiratory / Pulmonology,resp-hemoptysis-documentation-symptoms-7,symptoms,fever reviewed,7,fever,respiratory
resp-hemoptysis-documentation,Respiratory / Pulmonology,resp-hemoptysis-documentation-symptoms-8,symptoms,smoking history reviewed if relevant,8,smoking,respiratory
resp-hemoptysis-documentation,Respiratory / Pulmonology,resp-hemoptysis-documentation-symptoms-9,symptoms,anticoagulant use reviewed if relevant,9,"anticoagulant, warfarin, DOAC",respiratory
resp-hemoptysis-documentation,Respiratory / Pulmonology,resp-hemoptysis-documentation-relevant_negatives-1,relevant_negatives,no weight loss reported if relevant,1,"weight, loss",respiratory
resp-hemoptysis-documentation,Respiratory / Pulmonology,resp-hemoptysis-documentation-relevant_negatives-2,relevant_negatives,no fever or night sweats reported if applicable,2,"fever, sweats, TB",respiratory
resp-hemoptysis-documentation,Respiratory / Pulmonology,resp-hemoptysis-documentation-relevant_negatives-3,relevant_negatives,no chest trauma reported,3,trauma,respiratory
resp-hemoptysis-documentation,Respiratory / Pulmonology,resp-hemoptysis-documentation-exam_findings-1,exam_findings,vitals documented if measured,1,"vitals, BP, O2 sat",respiratory
resp-hemoptysis-documentation,Respiratory / Pulmonology,resp-hemoptysis-documentation-exam_findings-2,exam_findings,chest auscultation documented if assessed,2,"auscultation, chest",respiratory
resp-hemoptysis-documentation,Respiratory / Pulmonology,resp-hemoptysis-documentation-exam_findings-3,exam_findings,oropharynx documented if assessed,3,"oropharynx, throat",respiratory
resp-hemoptysis-documentation,Respiratory / Pulmonology,resp-hemoptysis-documentation-exam_findings-4,exam_findings,nasal examination documented if relevant,4,"nasal, epistaxis",respiratory
resp-hemoptysis-documentation,Respiratory / Pulmonology,resp-hemoptysis-documentation-red_flags-1,red_flags,hemoptysis red flags,1,"hemoptysis, red flags","respiratory,high_safety"
resp-hemoptysis-documentation,Respiratory / Pulmonology,resp-hemoptysis-documentation-red_flags-2,red_flags,massive hemoptysis,2,"massive, large volume","respiratory,high_safety"
resp-hemoptysis-documentation,Respiratory / Pulmonology,resp-hemoptysis-documentation-red_flags-3,red_flags,constitutional symptoms,3,"weight, loss, fever, night sweats","respiratory,high_safety"
resp-hemoptysis-documentation,Respiratory / Pulmonology,resp-hemoptysis-documentation-red_flags-4,red_flags,known malignancy risk,4,"malignancy, cancer, smoker","respiratory,high_safety"
resp-hemoptysis-documentation,Respiratory / Pulmonology,resp-hemoptysis-documentation-red_flags-5,red_flags,on anticoagulation,5,"anticoagulant, warfarin","respiratory,high_safety"
resp-hemoptysis-documentation,Respiratory / Pulmonology,resp-hemoptysis-documentation-investigations-1,investigations,CXR reviewed if performed,1,"CXR, chest, X-ray",respiratory
resp-hemoptysis-documentation,Respiratory / Pulmonology,resp-hemoptysis-documentation-investigations-2,investigations,CT chest reviewed if performed,2,"CT, chest",respiratory
resp-hemoptysis-documentation,Respiratory / Pulmonology,resp-hemoptysis-documentation-investigations-3,investigations,sputum studies reviewed if ordered,3,"sputum, culture, AFB",respiratory
resp-hemoptysis-documentation,Respiratory / Pulmonology,resp-hemoptysis-documentation-investigations-4,investigations,coagulation profile reviewed if ordered,4,"INR, coagulation",respiratory
resp-hemoptysis-documentation,Respiratory / Pulmonology,resp-hemoptysis-documentation-plan_phrases-1,plan_phrases,clinician-entered plan documented,1,"plan, management",respiratory
resp-hemoptysis-documentation,Respiratory / Pulmonology,resp-hemoptysis-documentation-plan_phrases-2,plan_phrases,safety-netting documented if discussed,2,"safety, netting",respiratory
resp-hemoptysis-documentation,Respiratory / Pulmonology,resp-hemoptysis-documentation-plan_phrases-3,plan_phrases,referral documented if clinician decided,3,"referral, respiratory",respiratory
resp-hemoptysis-documentation,Respiratory / Pulmonology,resp-hemoptysis-documentation-plan_phrases-4,plan_phrases,follow-up documented if arranged,4,"follow, up",respiratory
resp-hemoptysis-documentation,Respiratory / Pulmonology,resp-hemoptysis-documentation-follow_up-1,follow_up,2-4 weeks,1,"two, four, weeks",respiratory
resp-hemoptysis-documentation,Respiratory / Pulmonology,resp-hemoptysis-documentation-follow_up-2,follow_up,4-6 weeks,2,"four, six, weeks",respiratory
resp-hemoptysis-documentation,Respiratory / Pulmonology,resp-hemoptysis-documentation-follow_up-3,follow_up,sooner if worsening,3,"sooner, worsening",respiratory
resp-hemoptysis-documentation,Respiratory / Pulmonology,resp-hemoptysis-documentation-follow_up-4,follow_up,PRN,4,"PRN, as needed",respiratory
resp-smoking-history-note,Respiratory / Pulmonology,resp-smoking-history-note-symptoms-1,symptoms,smoking history note,1,"smoking, history",respiratory
resp-smoking-history-note,Respiratory / Pulmonology,resp-smoking-history-note-symptoms-2,symptoms,current smoking pattern documented,2,"current, former, never, pack years",respiratory
resp-smoking-history-note,Respiratory / Pulmonology,resp-smoking-history-note-symptoms-3,symptoms,pack years documented,3,"pack, years",respiratory
resp-smoking-history-note,Respiratory / Pulmonology,resp-smoking-history-note-symptoms-4,symptoms,age when started documented if relevant,4,"age, started",respiratory
resp-smoking-history-note,Respiratory / Pulmonology,resp-smoking-history-note-symptoms-5,symptoms,quit attempts reviewed if applicable,5,"quit, cessation, attempts",respiratory
resp-smoking-history-note,Respiratory / Pulmonology,resp-smoking-history-note-symptoms-6,symptoms,previous cessation methods reviewed,6,"cessation, NRT, varenicline",respiratory
resp-smoking-history-note,Respiratory / Pulmonology,resp-smoking-history-note-symptoms-7,symptoms,motivation to quit reviewed if applicable,7,"motivation, ready",respiratory
resp-smoking-history-note,Respiratory / Pulmonology,resp-smoking-history-note-symptoms-8,symptoms,passive smoke exposure reviewed if relevant,8,"passive, secondhand",respiratory
resp-smoking-history-note,Respiratory / Pulmonology,resp-smoking-history-note-exam_findings-1,exam_findings,vitals documented if measured,1,"vitals, BP",respiratory
resp-smoking-history-note,Respiratory / Pulmonology,resp-smoking-history-note-exam_findings-2,exam_findings,BMI documented if measured,2,"BMI, weight",respiratory
resp-smoking-history-note,Respiratory / Pulmonology,resp-smoking-history-note-exam_findings-3,exam_findings,chest auscultation documented if assessed,3,"auscultation, chest",respiratory
resp-smoking-history-note,Respiratory / Pulmonology,resp-smoking-history-note-exam_findings-4,exam_findings,peripheral signs documented if assessed,4,"peripheral, clubbing, cyanosis",respiratory
resp-smoking-history-note,Respiratory / Pulmonology,resp-smoking-history-note-plan_phrases-1,plan_phrases,clinician-entered plan documented,1,"plan, management",respiratory
resp-smoking-history-note,Respiratory / Pulmonology,resp-smoking-history-note-plan_phrases-2,plan_phrases,smoking cessation counselling documented if discussed,2,"cessation, counselling",respiratory
resp-smoking-history-note,Respiratory / Pulmonology,resp-smoking-history-note-plan_phrases-3,plan_phrases,NRT or pharmacotherapy plan documented if clinician decided,3,"NRT, patch, gum, varenicline",respiratory
resp-smoking-history-note,Respiratory / Pulmonology,resp-smoking-history-note-plan_phrases-4,plan_phrases,referral to smoking cessation service documented if clinician decided,4,"cessation, service",respiratory
resp-smoking-history-note,Respiratory / Pulmonology,resp-smoking-history-note-plan_phrases-5,plan_phrases,follow-up documented if arranged,5,"follow, up",respiratory
resp-smoking-history-note,Respiratory / Pulmonology,resp-smoking-history-note-follow_up-1,follow_up,2-4 weeks,1,"two, four, weeks",respiratory
resp-smoking-history-note,Respiratory / Pulmonology,resp-smoking-history-note-follow_up-2,follow_up,1-3 months,2,"one, three, months",respiratory
resp-smoking-history-note,Respiratory / Pulmonology,resp-smoking-history-note-follow_up-3,follow_up,sooner if needed,3,"sooner, needed",respiratory
resp-smoking-history-note,Respiratory / Pulmonology,resp-smoking-history-note-follow_up-4,follow_up,PRN,4,"PRN, as needed",respiratory
resp-pulmonary-function-review,Respiratory / Pulmonology,resp-pulmonary-function-review-symptoms-1,symptoms,pulmonary function review,1,"PFT, pulmonary, function",respiratory
resp-pulmonary-function-review,Respiratory / Pulmonology,resp-pulmonary-function-review-symptoms-2,symptoms,FEV1 reviewed,2,"FEV1, FVC",respiratory
resp-pulmonary-function-review,Respiratory / Pulmonology,resp-pulmonary-function-review-symptoms-3,symptoms,FVC reviewed,3,FVC,respiratory
resp-pulmonary-function-review,Respiratory / Pulmonology,resp-pulmonary-function-review-symptoms-4,symptoms,FEV1/FVC ratio reviewed,4,"FEV1, FVC, ratio",respiratory
resp-pulmonary-function-review,Respiratory / Pulmonology,resp-pulmonary-function-review-symptoms-5,symptoms,obstructive versus restrictive pattern documented,5,"obstructive, restrictive",respiratory
resp-pulmonary-function-review,Respiratory / Pulmonology,resp-pulmonary-function-review-symptoms-6,symptoms,bronchodilator response reviewed if performed,6,"bronchodilator, reversibility",respiratory
resp-pulmonary-function-review,Respiratory / Pulmonology,resp-pulmonary-function-review-symptoms-7,symptoms,DLCO reviewed if available,7,"DLCO, diffusion",respiratory
resp-pulmonary-function-review,Respiratory / Pulmonology,resp-pulmonary-function-review-symptoms-8,symptoms,previous PFT comparison documented if available,8,"previous, prior, trend",respiratory
resp-pulmonary-function-review,Respiratory / Pulmonology,resp-pulmonary-function-review-exam_findings-1,exam_findings,clinical correlation documented,1,"clinical, correlation",respiratory
resp-pulmonary-function-review,Respiratory / Pulmonology,resp-pulmonary-function-review-exam_findings-2,exam_findings,chest auscultation documented if assessed,2,auscultation,respiratory
resp-pulmonary-function-review,Respiratory / Pulmonology,resp-pulmonary-function-review-exam_findings-3,exam_findings,oxygen saturation documented if measured,3,"oxygen, SpO2",respiratory
resp-pulmonary-function-review,Respiratory / Pulmonology,resp-pulmonary-function-review-investigations-1,investigations,previous PFT reports reviewed if available,1,"previous, PFT",respiratory
resp-pulmonary-function-review,Respiratory / Pulmonology,resp-pulmonary-function-review-investigations-2,investigations,CXR reviewed if performed,2,"CXR, chest",respiratory
resp-pulmonary-function-review,Respiratory / Pulmonology,resp-pulmonary-function-review-investigations-3,investigations,CT chest reviewed if available,3,"CT, chest",respiratory
resp-pulmonary-function-review,Respiratory / Pulmonology,resp-pulmonary-function-review-investigations-4,investigations,blood gas reviewed if performed,4,"blood, gas, ABG",respiratory
resp-pulmonary-function-review,Respiratory / Pulmonology,resp-pulmonary-function-review-plan_phrases-1,plan_phrases,clinician-entered plan documented,1,"plan, management",respiratory
resp-pulmonary-function-review,Respiratory / Pulmonology,resp-pulmonary-function-review-plan_phrases-2,plan_phrases,medication plan documented if clinician decided,2,"medication, inhaler",respiratory
resp-pulmonary-function-review,Respiratory / Pulmonology,resp-pulmonary-function-review-plan_phrases-3,plan_phrases,referral documented if clinician decided,3,"referral, respiratory",respiratory
resp-pulmonary-function-review,Respiratory / Pulmonology,resp-pulmonary-function-review-plan_phrases-4,plan_phrases,follow-up documented if arranged,4,"follow, up",respiratory
resp-pulmonary-function-review,Respiratory / Pulmonology,resp-pulmonary-function-review-follow_up-1,follow_up,3-6 months,1,"three, six, months",respiratory
resp-pulmonary-function-review,Respiratory / Pulmonology,resp-pulmonary-function-review-follow_up-2,follow_up,6-12 months,2,"six, twelve, months",respiratory
resp-pulmonary-function-review,Respiratory / Pulmonology,resp-pulmonary-function-review-follow_up-3,follow_up,sooner if symptomatic change,3,"sooner, change",respiratory
resp-pulmonary-function-review,Respiratory / Pulmonology,resp-pulmonary-function-review-follow_up-4,follow_up,PRN,4,"PRN, as needed",respiratory
resp-pneumonia-followup,Respiratory / Pulmonology,resp-pneumonia-followup-symptoms-9,symptoms,appetite and hydration reviewed,9,"appetite, hydration",respiratory
resp-pneumonia-followup,Respiratory / Pulmonology,resp-pneumonia-followup-symptoms-10,symptoms,mobility reviewed if relevant,10,mobility,respiratory
resp-pneumonia-followup,Respiratory / Pulmonology,resp-pneumonia-followup-symptoms-11,symptoms,residual chest pain reviewed,11,"chest, pain, pleuritic",respiratory
resp-pneumonia-followup,Respiratory / Pulmonology,resp-pneumonia-followup-exam_findings-5,exam_findings,temperature documented if measured,5,"temperature, fever",respiratory
resp-pneumonia-followup,Respiratory / Pulmonology,resp-pneumonia-followup-exam_findings-6,exam_findings,chest percussion documented if assessed,6,"percussion, dullness",respiratory
resp-pneumonia-followup,Respiratory / Pulmonology,resp-pneumonia-followup-relevant_negatives-1,relevant_negatives,no hemoptysis reported,1,"hemoptysis, blood",respiratory
resp-pneumonia-followup,Respiratory / Pulmonology,resp-pneumonia-followup-relevant_negatives-2,relevant_negatives,no chest pain reported,2,"chest, pain",respiratory
resp-pneumonia-followup,Respiratory / Pulmonology,resp-pneumonia-followup-red_flags-1,red_flags,persistent or recurrent fever,1,"fever, recurrent",respiratory
resp-pneumonia-followup,Respiratory / Pulmonology,resp-pneumonia-followup-red_flags-2,red_flags,worsening dyspnea,2,"dyspnea, SOB",respiratory
resp-pneumonia-followup,Respiratory / Pulmonology,resp-pneumonia-followup-plan_phrases-5,plan_phrases,chest physiotherapy discussed if applicable,5,"physiotherapy, chest",respiratory
resp-pulmonary-function-review,Respiratory / Pulmonology,resp-pulmonary-function-review-symptoms-9,symptoms,clinical context documented,9,"clinical, context",respiratory
resp-pulmonary-function-review,Respiratory / Pulmonology,resp-pulmonary-function-review-symptoms-10,symptoms,symptom correlation with PFT documented,10,"symptom, correlation",respiratory
resp-pulmonary-function-review,Respiratory / Pulmonology,resp-pulmonary-function-review-symptoms-11,symptoms,TLC reviewed if available,11,"TLC, total lung capacity",respiratory
resp-pulmonary-function-review,Respiratory / Pulmonology,resp-pulmonary-function-review-exam_findings-4,exam_findings,vitals documented if measured,4,"vitals, O2 sat",respiratory
resp-pulmonary-function-review,Respiratory / Pulmonology,resp-pulmonary-function-review-exam_findings-5,exam_findings,respiratory rate documented if measured,5,"RR, respiratory",respiratory
resp-pulmonary-function-review,Respiratory / Pulmonology,resp-pulmonary-function-review-exam_findings-6,exam_findings,BMI documented if measured,6,"BMI, weight",respiratory
resp-pulmonary-function-review,Respiratory / Pulmonology,resp-pulmonary-function-review-relevant_negatives-1,relevant_negatives,no acute change in symptoms reported,1,"acute, change",respiratory
resp-pulmonary-function-review,Respiratory / Pulmonology,resp-pulmonary-function-review-investigations-5,investigations,6-minute walk test reviewed if performed,5,"six, minute, walk, 6MWT",respiratory
resp-pulmonary-function-review,Respiratory / Pulmonology,resp-pulmonary-function-review-plan_phrases-5,plan_phrases,PFT follow-up interval documented if clinician decided,5,"PFT, interval, follow",respiratory
resp-pulmonary-function-review,Respiratory / Pulmonology,resp-pulmonary-function-review-plan_phrases-6,plan_phrases,spirometry monitor plan documented if clinician decided,6,"spirometry, monitor",respiratory
resp-pulmonary-function-review,Respiratory / Pulmonology,resp-pulmonary-function-review-plan_phrases-7,plan_phrases,safety-netting documented if discussed,7,"safety, netting",respiratory
resp-smoking-history-note,Respiratory / Pulmonology,resp-smoking-history-note-symptoms-9,symptoms,type of tobacco use documented,9,"tobacco, cigarettes, shisha",respiratory
resp-smoking-history-note,Respiratory / Pulmonology,resp-smoking-history-note-symptoms-10,symptoms,amount used per day documented,10,"daily, per day, quantity",respiratory
resp-smoking-history-note,Respiratory / Pulmonology,resp-smoking-history-note-symptoms-11,symptoms,previous quit duration documented if applicable,11,"quit, duration",respiratory
resp-smoking-history-note,Respiratory / Pulmonology,resp-smoking-history-note-symptoms-12,symptoms,barriers to quitting reviewed if applicable,12,"barriers, difficulty",respiratory
resp-smoking-history-note,Respiratory / Pulmonology,resp-smoking-history-note-exam_findings-5,exam_findings,respiratory rate documented if measured,5,"RR, respiratory",respiratory
resp-smoking-history-note,Respiratory / Pulmonology,resp-smoking-history-note-exam_findings-6,exam_findings,oxygen saturation documented if measured,6,"oxygen, SpO2",respiratory
resp-smoking-history-note,Respiratory / Pulmonology,resp-smoking-history-note-exam_findings-7,exam_findings,oral examination documented if assessed,7,"oral, mouth, smoker",respiratory
resp-smoking-history-note,Respiratory / Pulmonology,resp-smoking-history-note-relevant_negatives-1,relevant_negatives,no cough reported if applicable,1,cough,respiratory
resp-smoking-history-note,Respiratory / Pulmonology,resp-smoking-history-note-relevant_negatives-2,relevant_negatives,no shortness of breath reported if applicable,2,"SOB, breathlessness",respiratory
resp-smoking-history-note,Respiratory / Pulmonology,resp-smoking-history-note-investigations-1,investigations,CO monitoring discussed if available,1,"CO, carbon monoxide",respiratory
resp-smoking-history-note,Respiratory / Pulmonology,resp-smoking-history-note-plan_phrases-6,plan_phrases,behavioural support discussed if applicable,6,"behavioural, support",respiratory
resp-smoking-history-note,Respiratory / Pulmonology,resp-smoking-history-note-plan_phrases-7,plan_phrases,nicotine replacement therapy plan documented if clinician decided,7,"NRT, nicotine, patch",respiratory
resp-smoking-history-note,Respiratory / Pulmonology,resp-smoking-history-note-plan_phrases-8,plan_phrases,relapse prevention discussed if applicable,8,"relapse, prevention",respiratory
resp-sleep-apnea-symptoms,Respiratory / Pulmonology,resp-sleep-apnea-symptoms-symptoms-9,symptoms,relationship to sleep position reviewed if relevant,9,"position, sleep",respiratory
resp-sleep-apnea-symptoms,Respiratory / Pulmonology,resp-sleep-apnea-symptoms-symptoms-10,symptoms,partner or bed partner report documented if available,10,"partner, witness",respiratory
resp-sleep-apnea-symptoms,Respiratory / Pulmonology,resp-sleep-apnea-symptoms-exam_findings-6,exam_findings,blood pressure documented if measured,6,"BP, blood, pressure",respiratory
resp-sleep-apnea-symptoms,Respiratory / Pulmonology,resp-sleep-apnea-symptoms-relevant_negatives-4,relevant_negatives,no nocturnal choking reported if applicable,4,"choking, gasping",respiratory
resp-sleep-apnea-symptoms,Respiratory / Pulmonology,resp-sleep-apnea-symptoms-investigations-4,investigations,home sleep study reviewed if performed,4,"home, sleep, study",respiratory
resp-sleep-apnea-symptoms,Respiratory / Pulmonology,resp-sleep-apnea-symptoms-plan_phrases-6,plan_phrases,weight management discussed if applicable,6,"weight, diet",respiratory
resp-wheeze,Respiratory / Pulmonology,resp-wheeze-symptoms-9,symptoms,vocal cord dysfunction considered if relevant,9,"vocal, cord, VCD",respiratory
resp-wheeze,Respiratory / Pulmonology,resp-wheeze-exam_findings-8,exam_findings,pulsus paradoxus documented if measured,8,"pulsus, paradoxus",respiratory
resp-wheeze,Respiratory / Pulmonology,resp-wheeze-relevant_negatives-6,relevant_negatives,no choking or foreign body sensation reported,6,"choking, foreign",respiratory
resp-wheeze,Respiratory / Pulmonology,resp-wheeze-plan_phrases-5,plan_phrases,symptom diary recommended if discussed,5,"diary, peak, flow",respiratory
resp-hemoptysis-documentation,Respiratory / Pulmonology,resp-hemoptysis-documentation-symptoms-10,symptoms,prior episodes reviewed if applicable,10,"prior, previous, recurrent",respiratory
resp-hemoptysis-documentation,Respiratory / Pulmonology,resp-hemoptysis-documentation-relevant_negatives-4,relevant_negatives,no anticoagulant or antiplatelet reported if relevant,4,"anticoagulant, antiplatelet",respiratory
resp-hemoptysis-documentation,Respiratory / Pulmonology,resp-hemoptysis-documentation-investigations-5,investigations,bronchoscopy report reviewed if performed,5,"bronchoscopy, scope",respiratory
resp-chronic-cough,Respiratory / Pulmonology,resp-chronic-cough-symptoms-10,symptoms,post-nasal drip symptoms reviewed if relevant,10,"postnasal, drip, PND",respiratory
resp-chronic-cough,Respiratory / Pulmonology,resp-chronic-cough-relevant_negatives-5,relevant_negatives,no dysphagia reported if applicable,5,"dysphagia, swallowing",respiratory
resp-asthma-followup,Respiratory / Pulmonology,resp-asthma-followup-symptoms-10,symptoms,occupational exposure reviewed if relevant,10,"occupational, work",respiratory
resp-asthma-followup,Respiratory / Pulmonology,resp-asthma-followup-exam_findings-9,exam_findings,chest expansion documented if assessed,9,"expansion, symmetry",respiratory
resp-copd-followup,Respiratory / Pulmonology,resp-copd-followup-symptoms-10,symptoms,impact on everyday activities reviewed,10,"daily, ADL, activities",respiratory
resp-copd-followup,Respiratory / Pulmonology,resp-copd-followup-relevant_negatives-5,relevant_negatives,no increase in sputum purulence reported if applicable,5,"sputum, purulence",respiratory
resp-dyspnea,Respiratory / Pulmonology,resp-dyspnea-symptoms-8,symptoms,functional impairment documented,8,"functional, MRC, dyspnea scale",respiratory
resp-dyspnea,Respiratory / Pulmonology,resp-dyspnea-exam_findings-9,exam_findings,tracheal position documented if assessed,9,"trachea, deviation",respiratory
